Subreddit,username,timestamp,comment_text,parent_id,toxicity,severe_toxicity,obscene,identity_attack,insult,threat,sexual_explicit,date
AsahiLinux,cAtloVeR9998,1637324110.0,"They do *technically* provide an [ARM64 binary](https://www.nvidia.com/en-gb/drivers/unix/linux-aarch64-archive/), but good luck getting that working for any non-validated platform.",t1_hl867xt,0.0004595097561832,1.5884082813499845e-06,3.758146704058163e-05,7.540947262896225e-05,9.909308573696762e-05,2.016766302403994e-05,1.6959347703959793e-05,2021-11-19 12:15:10+00:00
AsahiLinux,cAtloVeR9998,1637328306.0,"They claim it supports all supported Nvidia GPUs. Does not work on the Raspberry Pi, that's what I know.",t1_hl8xjbm,0.0003753315832,1.3742952660322771e-06,2.432259134366177e-05,7.758758874842897e-05,9.786721784621476e-05,1.7876940546557307e-05,1.2340045032033233e-05,2021-11-19 13:25:06+00:00
AsahiLinux,cAtloVeR9998,1647528532.0,Looks awesome :)Fellow South African here (though not in the country),t3_tg71fh,0.0054282792843878,3.891723281412851e-06,5.028834129916504e-05,0.0057934448122978,0.0006019024876877,4.32375272794161e-05,4.8082558350870386e-05,2022-03-17 14:48:52+00:00
AsahiLinux,cAtloVeR9998,1648502598.0,"I'm not able to help you, but I would recommend you ask on the IRC as you are more likely to get a response there",t3_tqho98,0.001030296087265,1.7773725176084554e-06,4.988626460544765e-05,9.24305568332784e-05,0.0001838353928178,4.233392246533185e-05,2.364353531447705e-05,2022-03-28 21:23:18+00:00
AsahiLinux,cAtloVeR9998,1648648272.0,"Electron and VScode have yet to be packaged for Arch Linux ARM. Though that is likely soon to change. Chromium (and therefore Electron) are not working on Apple Silicon yet, but a PR to support 16k page tables has been submitted, which hopefully will land in the next Electron version to be released soon. Ashai Linux will likely have a back port till the relevant changes all become mainline. However, till then, VScode is not supported.",t3_ts5qnh,0.0004143390106037,1.6857991340657463e-06,3.57318167516496e-05,6.889512587804347e-05,8.693883137311786e-05,1.6874537323019467e-05,1.545641862321645e-05,2022-03-30 13:51:12+00:00
AsahiLinux,cAtloVeR9998,1648681819.0,I hope LTT will review it (they probably will) but hopefully only once it's out of Alpha (and the GPU is reasonably supported) as to not leave a bad impression,t3_tscno4,0.000393568072468,1.4726371091455803e-06,2.8789554562536068e-05,6.584297807421535e-05,9.330701868748292e-05,2.0246188796591017e-05,1.4170509530231357e-05,2022-03-30 23:10:19+00:00
AsahiLinux,cAtloVeR9998,1649335785.0,"A lot of Linux applications are compiled for ARM so that won't be a large problem (especially compared with Windows on ARM). Yes most games won't work out of the box but there are plenty of emulation options. Box64 (and Box86), FEX, Hangover (Wine+QEMU User Mode+special saurce), QEMU User Mode emulation. All of the above mentioned are user mode emulators (so you are not emulating an entire system, which is a lot slower).Currently, too my knowledge, you can just install x86 Flatpak applications and it will ""just work"", using QEMU user mode. So you could, through that, install steam for example (or Lutris) and things should work. Though QEMU User Mode, while faster than full QEMU system emulation, is still slower than Box64 and FEX. Hopefully those above mentioned libraries can get some M1 specific optimizations (hopefully they will be able to run in 4k pages mode with a 16k kernel, like what macOS does with Rosetta 2)",t1_i3qdabf,0.0006192340515553,2.486982339178212e-06,6.428968481486663e-05,0.000103720507468,0.0001021773059619,1.9254579456173815e-05,3.8575701182708144e-05,2022-04-07 12:49:45+00:00
AsahiLinux,cAtloVeR9998,1649376368.0,"You can, but at this current moment, you will be limited to USB 2.0 speeds (480Mbps). However, USB 3 (and USB4/thunderbolt) are very much in the works. I was reading the IRC and one person has gotten USB 3 to jankily work. So it's a matter of time till that is polished up and upstreamed.The idea of using a Mac Mini as a linux server is a good one. With good performance, and high performance per watt, you won't be the first nor last to turn it into a server.",t3_tyoeop,0.0004806828510481,1.7582660802872851e-06,5.928125756327063e-05,5.669995880452916e-05,0.0001144180132541,1.8467761037754823e-05,2.1909776478423737e-05,2022-04-08 00:06:08+00:00
AsahiLinux,cAtloVeR9998,1649519173.0,"First you can install any ordinary ARM Linux distro in a VM within macOS.Apple Silicon Macs do not support booting external media. If you install macOS onto external media, it partitions your internal disk to add the required boot bits to your system.You can do the same with Asahi Linux. You can partition a relatively small partition that includes the Apple boot bits + m1n1. You need to select “m1n1+U-Boot+ESP” then you can setup Linux yourself (refer to Arch Wiki for details, though you will also need the Asahi repo. Arch Linux Arm and regular Arch Linux mostly differ, beyond architecture, in how they boot. As different ARM devices don’t follow the same standard with how they boot. But there is not much difference if you have a working UEFI that you can install GRUB in). Beyond that point you have free reign. You can have GRUB boot a system off USB or you could have the kernel stored locally and a (root) filesystem being mounted as directed by your fstab (and root= kernel parameter).",t3_tzuuir,0.0005649651866406,2.302800339748501e-06,5.3493931773118675e-05,9.054515976458788e-05,9.607795800548048e-05,2.36004198086448e-05,2.384410981903784e-05,2022-04-09 15:46:13+00:00
AsahiLinux,cAtloVeR9998,1650380739.0,"KVM won’t work between architectures. KVM dramatically as QEMU emulates the system while KVM executes instructions based on local device support (eg VT-x for Intel. Other names for other products). This allows efficient full system emulation. However it is not cross architecture. You will need QEMU to emulate CPU instructions itself. I’m not aware myself if KVM is supported on the M1 (I think it is) but I am aware from previous development livestreams that nested virtualisation (a VM in a VM, using KVM, is not supported)",t3_u76rum,0.0003973502025473,1.7703486037135008e-06,3.8023215893190354e-05,6.86677303747274e-05,8.529385377187282e-05,1.8791595721268095e-05,1.6861136828083545e-05,2022-04-19 15:05:39+00:00
AsahiLinux,cAtloVeR9998,1650381816.0,Then it _should_ work if Asahi supports KVM. Idk if it does.,t1_i5cppql,0.0007705171010456,2.5926899525074987e-06,8.30041608423926e-05,0.0001008130639092,0.0001066136246663,3.081166141782887e-05,2.7414482246967964e-05,2022-04-19 15:23:36+00:00
AsahiLinux,cAtloVeR9998,1650435182.0,"Nvidia must sign a driver in order to change the clockspeed. And the clockspeed set while booting is really slow. That very much effected nouveau development.Apple Silicon does not have such limiting limitations. A signed firmware blob is required, however, such firmware can be utilised under Linux to abstract away some device setup.",t3_u7llnz,0.0003846622712444,1.3883034171158215e-06,2.711428351176437e-05,7.657127571292222e-05,9.858817793428898e-05,1.8385888324701227e-05,1.3396000213106165e-05,2022-04-20 06:13:02+00:00
AsahiLinux,cAtloVeR9998,1650742097.0,Few manufacturers support a good equivalent to Intel GVT-G. Where the GPU can be easily shared with a guest VM.,t3_uac6vq,0.0003836078103631,1.3839423900208203e-06,2.6742414775071666e-05,7.765590999042615e-05,0.0001001899436232,1.9607428839663044e-05,1.3007153029320762e-05,2022-04-23 19:28:17+00:00
AsahiLinux,cAtloVeR9998,1651357902.0,Not yet supported. 4k kernels should soon be supported,t1_i6sjvb6,0.0004099555662833,1.475227577429905e-06,2.8257860321900807e-05,7.576302596135065e-05,9.963088814402e-05,2.137644696631469e-05,1.3194305211072788e-05,2022-04-30 22:31:42+00:00
AsahiLinux,cAtloVeR9998,1651716180.0,"Note that there is currently no easy way to do that. It’s very much possible if you know how to tinker though.You will need to select the option to only install m1n1 + uboot + efi on to your main drive. On the EFI partition, you will need to a bootloader (GRUB will probably work the best. Note that a “removable” install of GRUB is needed as there are no persistent efivars)From there you are able to boot an OS on a USB drive. If I was in the situation I would try modifying an Arch Linux ARM image with the Asahi repo and kernel. Note this is not the easiest thing todo, especially if you are not familiar with the relevant software.Note that no matter becomes supported in the installer, you need to modify the main SSD. An install will never be portable as you sign your install during installation which ties it to the machine.",t1_i7bbj4z,0.0004976108320988,1.6484399338878577e-06,4.117567004868761e-05,6.875152757856995e-05,0.0001110170560423,2.50140146818012e-05,1.835598231991753e-05,2022-05-05 02:03:00+00:00
AsahiLinux,cAtloVeR9998,1652644491.0,"1. I'm not 100% sure. Apple silicon Macs do not support booting from an external SSD, so someone would need to boot into an OS installation that is either signed by the machine owner (default macOS user) or is signed by Apple. I am not sure if you can get around this in recoveryOS though (reading the article you linked, I would recommend following their advice on locking down recoveryOS if you are concerned about that).2. It is secure as you need to authenticate to log in once powered on and booted into Linux.3. If someone would be able to dump your SSD, with the current default installation, they would have full access to all of your data as it is not encrypted. You can set up encryption yourself, though that does require more knowledge of how things work (until they add an easy way to do that in the installer as most current Linux distributions allow. If you want to acquire some of those skills, I would recommend tinkering around with Arch Linux on an x86 machine; as the Arch wiki is extremely well documented)",t3_uq9gcb,0.0005963194416835,2.2745093701814767e-06,5.249990863376297e-05,8.356453326996416e-05,9.418926492799072e-05,2.3817678084014915e-05,2.2243424609769136e-05,2022-05-15 19:54:51+00:00
AsahiLinux,cAtloVeR9998,1652645053.0,"Live USBs will never happen as macOS cannot boot via external media (outside of DFU flashing which has limited security implications).The thing is, you need to authenticate with one of the currently installed OSes to be able to mount a partition. The weak link here is recoveryOS, however, you can enable FileVault in macOS to add a log-in requirement to recoveryOS.Natrually that wouldn't prevent a sophisticated attacker from desoldering the NAND, dumping it's contents, and mounting your unencrypted partition. Though in the end of the day, [there are easier ways to get access to your data](https://xkcd.com/538/).",t1_i8po0zv,0.0004609410534612,1.473335146329191e-06,3.210269278497435e-05,7.418340828735381e-05,0.0001061937728081,1.9416904251556844e-05,1.4521415323542897e-05,2022-05-15 20:04:13+00:00
AsahiLinux,cAtloVeR9998,1652665951.0,Apple silicon has no support for booting off external media. Though if the SSD is corrupted (or even the SPI flash) you can still unbrick the machine with DFU recovery mode (similar is possible with iOS devices)You can install macOS to external media but the initial boot stages are stored on it’s own partition on the main storage.,t1_i8r3nq8,0.0004520451766438,1.460800717723032e-06,2.9222394005046223e-05,8.124312444124371e-05,0.0001024929952109,2.174502151319757e-05,1.4489018212771043e-05,2022-05-16 01:52:31+00:00
AsahiLinux,cAtloVeR9998,1652871198.0,Installing Asahi Linux does not break any seal. You can continue using macOS with the same default security state. The biggest risk is in resizing your macOS partition to make space for Asahi. The installer uses macOS’s built in diskutil to do the resizing. Though the software has been found to sometimes have some issues.,t3_us8byc,0.0003799861588049,1.3897565622755792e-06,2.66681508946931e-05,7.324603939196095e-05,9.73402347881347e-05,1.8302947864867747e-05,1.3253856195660774e-05,2022-05-18 10:53:18+00:00
AsahiLinux,cAtloVeR9998,1653127824.0,Internal speakers are currently disabled in source code. Till they verify that it is impossible for the driver to blow up the speakers.,t1_i9fiqyt,0.0007341235759668,1.999889718717895e-06,4.438490213942714e-05,9.494603727944197e-05,0.0001202150961034,5.437786239781417e-05,2.1603165805572644e-05,2022-05-21 10:10:24+00:00
AsahiLinux,cAtloVeR9998,1653128582.0,The headphone jack currently works (last I heard it can occasionally stop working though).Anything USB audio (with its own DAC) should just work. Bluetooth audio should just work with an external dongle (internal Bluetooth WIP),t1_i9fo2yq,0.0004301859880797,1.889833583845757e-06,4.08324231102597e-05,7.381392788374797e-05,9.091026004171e-05,2.425587990728673e-05,1.939541834872216e-05,2022-05-21 10:23:02+00:00
AsahiLinux,cAtloVeR9998,1653791573.0,"Not 100% sure. I have skimmed over the audio instructions and iirc, it is safe, after setting a value directly in ALSA (the linux kernel sound backed) it is safe. They have made a speaker calibrated for the 16” model.You can support development here: https://github.com/sponsors/povik",t1_iadqtcb,0.0003644741664174,1.4920237845217343e-06,3.051558451261371e-05,6.451396620832384e-05,9.31819959077984e-05,1.7830458091339096e-05,1.4479487617791165e-05,2022-05-29 02:32:53+00:00
AsahiLinux,cAtloVeR9998,1654387063.0,"It should(tm) work in future. Thunderbolt is not working (only USB 2 currently works from USB-C). Thunderbolt/USB 4 should work in future, with 32Gb PCIe bandwidth (aka equivalent to PCIe Gen 3 x4 lanes.)I’m not holding my breath as even when PCIe tunnelling is supported, the Pi GPU project has shown its non trivial to get GPU support. Even if theoretically it should work.",t3_v50xid,0.0003999570326413,1.540808739264321e-06,3.436817860347219e-05,6.83146427036263e-05,9.414490341441706e-05,1.8450755305821076e-05,1.4894865671521984e-05,2022-06-04 23:57:43+00:00
AsahiLinux,cAtloVeR9998,1654460035.0,"Are you saying that you foresee issues related to getting USB4 PCIe tunnelling working? (assuming, say, with a NIC that is already being deployed in ARM systems) or are you just referring to architecture specific issues in the GPU stack? (Like with the many architecture specific issues that has been faced when trying to get dGPU support on a Raspberry Pi Compute module)",t1_ib89fgv,0.0003959430614486,1.4050888239580672e-06,2.9907660064054653e-05,7.134617771953344e-05,0.0001002369535854,1.7758167814463377e-05,1.3702168871532194e-05,2022-06-05 20:13:55+00:00
AsahiLinux,cAtloVeR9998,1654736194.0,"I am not sure about snaps, but flatpak has official ARM support and many ARM packages already. It can run x86 flatpaks using QEMU Usermode emulation. From what I've heard, that should ""just work"" when installing a flatpak without an ARM version.",t3_v7tx6u,0.0004692785732913,1.7959754359253566e-06,3.788058165810071e-05,7.932019798317924e-05,8.999295823741704e-05,2.2033822460798547e-05,1.8911834558821283e-05,2022-06-09 00:56:34+00:00
AsahiLinux,cAtloVeR9998,1654736538.0,"The point of flatpak/snap is not only to provide a cross-platform distribution system, so that more distros have access to a given package. Flatpak and Snap also have additional benefits when it comes to security with containerization and permissions. So that an application does not enjoy the same privileges as a regular user. It's an additional plus as it makes it easier for developers to target your system as they have more control with what version of libraries they use.",t1_ibn2r5h,0.0004071036819368,1.3223277619545115e-06,2.8572110750246793e-05,7.031184213701636e-05,0.0001060449212673,1.6749079804867506e-05,1.369783149129944e-05,2022-06-09 01:02:18+00:00
AsahiLinux,cAtloVeR9998,1654917879.0,All depends on what features you need. 100% support is a very high target that won’t be achieved anywhere in the short to medium term.,t3_v9hthu,0.0004219095862936,1.4132746173345367e-06,2.8242398911970668e-05,7.003547216299921e-05,0.0001010679479804,1.9814651750493795e-05,1.499062818766106e-05,2022-06-11 03:24:39+00:00
AsahiLinux,cAtloVeR9998,1656880784.0,The worst thing that could happen is that diskutil (Apple’s first party terminal disk manager) finds corruption in your filesystem when the Asahi installer requests it to shrink your main partion. Everything other than that should be safe.,t3_vqpxod,0.0007407554658129,1.325925381934212e-06,3.472334719845094e-05,8.645783236715943e-05,0.0001721352455206,2.606235102575738e-05,1.9059540136368017e-05,2022-07-03 20:39:44+00:00
AsahiLinux,cAtloVeR9998,1657902414.0,"Run `sudo pacman -Syu` to update your system. Updates are not applied automatically. Asahi Linux is a rolling release distribution so updates are coming in all the time.Refer to [https://wiki.archlinux.org/title/Pacman](https://wiki.archlinux.org/title/Pacman) for further information. If any other interventions are needed, that will likely be communicated through the [official blog](https://asahilinux.org/blog/) (some firmware that might be needed for further hardware support on some devices (touchbar), which is usually copied over at install time is not being copied over currently. If anything needs to be done, I imagine that to be listed on the blog).The Asahi Linux reference distribution is based on the [Arch Linux ARM](https://archlinuxarm.org/) project (as modified as detailed [here](https://github.com/AsahiLinux/docs/wiki/Distro:Differences-from-Arch-Linux-ARM)). Which is the ARM port of [Arch Linux](https://archlinux.org/). In general, information about Arch Linux is grossly applicable to Asahi Linux (outside of a few x86-centric things); though please stick to official channels (this subreddit, the official IRC, etc) to get support (and not from Arch Linux specific channels)",t3_vzs48k,0.0004266218747943,1.6589749520790065e-06,4.8966558097163215e-05,6.659480277448893e-05,9.801852138480172e-05,1.871380300144665e-05,1.426776361768134e-05,2022-07-15 16:26:54+00:00
AsahiLinux,cAtloVeR9998,1657902546.0,Don't alienate people from the Linux sphere. We all started somewhere.,t1_iga2zhd,0.0005212004180066,1.243582232746121e-06,2.003166446229443e-05,0.0001275882532354,0.0001164938948932,2.1295198166626506e-05,1.2579947906488089e-05,2022-07-15 16:29:06+00:00
AsahiLinux,cAtloVeR9998,1657950556.0,"Follow your chosen Distribution's guidance when it comes to applying updates.For example, for Debian, follow their official guidance [here](https://git.zerfleddert.de/cgi-bin/gitweb.cgi/m1-debian/). In the future, Asahi will probably only deal with providing an installer rather their own Distro, once most features are supported and upstreamed. Allowing you to choose from distros like Fedora, Debian, Ubuntu, Pop\_OS!, Manjaro, Arch Linux ARM, etc... once their ARM builds support Apple silicon Macs.",t1_igallve,0.000383571605198,1.7026884506776696e-06,4.925570829072967e-05,6.911346281412989e-05,0.0001011758504319,1.599042116140481e-05,1.5089796761458274e-05,2022-07-16 05:49:16+00:00
AsahiLinux,cAtloVeR9998,1657950651.0,Yes? Some people just feel above for knowing more about something,t1_igatpq3,0.0004392897826619,1.2799828255083412e-06,2.4734201360843144e-05,8.043471461860463e-05,0.0001091550511773,1.8064494724967517e-05,1.4999322047515308e-05,2022-07-16 05:50:51+00:00
AsahiLinux,cAtloVeR9998,1658361945.0,"    sudo pacman -SyuAsahi Linux is based on [Arch Linux](https://archlinux.org/), read more about how pacman works [here](https://wiki.archlinux.org/title/pacman)",t3_w419rw,0.000382148544304,1.6050549902502098e-06,4.068561247549951e-05,6.74334223731421e-05,8.843217801768333e-05,1.7932707123691216e-05,1.3496018254954834e-05,2022-07-21 00:05:45+00:00
AsahiLinux,cAtloVeR9998,1660307533.0,"macOS uses standard GPT for its partition table. If you want a Swap partition, you will probably just need to shrink your Linux partition (follow Arch Linux wiki for relevant fs). Avoid touching the macOS partitions.",t3_wm84l7,0.000593643693719,2.6189525215158937e-06,4.914160672342405e-05,0.0001032298096106,7.942230149637908e-05,2.644601590873208e-05,2.4914475943660364e-05,2022-08-12 12:32:13+00:00
AsahiLinux,cAtloVeR9998,1661000137.0,What are you trying to run? I’d install a desktop environment and get that to handle the background Xorg stuff,t3_wt2ai9,0.0014211417874321,2.944018660855363e-06,0.0001069121281034,0.0001202094790642,0.000145047873957,4.962652747053653e-05,4.065044049639255e-05,2022-08-20 12:55:37+00:00
AsahiLinux,cAtloVeR9998,1662162540.0,"It would help, but this would still take time to implement. I don't think there would issues when it comes to licenses and the code that would get upstreamed from it.Though I highly doubt that would ever happen.",t3_x4f40f,0.0004116559284739,1.439235688849294e-06,2.7735695766750723e-05,7.085238758008927e-05,9.536706784274428e-05,2.0432005840120837e-05,1.3651900189870504e-05,2022-09-02 23:49:00+00:00
AsahiLinux,cAtloVeR9998,1663785358.0,"[Box64](https://github.com/ptitSeb/box64/blob/main/docs/COMPILE.md#for-m1) is currently your best bet. It is also possible to use qemu-user but that will have terrible performance. FEX will hopefully support 4k page emulation soon, as that is probably the long term best bet.",t1_ipcpvv8,0.0014443815452978,5.792996489617508e-06,0.0002168000064557,0.00015218705812,0.000142570308526,2.685224899323657e-05,0.0002132440858986,2022-09-21 18:35:58+00:00
AsahiLinux,cAtloVeR9998,1664234424.0,"Accelerated Video encoding/decoding is not yet supported. That means that playing back video/video calls will use more power as video is only being CPU encoded/decoded. GPU acceleration is not yet supported (Lina is putting a ton of work, and it will hopefully be usable by the end of this year to accelerate your desktop environment and browser; increasing battery life). The only other accelerator I can think of that is not supported is the ""Neural Engine"" for AI workloads. No one is working on it, so it will probably be a while before something like Tensorflow could take advantage of it (makes no matter if you don't use such software).From what I've heard, lid close detection has not been added yet (could be outdated information though). Proper sleep support depends on upstream changes to the kernel for full support (see Notes in the Feature Support page). Performance is currently only [slightly less](https://www.phoronix.com/review/apple-m1-linux-perf/2) than macOS; though my hunch is that they will reach performance parity eventually.",t3_xoqmbh,0.0003716285573318,1.348144678559038e-06,2.921341911132913e-05,6.116234726505354e-05,9.991954721044748e-05,1.6656136722303927e-05,1.3616767319035716e-05,2022-09-26 23:20:24+00:00
AsahiLinux,cAtloVeR9998,1664266257.0,"You will need x86 emulation will be needed for basically anything you wish to play (unless you are a Super Tux Kart enjoyer). The current fastest emulator that works on Asahi is Box64. Performance won’t be great currently as there is no GPU acceleration. But a lot of work is being currently done to add GPU support. OpenGL 2.0 support should hopefully land this year, which will allow the running of many oldish games. Full Vulkan support though is a ways off. Box64 is limited to only emulating 64 bit binaries, FEX will likely become the recommended emulator once it supports Apple silicon’s quirks.Parsec should run but Hardware accelerated decode is not supported, which might make the experience a bit suboptimal (you would have to try and find out though)",t1_iq20e1y,0.0004606296133715,1.7566320593687124e-06,4.159527088631876e-05,7.883743091952056e-05,9.218989725923166e-05,1.835754119383637e-05,1.881612661236431e-05,2022-09-27 08:10:57+00:00
AsahiLinux,cAtloVeR9998,1664380527.0,The Asahi reference distribution is based on [Arch Linux Arm](https://archlinuxarm.org/). See [this page](https://wiki.archlinux.org/title/Pacman/Rosetta) on Arch Linux's wiki for differences between the command line interface for package managers.,t3_xqg6vo,0.0004655067168641,2.555799483161536e-06,5.452897312352434e-05,8.375720062758774e-05,7.093811291269958e-05,2.2623949917033315e-05,2.3397431505145505e-05,2022-09-28 15:55:27+00:00
AsahiLinux,cAtloVeR9998,1664806579.0,I assume that the macOS limitation is mostly software. You shouldn’t be limited by codec as long as pipewire supports it,t3_xugvq7,0.0004835941072087,1.6320964277838357e-06,3.5882134397979826e-05,8.156792318914086e-05,9.793481149245054e-05,2.13915354834171e-05,1.6116233382490464e-05,2022-10-03 14:16:19+00:00
AsahiLinux,cAtloVeR9998,1665700001.0,"If there is any game server that you should be able to get running flawlessly, it is going to be a Minecraft server. Java isn't ""native"" to any platform, so things should ""just work"" without emulation.",t3_y34c2r,0.0005767502589151,2.1166197257116437e-06,4.917071419185959e-05,7.979085785336792e-05,8.974145021056756e-05,2.752151340246201e-05,2.451882028253749e-05,2022-10-13 22:26:41+00:00
AsahiLinux,cAtloVeR9998,1665700435.0,Does not support 16kb page table size emulation yet. It's on their roadmap and will hopefully be done this year.,t1_irqkbbq,0.0005370178259909,2.00266481442668e-06,3.7840145523659885e-05,9.150473488261925e-05,8.216545393224806e-05,2.3710212190053422e-05,2.1253568775136955e-05,2022-10-13 22:33:55+00:00
AsahiLinux,cAtloVeR9998,1665701097.0,"Box64 supports executing x86-64 binaries only. With no 32-bit code at all. Box86 supports both 64 and 32-bit binaries but requires 32-bit ARM libraries to be available. Apple Silicon has long ditched any and all support for 32-bit ARM. So Box86 will never run on Apple Silicon.I'm not personally very familiar with Box64, but I believe `Counted 32 Env var` means that it encountered 32-bit code. FEX has put a lot of time and effort into emulating 32-bit code. However, FEX has yet to support page table size emulation, which is required for emulation on Apple Silicon. It is on their roadmap for later this year. So hopefully support will be added soon.In the meantime, if you really need to get it working, I would investigate Qemu Userspace emulation. Though it is far from an ideal solution.",t3_xzwmsm,0.0006622239015996,3.5151297197444364e-06,8.027892909012735e-05,0.0001143219269579,9.920030424837024e-05,1.778380828909576e-05,7.767864735797048e-05,2022-10-13 22:44:57+00:00
AsahiLinux,cAtloVeR9998,1666544312.0,Just to add to what everyone else has said: ARM is phasing out all 32-bit support for all new designs (and it has been optional for some years). The Pixel Tablet / Pixel 7 will be the first (I think) Android devices with no 32-bit support. Apple stopped supporting 32-bit apps on iOS in 2017. The only new ARM IP that will still be 32-bit are microcontrollers.,t3_yb99pq,0.0004086180997546,1.4397256791198745e-06,3.287693834863603e-05,7.165914576034993e-05,0.0001020449781208,1.6792071619420312e-05,1.441951644665096e-05,2022-10-23 16:58:32+00:00
AsahiLinux,cAtloVeR9998,1666552656.0,"Please refer to [this page](https://github.com/AsahiLinux/docs/wiki/SW:Alternative-Distros) for alternative distributions. No distribution officially supports Apple Silicon Macs outside of the Asahi Linux reference distribution (no ""official"" aarch64 build will work as not every patch to the kernel is upstream. Nor is all the minimum patches required to get a desktop running). The linked page links to a community-maintained version of Ubuntu.",t3_ybkzkp,0.000394719914766,1.9542612790246494e-06,4.091688970220275e-05,6.731969187967479e-05,7.70664046285674e-05,1.820829311327543e-05,1.7015237972373143e-05,2022-10-23 19:17:36+00:00
AsahiLinux,cAtloVeR9998,1666708080.0,"If Apple unlocks the bootloader or if a jailbreak is found for whichever particular model you are using: the GPU work done by Asahi will likely help as Apple reuses IP between their chips a lot. This all assumes that people with kernel knowledge is willing to spend time on the platform, which is not a given.",t3_yd42zz,0.0004730521468445,1.535508772576577e-06,3.485499109956436e-05,7.247461326187477e-05,0.0001108803626266,1.8636810636962764e-05,1.6533378584426828e-05,2022-10-25 14:28:00+00:00
AsahiLinux,cAtloVeR9998,1666713328.0,"If the bootloader is officially unlocked, I’m pretty sure work will be dedicated to adding some support for it. But I don’t foresee Apple doing that.My comment is more directed to people who have gotten Linux booting on other iOS devices through a vulnerability. Those devices have pretty poor support in Linux. The work the Asahi team is doing could help them, however the focus is directed mainly to the Mac family. As those are the only devices with official dual-booting support.",t1_itqfpj6,0.0003980605106335,1.4380558468474192e-06,3.0926643376005813e-05,7.051422289805487e-05,0.0001016361347865,1.959141081897542e-05,1.3182029761082958e-05,2022-10-25 15:55:28+00:00
AsahiLinux,cAtloVeR9998,1667015998.0,"To my knowledge, ARM for Android devices uses 4k page tables. Apple Silicon uses 16k page tables. So without page table size emulation (which QEMU supports), you cannot run at least compiled Android apps. I am not that well-versed when it comes to peculiarities. But I think that if you are running something wholly based inside of a JVM, without compiled binaries that don't understand 16k page tables (it's possible to support both in one binary. YMMV) it should be possible to run ARM Android apps without having to use a true emulator. As Java applications don't need to care what page table size the host system is.",t3_yg80el,0.000679591204971,3.724063617482898e-06,7.516566256526858e-05,0.0001196340526803,7.281127182068303e-05,2.6756239094538618e-05,4.1761089960346e-05,2022-10-29 03:59:58+00:00
AsahiLinux,cAtloVeR9998,1667694887.0,"Setting up full disk encryption won't be the easiest thing to set up. It's very much possible, just not as easy as it could be. The Asahi Linux reference distribution will hopefully provide a one-click option to set up full disk encryption when you set up your installation. Full disk encryption is not really ""necessary"" as it is hard to access the physical storage chip. Apple Silicon only boots internal storage, so as all bootable OSes are locked down, it would be hard for an attacker to gain access to your data at rest. I would recommend you lock down recovery mode (enable FileVault in macOS. which adds a requirement for a username/password to get access to recoveryOS), and to set a secure password on Linux/macOS. Your data could still be read after logging in to macOS, or if an attacker would desolder your NAND chip. But I wouldn't worry about it.If you really want to set up full disk encryption though, I would recommend  reading into:[dm-crypt/Encrypting an entire system (Arch Linux)](https://wiki.archlinux.org/title/dm-crypt/Encrypting_an_entire_system)[Boot process (Asahi wiki)](https://github.com/AsahiLinux/docs/wiki/Distro:Boot-process-guide)[Step-by-step guide to set up LUKS on Asahi](https://github.com/b-crumb/asahi-luks-notes/blob/main/ASAHILUKS.md)Additionally, I would consult the [Arch Linux wiki](https://wiki.archlinux.org/) to learn about individual components (initd/LUKS/UEFI/etc...)",t3_yn97pt,0.0007720870780758,4.097976670891512e-06,8.905586582841352e-05,0.0001274834212381,9.172689897241072e-05,2.823501927196048e-05,3.9993072277866304e-05,2022-11-06 00:34:47+00:00
AsahiLinux,cAtloVeR9998,1667702692.0,"I didn't think of that. That will be solved once Trusted Boot is implemented. Though I wouldn't count on that issue being a priority soon (though according to the feature tracker, the Secure Enclave is now listed as WIP, so let's see what happens)",t1_iv86h83,0.0003845341561827,1.5319151316361967e-06,3.049202132388018e-05,6.787179154343903e-05,9.111820691032337e-05,1.9579250874812715e-05,1.4239163647289388e-05,2022-11-06 02:44:52+00:00
AsahiLinux,cAtloVeR9998,1668141145.0,"Asahi Linux is not Arch Linux ARM. Well, 99% the packages are the same, but things like kernel updates are handled by the Asahi team. So you may not get them at the same time as upstream Arch Linux ARM gets it.",t1_ivwnz96,0.000365137879271,1.3919001276008205e-06,2.6960506147588603e-05,7.428612298099324e-05,9.358245006296784e-05,1.6736676116124727e-05,1.2482122656365393e-05,2022-11-11 04:32:25+00:00
AsahiLinux,cAtloVeR9998,1668141660.0,Yes. You can download and compile the source from their GitHub page. Have patience. It’s not that important to have a new kernel version right after it’s marked as stable.,t1_ivwsw74,0.0004717739066109,1.996989112740266e-06,3.765260044019669e-05,8.152841473929584e-05,7.903313962742686e-05,2.2318366973195225e-05,2.0644634787458926e-05,2022-11-11 04:41:00+00:00
AsahiLinux,cAtloVeR9998,1668223018.0,"Details about the IRC channels are available [here](https://asahilinux.org/community/).Sven has been the main person working on it (some status updates on his [Twitter profile](https://twitter.com/svenpeter42))Best I can tell, Thunderbolt is still quite a ways off. But there is active development on everything USB-C.",t3_ysr59k,0.0003574206202756,1.4236188690119889e-06,3.170428681187332e-05,5.9888672694796696e-05,9.316315845353528e-05,1.5576571968267672e-05,1.3225320799392648e-05,2022-11-12 03:16:58+00:00
AsahiLinux,cAtloVeR9998,1668562047.0,"If anyone wants to contribute to this, it’s on the list. Hopefully added to the Asahi branch soon™️https://github.com/AsahiLinux/docs/wiki/Yaks-in-need-of-shaving",t3_ywajw2,0.0004351229581516,1.5410848845931469e-06,3.650877988548018e-05,6.58540302538313e-05,0.0001006753082037,1.8912085579358973e-05,1.5741736206109636e-05,2022-11-16 01:27:27+00:00
AsahiLinux,cAtloVeR9998,1668819808.0,"Edit: Don't use the asahi-dev branch unless you wish to break your systemTaking a look [here](https://de.mirror.asahilinux.org/aarch64/), it seems they package newer kernels in their dev branch. It appears that the asahi-dev repo is enabled by default (from what I can judge of the relevant [image builder script](https://github.com/AsahiLinux/asahi-alarm-builder/blob/main/scripts/base/00-pacman.sh)), but I would double check `/etc/pacman.conf` to be sure.Asahi uses Grub by default so you would likely need to review the relevant Arch Linux article [here](https://wiki.archlinux.org/title/GRUB#Generated_grub.cfg) to update your boot menu.",t1_iwx5dlt,0.000611052266322,2.915166533057345e-06,8.0344412708655e-05,0.0001034478846122,0.0001728103234199,2.712879177124705e-05,1.937888919201214e-05,2022-11-19 01:03:28+00:00
AsahiLinux,cAtloVeR9998,1668822068.0,Have you done a package update recently?If nothing else works (I do not recommend this as you won't get updates) but you can always download the package from the repo manually and do a `pacman -U &lt;file path&gt;` if you really want the package.But my hunch is that the \[asahi-dev\] is not enabled. So take a look at `/etc/pacman.conf`,t1_iwxb078,0.0006779319955967,2.34456251746451e-06,0.000101382334833,7.850194378988817e-05,0.0001173953714896,2.511385355319362e-05,2.2903401259100065e-05,2022-11-19 01:41:08+00:00
AsahiLinux,cAtloVeR9998,1668827433.0,Have you tried iwd?,t3_yyyg0y,0.015815919265151,2.129572931153234e-05,0.001736068748869,0.0007202203851193,0.000572380144149,0.000155331523274,0.00062888948014,2022-11-19 03:10:33+00:00
AsahiLinux,cAtloVeR9998,1669488920.0,Soon™,t1_ixvixc2,0.0007134773768484,9.980503818951547e-07,2.9462056772899817e-05,7.11403918103315e-05,0.0001943420793395,2.6545976652414535e-05,8.258542948169634e-06,2022-11-26 18:55:20+00:00
AsahiLinux,cAtloVeR9998,1670735946.0,"The Asahi installer currently does not setup a LUKS partition. LUKS is supported, though you will need to manually set it up. Probably the easiest way to do so is to do an Asahi minimal install, and use that to set-up to reinstall Asahi onto a LUKS partition (refer to the Arch Linux: Installation guide, guide on installing from an existing distro, and Full Disk encryption. You will probably have to install pacstrap and add the Asahi repo to your pacman.conf, and overwrite the efi entry) Though I’m not sure if that would leave you without the firmware blob that Asahi generates at install time; as I am not aware where that is installed. Currently Asahi is not set-up to redownload the firmware from Apple if it’s missing too my knowledge.Hopefully they make it easily user configurable to setup disk encryption likes over distros sometime. You may find scripts available that sets that all up for you though. But I’ve not looked into that much.",t3_zia9ec,0.0004214270156808,1.5773223367432363e-06,5.059991599409841e-05,6.63407554384321e-05,0.0001048076956067,1.9277822502772324e-05,1.3892535207560286e-05,2022-12-11 05:19:06+00:00
AsahiLinux,cAtloVeR9998,1670736306.0,"Steam will be a pain to install as it requires 32-bit binaries so it cannot be emulated on Box64. Fex-emu is currently not supported on Asahi till someone implements page size emulation. Qemu-user should be able to run Steam, but it by far the slowest emulator of the bunch. It would be an even greater pain getting the GPU to be passed through to an extent to be usable. I wouldn’t bother if I were you.",t3_zi5wrk,0.0059983683750033,4.3641489355650265e-06,0.000336877797963,0.0002497420355211,0.0005965544842183,9.429863712284714e-05,7.757382991258055e-05,2022-12-11 05:25:06+00:00
AsahiLinux,cAtloVeR9998,1670736985.0,"Note that Hardware Video Decode is not yet supported. You should be able to use obs-studio or ffmpeg to record or stream your desktop. Though I believe Lina was having some issues with OBS so YMMV. Most of your issues to me sound like issues with Wayland. I would look into streaming on Wayland for more pointers. I don’t get what you mean when you are referring to HDMI. If it’s an HDMI out on a USB-C dock, that won’t work till DP alt mode is supported. If it’s a USB capture card, that should work as long as there is Linux support. Firewire won’t work as that requires yet to be supported Thunderbolt.",t3_zh80d7,0.0004428024694789,1.5145442375796847e-06,3.666921838885173e-05,6.644300447078422e-05,0.0001042816293193,1.9014516510651447e-05,1.4988969269325024e-05,2022-12-11 05:36:25+00:00
AsahiLinux,cAtloVeR9998,1670770817.0,"The git package might work but it does not list ARM as being one of its supported architectures. Idk, I would hold off for now on trying to get it working. Lina plans to switch to streaming from Asahi sometime. When that happens, the path to get it working will likely be more developed.",t1_izrv2u3,0.0007173584890551,3.463584334895131e-06,8.544609590899199e-05,9.998169116443024e-05,9.064554615179075e-05,3.1305065931519493e-05,3.276432471466251e-05,2022-12-11 15:00:17+00:00
AsahiLinux,cAtloVeR9998,1671036421.0,"Apple Silicon Macs are 64-bit only, they lack a 32-bit mode on the silicon level. Other ARM devices may have a more mature GPU driver stack, with more of OpenGL and maybe even Vulkan support. Page table sizes differ: x86, most ARM SBCs and essentially all Android devices use 4k sized pages. While the ARM spec lists support for 4k, 16k, and 64k pages. In general, if you compile a program with a larger page size, it will work on a system with a smaller page size. Apple Silicon Macs use 16k pages primarily. So apps compiled with 4k pages will not work in 16k mode without emulation. The chip does support 4k pages (and there may be a release of Asahi based around 4k pages someday). The issue is that the Linux kernel does not allow different processes to have a different page table size (macOS does but in a very janky way), and will not without making a lot of core changes (page table size is treated as a constant). However you can still run 4k guests through KVM (standard way Linux accelerates VMs) on your 16k host.So if you want to run FEX-Emu (Linux’s fastest emulator capable of emulating both 64 and 32 bit apps needed for Wine), you will either have to wait for someone to implement page size emulation, or run a 4k ARM VM, install FEX-Emu on that, Wine on that, and Steam on that. And figure out how to pass GPU acceleration to all that. I wish you luck if you want to pursue that.",t1_j07c7he,0.0009295199997723,4.960718797519803e-06,0.0001304780889768,0.0001313238753937,9.25093045225367e-05,3.088061203015968e-05,6.282703543547541e-05,2022-12-14 16:47:01+00:00
AsahiLinux,cAtloVeR9998,1671197288.0,"Bluetooth Audio is supported in the main Asahi Linux kernel. It is set to be included upstream with kernel 6.2. I’m not sure if coexistence is fixed yet (I think so but am not 100% sure. Martin did a stream fixing Broadcom issues) but AAC is less effected (than the higher bandwidth LDAC, which AirPods don’t anyway support). The coexistence issue was degraded performance when using both Bluetooth + 2.4Ghz WiFi at the same time, which may not affect you. Aka, it should just work fine.",t3_zne1uu,0.0003681957605294,1.5472553513973253e-06,3.239231955376454e-05,7.047496183076873e-05,9.21385726542212e-05,1.7213160390383564e-05,1.4131131138128694e-05,2022-12-16 13:28:08+00:00
AsahiLinux,cAtloVeR9998,1671350956.0,"It’s easy to run a generic ARM Linux install under macOS. Asahi’s patches are not needed.I’m not sure how difficult it would be to virtualise macOS under Linux. It would be extremely difficult to emulate the whole system. However, too my knowledge, macOS running inside a VM on macOS targets a generic ARM64 image. It should be possible to run generic ARM64 images in a VM on Linux (with acceleration). However I have not found much information online about if it were possible.",t3_zos5q2,0.0003605597885325,1.411161520081805e-06,2.765471799648367e-05,6.887870404170826e-05,9.243602835340424e-05,1.635324770177249e-05,1.3617208423966076e-05,2022-12-18 08:09:16+00:00
AsahiLinux,cAtloVeR9998,1671354344.0,I don’t understand what you are trying to do. Are you wanting to install Linux natively on your Mac or are you trying to run Linux in a macOS container?,t1_j0ow7hr,0.0008427692227996,1.4477624290520907e-06,4.296198676456697e-05,8.059687388595194e-05,0.0001780996972229,2.7729347493732348e-05,1.6748857888160273e-05,2022-12-18 09:05:44+00:00
AsahiLinux,cAtloVeR9998,1671706683.0,"Take a look in your `/etc/ssh/sshd_config`, Look for `PasswordAuthentication`, uncomment it, and set it to `no`. Ensure that your keys are copied over correctly as this will break any password-based authentication to your server.Dual-boot should make no difference.",t1_j17qk7l,0.0005026588332839,1.4843313920209766e-06,3.278335861978121e-05,8.038127270992845e-05,0.000110925095214,2.2819225705461577e-05,1.580226125952322e-05,2022-12-22 10:58:03+00:00
AsahiLinux,cAtloVeR9998,1671833182.0,Hijacking this post to ask those more familiar with Qemu. So you can run Qemu/KVM on Asahi emulating either a 4k or 16k system. What would be the toggle for setting that?,t3_ztr9cs,0.0005395974148996,1.956049345608335e-06,5.139597124070861e-05,7.876694144215435e-05,0.0001052426378009,2.4623446734040044e-05,2.1235779058770277e-05,2022-12-23 22:06:22+00:00
AsahiLinux,cAtloVeR9998,1671864078.0,So is it possible to run a 4k guest with Qemu/KVM with a 16k kernel? Or does the same limitation apply as with regular processes?,t1_j1gk9sd,0.0004476259637158,1.6578077293161186e-06,3.678644497995265e-05,7.9477766121272e-05,9.59958924795501e-05,2.0466621208470315e-05,1.580913522047922e-05,2022-12-24 06:41:18+00:00
AsahiLinux,cAtloVeR9998,1672055338.0,"Give `sudo systemctl enable gdm` a try. If it’s not found, make sure gdm is installed. If that doesn’t work, refer to the Gnome page on the Arch Wiki. After enabling GDM, reboot your system. If all of the above doesn’t work, research into Desktop Managers on the Arch Wiki.Having a shell is a good starting point to build upon.",t3_zvjqjx,0.0008050761534832,4.322038876125589e-06,9.923672769218685e-05,0.000114972834126,7.987216667970642e-05,3.4775177482515574e-05,4.354509655968286e-05,2022-12-26 11:48:58+00:00
AsahiLinux,cAtloVeR9998,1672073586.0,"1. It may be isolated, but any operating system you install does share the same NVMe drive. So unless you have encryption set up on Linux, it may be possible to access files from other partitions from macOS. Any operating system managing will be able to delete any partition on the NVMe drive.2. No, deleting files/partitions do not delete the underlying data. Only marking it as free. A tool like testdisk can be used to undelete deleted data. Use something like dd that is able to overwrite the partitions with zeros (or random bits if you prefer) or other specialized tools to make sure data is wiped if that is your goal.3. Asahi is safe to use but that relies on trust. You implicitly trust the Asahi team and the Arch Linux ARM team. Along with the maintainers of whichever package you use. Many things do pass over multiple eyes, but there is no such thing as perfect security.",t3_zvoanc,0.0004286014882382,1.5280133993655909e-06,3.3460706617916e-05,6.61579251755029e-05,9.704310650704429e-05,1.791966315067839e-05,1.5991763575584628e-05,2022-12-26 16:53:06+00:00
AsahiLinux,cAtloVeR9998,1672094818.0,"macOS is encrypted by default. But if something gains root on Linux, it could delete things. I personally wouldn’t worry about it though if your threat model involves torrent security. Most money and time is set on exploiting mire widely used systems.",t1_j1r7o8w,0.0004617513041011,1.5827047263883287e-06,3.286934952484444e-05,7.862930942792445e-05,9.831255010794848e-05,2.1088819266879e-05,1.612284358998295e-05,2022-12-26 22:46:58+00:00
AsahiLinux,cAtloVeR9998,1672265410.0,Webcord should work. They officially support ARM and their main AUR package is arch=('any'),t3_zxk8ap,0.0004418099706526,1.4871710618535872e-06,3.175155143253505e-05,7.537511555710807e-05,0.0001037661131704,1.994574995478615e-05,1.4552385437127668e-05,2022-12-28 22:10:10+00:00
AsahiLinux,cAtloVeR9998,1672310000.0,https://github.com/FEX-Emu/FEXQEMU User _could_ also be used. But it’s too slow to be usable for anything but very old games.,t1_j23bz2f,0.1638408154249191,0.000208358556847,0.0091985119506716,0.009671869687736,0.0041111414320766,0.0002090570342261,0.1330096870660781,2022-12-29 10:33:20+00:00
AsahiLinux,cAtloVeR9998,1672402581.0,I don’t think that will be that easy to do. As macOS lacks filesystem drivers for many popular Linux filesystems. It should be able to resize the GPT partition (use the cli diskutil and not the GUI) however it will not be able to resize the underlying filesystem (shrinking a partition to be smaller than the underlying filesystem will naturally encore data loss),t3_zyyco6,0.0003815759264398,1.381018137180945e-06,2.8217978979228064e-05,7.448317774105817e-05,9.81046468950808e-05,1.783775405783672e-05,1.3134020264260473e-05,2022-12-30 12:16:21+00:00
AsahiLinux,cAtloVeR9998,1672429565.0,"Depending on how old it is, [Hangover](https://github.com/AndreRH/hangover) (QEMU User + Wine with some optimizations) might work. They only advertise running games from the early 2000s at playable speeds (though on older hardware). Note, I've not read any reports of people trying to get this working on Asahi. And it's a bit involved to set up. Running anything other than 4k hosts seems untested (Asahi uses 16k). Your mileage may vary (vanilla QEMU user might be easier to set up)",t1_j28rm9a,0.000603936961852,2.251349087600829e-06,5.520597187569365e-05,9.637249604566024e-05,9.322181722382084e-05,2.3930193492560647e-05,2.372244853177108e-05,2022-12-30 19:46:05+00:00
AsahiLinux,cAtloVeR9998,1672432524.0,"Like the wiki says, the answer is: ""Now"", ""Soon"", and ""Never"".Linux will never support 100% of what macOS does. Like Metal (Apple's graphics API) will never be supported (because OpenGL and Vulkan exist so there is absolutely no point in adding support for an API that Linux does not use). Also, there are some features (like the Apple Neural Engine) that normal people don't care at all about; so if they are supported or not may not matter to you.Currently: Microphones, Webcam, Fingerprint, and Thunderbolt are not supported (with GPU and speaker drivers joining the Asahi release soon). These IMO are the main missing features that ""normal"" users will notice. If those missing features don't bother you, Asahi could be plenty usable for your use case.",t3_zz92fg,0.0006129801040515,2.5069159619306447e-06,5.151978257345036e-05,9.9635923106689e-05,8.344414527527988e-05,2.3648790374863893e-05,2.4058999770204537e-05,2022-12-30 20:35:24+00:00
AsahiLinux,cAtloVeR9998,1672438689.0,"Independent of the GPU. It’s working on the Mini and Studio but external displays are not yet working on laptops (/Thunderbolt and DP alt mode displays. HDMI on laptops not yet work). I am not on the dev team, but my two cents is that it may be added in the next 6-12 months as it’s been actively worked on.",t1_j2amsgt,0.0003838163102045,1.5635929457857856e-06,3.431185177760199e-05,6.414393283193931e-05,8.902300760382786e-05,1.7816961189964786e-05,1.571734537719749e-05,2022-12-30 22:18:09+00:00
AsahiLinux,cAtloVeR9998,1672880578.0,"I would personally caution against trying alternative distros for the time being. You can do it but you will likely have a harder time as not all the work from the Asahi project will become available at the same time for the alternative projects. Not all the work of the project is distributed via kernel packages. Asahi does not ship with a UEFI interactive shell. Your bootloader/kernel needs to be placed at `\EFI\BOOT\BOOTAA64.efi` on your esp in order for the UEFI to find it. Though that should all be handled by the distro maintainer. If you really want to run Pop!\_OS, I would ask for specific Asahi instruction on their [ARM page](https://github.com/pop-os/pop-arm64/) (which does appear to have Asahi specific scripts)",t3_103g6n5,0.0004709031491074,1.4042183238416328e-06,3.5575551009969786e-05,7.011840352788568e-05,0.0001169182287412,1.784244886948727e-05,1.513528150098864e-05,2023-01-05 01:02:58+00:00
AsahiLinux,cAtloVeR9998,1673094350.0,"GPU drivers are not enabled by default. You need to switch to the edge branch. If the GPU is listed as llvmpipe in Minecraft, then it is being software rendered. I believe that Prism Launcher is being distributed as a native binary on Flathub. But Flatpak is too my knowledge configured to use QEMU User emulation to run non-native Flatpaks (which I don’t believe is the case here, but is something to watch out for)Note: even though some people have gotten the latest Minecraft working fine, for the longest time Minecraft only required OpenGL 2.0. But in recent releases they are listing the latest version of OpenGL as a requirement. So your mileage may vary with newer versions.",t3_105mbgo,0.0003916476853191,1.334534090347006e-06,2.7658015824272297e-05,7.498839840991423e-05,9.959583258023486e-05,1.7194735846715048e-05,1.27555504150223e-05,2023-01-07 12:25:50+00:00
AsahiLinux,cAtloVeR9998,1673103812.0,Then I cannot provide much more help. However my hunch is that you might need to add an OpenGL version overide somewhere. I should try myself sometime.,t1_j3bxtfg,0.0010838778689503,2.435860324112582e-06,8.493738278048113e-05,8.115477976389229e-05,0.0001558704097988,4.578193329507485e-05,3.3041826100088656e-05,2023-01-07 15:03:32+00:00
AsahiLinux,cAtloVeR9998,1673490434.0,"Virtual Box on Linux usually uses its own kernel module to accelerate VMs. That won't work with box64.Box64's main target is games. It might have similar limitations that FEX has (where they explicitly say that due to their design, they will only be doing user space emulation)",t3_109bbzo,0.0008499317336827,4.122687641938683e-06,8.874644117895514e-05,0.0001613532076589,9.419366688234732e-05,1.946367774507962e-05,0.0001167938753496,2023-01-12 02:27:14+00:00
AsahiLinux,cAtloVeR9998,1674085380.0,"Yes and no.No, you cannot only boot off external media without writing anything to the internal drive.Yes, if you do the minimal m1n1 + U-boot + ESP, then put your bootloader onto the ESP. That bootloader will be able to boot a Linux install on external media. Technically you only need m1n1 + U-boot to boot Linux from external media so you could have the ESP on external media as well.I can imagine that a far future version of the Ashai install may be able to set that up for you. You can set that up now, you just need to be able to deal with the weeds a bit. I'd look at the Arch Linux wiki for guidance on setting up your bootloader/ESP (though keep in mind the Asahi Linux's quirks if you go down that route. Like the .efi naming limitations and that you preferably would want to move an existing Asahi install to external media. Updating your fstab and bootloader not to break)",t3_10fek3e,0.0014105446171015,3.584222895369749e-06,0.0001228374021593,0.0001330874802079,0.0001523120590718,5.14903586008586e-05,4.6725032007088885e-05,2023-01-18 23:43:00+00:00
AsahiLinux,cAtloVeR9998,1674085657.0,I frankly don’t know if that would do anything or break everything. But I wouldn’t want macOS to touch any Linux partitions if I were you.,t3_10fja2j,0.0038056815974414,3.7285694816091568e-06,0.0001835787697928,0.0001811014662962,0.0004142248944845,0.0002284363290527,7.212148193502799e-05,2023-01-18 23:47:37+00:00
AsahiLinux,cAtloVeR9998,1674229187.0,It is explicitly allowed by the EULA. Apple could always DFU wipe the internal storage if something software wise breaks. (You can DFU wipe things yourself from any other laptop or Android phone),t3_10gz2as,0.0007289400673471,2.372434664721368e-06,5.619251896860078e-05,8.526922465534881e-05,0.0001052341103786,3.43986066582147e-05,3.242062666686252e-05,2023-01-20 15:39:47+00:00
AsahiLinux,cAtloVeR9998,1674644152.0,Will likely never be added for legal reasons. Requires a 4k kernel so you would need to install it from within a VM (unless the Asahi project would release a 4k kernel. Or in the unlikely scenario that Linux gets support for running processes with different page sizes).,t3_10ku8mz,0.0005695128347724,2.498228695912985e-06,4.946607077727094e-05,9.857492113951594e-05,7.50968829379417e-05,2.7443229555501603e-05,2.541167486924678e-05,2023-01-25 10:55:52+00:00
AsahiLinux,cAtloVeR9998,1675122044.0,The wiki has some pointers. Including a list of tasks that people can contribute to,t3_10pant6,0.0008798564085736,4.303875357436482e-06,7.920568896224722e-05,0.0001394319697283,7.353445107582957e-05,3.550803376128897e-05,4.4775126298191026e-05,2023-01-30 23:40:44+00:00
AsahiLinux,cAtloVeR9998,1675425183.0,"Every OS installed has to have its bootloader signed which can only be done in RecoveryOS. So it will never be possible to just dd an image somewhere and call it a day. A ton of work is being put into upstreaming the Apple specific patches, but it’s still not possible to boot a purely upstream kernel. Though I do hope the Asahi project does release an easier way to set-up Asahi on external media (still requires the first stage bootloader to be signed and on internal SSD)",t3_10shhsi,0.0003877974522765,1.5357738902821438e-06,3.309881503810175e-05,6.731558823958039e-05,9.38146622502245e-05,1.882626929727849e-05,1.4436111086979508e-05,2023-02-03 11:53:03+00:00
AsahiLinux,cAtloVeR9998,1675431007.0,m1n1 that loads u-boot must be signed. The rest of the boot process doesn’t have to be,t1_j71q60p,0.0009282018290832,3.0390622214326868e-06,8.695525320945308e-05,9.76751616690308e-05,0.0001152558179455,5.7233748520957306e-05,4.004191941930912e-05,2023-02-03 13:30:07+00:00
AsahiLinux,cAtloVeR9998,1675543048.0,"Just because a CPU has linux support, doesn’t mean everything about a device will work",t3_10topkn,0.0003700153029058,1.4135523542790909e-06,2.4856048185029067e-05,7.691274367971346e-05,9.453118400415406e-05,1.8952203390654176e-05,1.3611910617328247e-05,2023-02-04 20:37:28+00:00
AsahiLinux,cAtloVeR9998,1675567075.0,"The Magic mouse is a Bluetooth device that is well-supported by Linux. However, you still need to pair it as you would need to for any other Bluetooth device. Devices paired with macOS will need to be paired again to work on Asahi (applies across any two installations)",t3_10tye81,0.0003718945372384,1.5469470326934245e-06,2.9414164600893855e-05,6.942213076399639e-05,9.133037383435294e-05,2.200712879130151e-05,1.4491035472019576e-05,2023-02-05 03:17:55+00:00
AsahiLinux,cAtloVeR9998,1675568069.0,"You will need to set it to pairing mode first. Though it should be in that mode already ([instructions](https://apple.stackexchange.com/questions/21318/how-to-set-already-paired-bluetooth-devices-again-into-discovery-mode) if it's still not appearing)I cannot provide detailed instructions on Bluetooth pairing with only the keyboard as I rarely use KDE (the desktop Asahi uses by default). I'd suggest that, if you manage to get to the desktop with just your keyboard, you can use the Super Key (what Linux calls the Windows key. Or the ""Command"" key on Mac) to open the Application menu. Search for settings. You should be able to navigate there with the arrow keys to find the Bluetooth menu and select and pair your device.",t1_j79mjst,0.0003882454184349,1.4079098491492914e-06,2.8947635655640624e-05,6.530439713969827e-05,0.0001021243151626,1.9738325136131607e-05,1.3447481251205318e-05,2023-02-05 03:34:29+00:00
AsahiLinux,cAtloVeR9998,1675897079.0,"ext4 and btrfs are not going to differ greatly in performance. btrfs is a good filesystem because of snapshotting (along with other features enabled by being a CoW-based filesystem like easier deduplication), compression, and data checksumming (that protects against bit rot).ext4 is a comparatively less complex file system but if you don't need the above features, it is still a good choice.",t3_10xdfq3,0.0004480718635022,1.647729504838935e-06,3.7678641092497855e-05,7.2925649874378e-05,9.502765169600023e-05,1.7842347006080672e-05,1.7573440345586278e-05,2023-02-08 22:57:59+00:00
AsahiLinux,cAtloVeR9998,1675915210.0,Asahi has its own package repo for patched packages but everything else is straight from the Arch Linux ARM repos,t1_j7sitq6,0.0003757150261662,1.2844631100961124e-06,2.3736321963951923e-05,7.815916615072638e-05,0.0001039402050082,1.652762330195401e-05,1.220065496454481e-05,2023-02-09 04:00:10+00:00
AsahiLinux,cAtloVeR9998,1676269282.0,Be careful with partitioning. Don’t touch the first and last partitions. You can shrink your root partition of Linux in Linux or your main partition of macOS from macOS (use the cli diskutil though). It should then be possible to create a separate exFAT partition in that freed up space in Linux. It will definitely be mountable under Linux and it should be accessible under macOS but I cannot personally attest over the latter.,t3_1110rwo,0.0004167258157394,1.5428746564793985e-06,3.3641772461123765e-05,6.957768346183002e-05,9.530079842079432e-05,1.953819810296409e-05,1.5407234968733974e-05,2023-02-13 06:21:22+00:00
AsahiLinux,cAtloVeR9998,1676686525.0,"There are multiple approaches that you can use to achieve this, but the easiest would be to do a regular Asahi install, then dd your root partition across to the external drive (and expanding it to fill the space), then modify your /etc/fstab followed by updating GRUB and your initramfs.You could alternatively do a ""m1n1 + U-boot + ESP"" install and modify a Arch Linux ARM image to include the Asahi repository (and use the asahi-linux kernel + the asahi metapackage). In such a set-up, you could either use the ESP that the installer made on your internal drive, or put your ESP onto an external drive. m1n1 and U-boot are basically essential (well, technically m1n1 can load a kernel if we are getting into the weeds). Note that there is no way to tell U-Boot which .efi file you wish to boot so you need to put your bootloader at &lt;esp&gt;/efi/boot/bootaa64.efiApple Silicon Macs do not support booting from external media, so you will always need m1n1 to be on the internal drive. The Asahi installer may in future make it easier to set this up.",t3_114xkha,0.0004991635214537,1.732174268909148e-06,4.6999917685752735e-05,7.216977974167094e-05,0.0001169568058685,2.205890450568404e-05,1.9366067135706544e-05,2023-02-18 02:15:25+00:00
AsahiLinux,cAtloVeR9998,1676764049.0,"m1n1 was primarily used to load kernels when they were working on initial kernel bring up. Too my knowledge, it’s a lot more manual process to get things working with m1n1 (well, technically there are 2 separate parts: m1n1 first stage which is signed within RecoveryOS and can only be updated through there. And the second stage where the installer can update it. I think that is also done via an installed package, but don’t quote me on that). Not all subsystems work when you load the kernel with m1n1. Like I believe WiFi is not supported. The philosophy of Asahi Linux is upstream first. As Apple Silicon Macs do things inherently different, we need tools to bridge the gap. U-boot which I believe is set-up to load a tianocore payload (open-source UEFI implementation), makes it easier for distro makers to support the platform. When enough is upstreamed, you will be able to have a standard kernel with a standard bootloader (with the efivars caveat) with a standard root partition. With relatively minor changes to your installer. Like I can imagine that Fedora Media Writter will get Apple Silicon support. With the main piece of platform specific code being a call to the Asahi installer to offload handling of the quirks. Using a U-Boot based stack adds so much more functionality. I don’t believe m1n1 supports external boot (except maybe from a development host). Things like networking booting may be additionally possible. Along with the flexibility of running any other Aarch64 efi binary (selectable with something like systemd-boot, though GRUB works as well). Though note that the recommended policy is to have one OS per ESP as U-boot, m1n1, and some devicetree changes may not be backwards compatible.",t1_j934dpd,0.0006207925616763,3.809320105574443e-06,7.869133696658537e-05,0.0001272605586564,9.072916873265058e-05,2.2438069208874367e-05,4.158638694207184e-05,2023-02-18 23:47:29+00:00
AsahiLinux,cAtloVeR9998,1676764507.0,"If you have installed Arch before, refer to that installation guide. Maybe not exactly the best, but I would dd your root partition to the external drive, and refer to the Arch guides. Would be a good idea to configure your boot loader to have separate entries for the different root partitions so you are still able to recover without resorting to starting from scratch.",t1_j915i00,0.0003959985333494,1.541011442895979e-06,3.078152803936973e-05,7.281446596607566e-05,9.190235141431911e-05,1.8847520550480112e-05,1.5174303371168207e-05,2023-02-18 23:55:07+00:00
AsahiLinux,cAtloVeR9998,1677041823.0,"It should be possible. WiFi is provided by a Broadcom chip, and so all it’s features should be supported.",t3_118lp84,0.0003680339723359,1.348064984085795e-06,2.446045800752472e-05,7.15578134986572e-05,9.945756028173491e-05,1.847359089879319e-05,1.2801152479369192e-05,2023-02-22 04:57:03+00:00
AsahiLinux,cAtloVeR9998,1677077055.0,"Windows will likely never run well on Apple Silicon Macs. Skimming that page, seems they are working on the interrupt controller. The interrupt controller was one of the first things that was implemented to get initial Linux bringup. Windows running in a VM on macOS or on Linux are both the way forward for Windows on Apple Silicon. Using Wine with FEX (when FEX implements Apple Silicon support. Hopefully with some KVM hacks to get 4k pages running natively) will be useful as well.",t3_118ynsj,0.0005915907677263,2.079036676150281e-06,6.0205326008144766e-05,8.473811612930149e-05,0.0001059228379745,2.1905389075982384e-05,2.4093395040836185e-05,2023-02-22 14:44:15+00:00
AsahiLinux,cAtloVeR9998,1677424896.0,That may not work as the PKGBUILD reads arch=('x86_64'). I would suggest trying to change that like to include aarch64 and see what happens.,t1_ja39l2z,0.0006144503131508,2.9775487746519502e-06,6.00264647800941e-05,9.886703628581016e-05,7.332333188969642e-05,2.789591417240445e-05,3.160687265335582e-05,2023-02-26 15:21:36+00:00
AsahiLinux,cAtloVeR9998,1677426050.0,Good suggestion,t1_ja3e7zf,0.0004188715538475,1.2417548305165838e-06,2.2370168153429404e-05,7.346982602030039e-05,0.000109763990622,1.994761623791419e-05,1.3046932508586906e-05,2023-02-26 15:40:50+00:00
AsahiLinux,cAtloVeR9998,1677494849.0,"If Apple wanted to port Windows, Microsoft would gladly allow it. Apple has no interest in pushing Windows beyond running it in a VM. The did have the contuse choice to allow Linux to be ported, but they didn’t want to be responsible for writing drivers.It’s not so easy to port a closed-source project to run on bare-metal. Along with having to tackle writing a complete GPU driver from scratch effectively (mesa provides a lot of functionality that doesn’t need to be duplicated across different device drivers. You would need to do that from scratch on Windows)",t1_ja78a27,0.0004020823980681,1.312302629230544e-06,3.194867531419732e-05,6.233072053873911e-05,0.0001130863311118,1.6841851902427152e-05,1.3875825970899314e-05,2023-02-27 10:47:29+00:00
AsahiLinux,cAtloVeR9998,1677499644.0,"Apple would be open to supporting Boot Camp if Microsoft ported Windows over. But are not going to write drivers for themMicrosoft is happy to support Apple Silicon Macs, but they will not write drivers from scratch for them (usually the hardware OEM writes the drivers. So Qualcomm did the heavy lifting).Yes, Qualcomm had an exclusivity agreement. But to my knowledge that was time limited. They could have collaborated to get drivers written, and they could still do, it's just not something I see Apple doing.",t1_ja7ddi5,0.0004031566786579,1.3356074077819358e-06,3.1281848350772634e-05,7.189487951109186e-05,0.0001095065963454,1.7414100511814468e-05,1.3592141840490513e-05,2023-02-27 12:07:24+00:00
AsahiLinux,cAtloVeR9998,1677503710.0,"All I can say is that it would be ""un-Apple-like"" to me if Apple would undertake the manhour-intensive task of writing Windows drivers. Things like DirectX support would have to be done completely from scratch.",t1_ja7fvrf,0.0006757639348506,2.1288976768119028e-06,9.840662096394226e-05,7.335473492275923e-05,0.0001810576068237,2.769713319139555e-05,2.3519085516454652e-05,2023-02-27 13:15:10+00:00
AsahiLinux,cAtloVeR9998,1677523926.0,"Even without HW crypto, you would be IO limited. HW crypto is great at reducing power consumption though and allows high throughputs on lower end CPUs.",t1_ja86u98,0.0004262015863787,1.347140823781956e-06,2.578236671979539e-05,7.996369095053524e-05,0.0001076931366696,1.9875857105944306e-05,1.401731242367532e-05,2023-02-27 18:52:06+00:00
AsahiLinux,cAtloVeR9998,1677525145.0,"ARMv8 has an optional crypto extension that nearly everyone has implemented. I believe the only reason why the Pi doesn’t have it enabled is that Broadcom didn’t pay the licensing fee. Adiantum would also work but it is frankly not needed (I believe the ALARM kernels have it enabled but you’d need to verify that). Standard LUKS should serve you fine. I’d expect little difference in performance and CPU usage. Make sure to install Asahi first (U-boot is needed for external boot). You will need to flash a USB stick with a generic ALARM image, add the Asahi repo, and set-up the bootloader (if you use GRUB, use the —removable option as Asahi mandates that your bootloader is at a standard location.) You should then be able to boot off your USB, tar all the contents of your root partition to a safe place, delete your root partition, create LUKS, if you want separate /home and / partitions I would recommend either using LVM or different sub-volumes on btrfs. Untar your root into /mnt (where your Asahi root should be set-up.) Mount your esp as /mnt/boot. Genfstab. Chroot. Run commands to update Grub and your initramfs. Reboot, and hope it all works.",t3_11deir7,0.0006691479939036,1.975388158825808e-06,5.682521441485733e-05,7.973624451551586e-05,0.0001376948057441,2.8551710784086023e-05,2.3127937311073765e-05,2023-02-27 19:12:25+00:00
AsahiLinux,cAtloVeR9998,1677532356.0,"Frankly, I didn't know about that cryptsetup action. TILYeah, that will be a good idea. I suggest copying an existing install over rather than doing your own modifications of a generic ALARM image so that you don't miss any of the Asahi-specific quirks (which are mostly in the form of the Asahi repo/metapackage. But the Asahi install does place Apple's firmware blob somewhere, which while not strictly needed, allows more firmware to be extracted out of it, which I believe was required for WiFi for example if you wanted to continue without a reinstall. I need to double-check, but I think they put it into the ESP anyway)",t1_ja97sws,0.0003910492814611,1.5075336250447435e-06,3.166361784678884e-05,7.189960888354108e-05,9.419384878128768e-05,1.7049787857104093e-05,1.351147238892736e-05,2023-02-27 21:12:36+00:00
AsahiLinux,cAtloVeR9998,1677612660.0,pacman -Sy should not be used. pacman -Syu should always be used to avoid partial updates (unsupported by upstream Arch),t3_11ebodv,0.0010732787195593,2.327724132555886e-06,0.0001108296200982,0.000114846501674,0.0002333117445232,4.251715654390864e-05,2.038708407781087e-05,2023-02-28 19:31:00+00:00
AsahiLinux,cAtloVeR9998,1677612830.0,Take a look into [libinput](https://wiki.archlinux.org/title/libinput) for information on manual remapping,t1_jabmpfa,0.00044549733866,2.4367454898310825e-06,4.870181146543473e-05,7.79038600740023e-05,7.2274255217053e-05,2.285572736582253e-05,2.3613927623955533e-05,2023-02-28 19:33:50+00:00
AsahiLinux,cAtloVeR9998,1677720221.0,\*first-stage boot loader which loads U-Boot with (from what I can tell) a Tianocore payload (the actual UEFI implementation). With GRUB being loaded as an EFI executable.,t1_jaizycd,0.0005573443486355,2.2900455860508373e-06,5.8568697568262e-05,8.329324919031933e-05,8.954355143941939e-05,2.5848663426586427e-05,2.64606478594942e-05,2023-03-02 01:23:41+00:00
AsahiLinux,cAtloVeR9998,1677785978.0,Probably a [jemalloc issue](https://social.treehouse.systems/@alyssa/109378606742926582?hmsr=joyk.com&amp;utm_source=joyk.com&amp;utm_medium=referral).,t3_11g8g0t,0.0006115469150245,2.0593095086951507e-06,7.250011549331248e-05,9.29657107917592e-05,0.0001322862080996,2.105431485688314e-05,2.118201882694848e-05,2023-03-02 19:39:38+00:00
AsahiLinux,cAtloVeR9998,1678041395.0,"Taking a look at pamac's PKGBUILD file on it's [AUR page](https://aur.archlinux.org/packages/pamac-aur), it has official aarch64 support.    pkgdesc=""A Gtk3 frontend, Package Manager based on libalpm with AUR and Appstream support""    arch=('i686' 'x86_64' 'arm' 'armv6h' 'armv7h' 'aarch64')Follow the [official guide](https://wiki.archlinux.org/title/Arch_User_Repository) (while double-checking that an individual AUR package supports 'aarch64' or 'any' in its PKGBUILD file)",t3_11ix4i1,0.0005733061698265,2.5034014470293187e-06,7.109434227459133e-05,8.250337123172358e-05,9.594867151463404e-05,2.278682222822681e-05,2.7131198294227943e-05,2023-03-05 18:36:35+00:00
AsahiLinux,cAtloVeR9998,1678041484.0,"Hopefully, the work that has already been done on 3.x support lands in the Edge version of Mesa soonish.",t1_jazdfd7,0.0005383893148973,1.978500904442626e-06,4.2306197428843006e-05,0.00010951130389,9.385331941302866e-05,2.249072895210702e-05,2.3399128622259013e-05,2023-03-05 18:38:04+00:00
AsahiLinux,cAtloVeR9998,1678074399.0,The reason he's pushing for the switch is partly as the lack of certain packages are making things harder for users. Gentoo is not made to be a mainstream distro. Compiling packages is not user-friendly for most people.,t1_jb3b4u1,0.0004543735121842,1.4678865909445449e-06,3.034396286238916e-05,8.242850890383124e-05,0.0001052426378009,1.5862005966482684e-05,1.5036129298096055e-05,2023-03-06 03:46:39+00:00
AsahiLinux,cAtloVeR9998,1678074809.0,"For Firefox, it's an [Arch Linux ARM issue](https://social.treehouse.systems/@lina@vt.social/109971500594815107).",t3_11fxhm0,0.0003588185354601,1.4792723277423647e-06,2.877327824535314e-05,6.88323489157483e-05,9.095353743759917e-05,1.6862326447153464e-05,1.377585704176454e-05,2023-03-06 03:53:29+00:00
AsahiLinux,cAtloVeR9998,1678229792.0,"It shouldn't be. Not sure how they handle the subsystem, but they may just be using the (fixed) firmware provided by Apple. Alternatively, they may just have ported the relevant PD controller to the relevant Linux infrastructure, and that issue is unlikely to apply.",t3_11l8y2w,0.0003825593157671,1.3199791055740209e-06,2.5944709705072455e-05,6.791005580453202e-05,0.0001022745927912,1.718350722512696e-05,1.2595914995472413e-05,2023-03-07 22:56:32+00:00
AsahiLinux,cAtloVeR9998,1678230006.0,Yeah Thunderbolt and DP-alt mode are quite different. Getting display-out through them needs DCP changes (which from what I can tell are partly done but we still have some time to wait to get our hands on it.) The DCP changes will bring support for HDMI on the Pro Macbooks as well.,t1_jbaug0m,0.0003571745182853,1.4623381048295414e-06,2.9460399673553184e-05,6.693854811601341e-05,9.345902071800084e-05,1.727685594232753e-05,1.3853613381797912e-05,2023-03-07 23:00:06+00:00
AsahiLinux,cAtloVeR9998,1678475584.0,Any aarch64 Linux distro should run fine within a virtual machine on macOS.,t3_11nmc6d,0.0004273231315892,1.700056714071252e-06,3.1352898076875135e-05,8.165610051946715e-05,8.851275924826041e-05,2.5481003831373528e-05,1.5547691873507574e-05,2023-03-10 19:13:04+00:00
AsahiLinux,cAtloVeR9998,1678756383.0,"The Neural Engine hasn't (yet) been ported to Linux (though people have looked at reverse engineering it). I don't believe that GPU compute is currently available in the current driver release, but it should be available relatively soon.If running the ML models on CPU is acceptable with the workloads you have, then Asahi may be suitable for your use case.",t3_11qqweq,0.0003477201971691,1.4001143426867202e-06,2.609712100820616e-05,6.99009615345858e-05,9.391527419211344e-05,1.7082369595300406e-05,1.297679864364909e-05,2023-03-14 01:13:03+00:00
AsahiLinux,cAtloVeR9998,1679052201.0,U-boot / an EFI bootloader will not be able to boot macOS for you. You can switch between differently installed OSes via the native dialogue which you can get to by pressing and holding the power button. Someone has yet to port ChromiumOS to Apple Silicon. It is definitely possible though. It is unlikely that any stock ChromeOS image meant for a different device will ever be bootable on Apple Silicon.,t3_11tlv38,0.0005019509699195,1.8332326590098091e-06,4.2739688069559634e-05,7.814761193003505e-05,0.0001002513890853,2.288069845235441e-05,1.9605222405516542e-05,2023-03-17 11:23:21+00:00
AsahiLinux,cAtloVeR9998,1679318796.0,"Linux doesn’t have native APFS support. Asahi pretends to install macOS. Every install of macOS includes the multi-stage firmware blobs, followed by loading a macOS kernel. m1n1 takes the place pretending to be a macOS kernel, and continues the chain to boot linux. Don’t try to use Filevault on Linux. It will not add any additional security, as all your important data are on separate Linux specific partitions (ESP+Root). The easiest way to encrypt your root partition is with the “cryptsetup reencrypt” command which can encrypt an unmounted filesystem in place (research relevant guides). You will still likely need to do those actions while booting from a specially prepared USB. But at least you you don’t have to manual backup and restore your root partition. Make sure to update GRUB and your initramfs",t1_jcxja0s,0.0004360262828413,1.370443442283431e-06,3.131930861854926e-05,7.031686982372776e-05,0.0001108000287786,1.9276536477264017e-05,1.3558766113419551e-05,2023-03-20 13:26:36+00:00
AsahiLinux,cAtloVeR9998,1679699666.0,"You can run 32-bit code on the 64-bit only Apple Silicon devices with emulation. Both FEX and QEMU support 32-bit emulation. FEX allows you to run 32-bit X86 programs on 64-bit ARM. QEMU, which aims to support emulating any architecture on any other architecture, will allow you to run 32-bit ARM programs. However, as it cannot use KVM (the Linux cross-architecture standard way to support virtualization, where machine code can be natively executed on the CPU with low overhead) as the underlying CPU doesn't support 32-bit (aka it will be pretty slow)Note this is all going to be user space (or emulating a full system) but kernel space, where most important drivers live, cannot use 32-bit code. There would be no point in doing anything 32-bit in kernel space.",t3_12111q6,0.0005611117230728,2.5004712824738817e-06,6.058983854018152e-05,9.338989184470849e-05,9.577508171787484e-05,1.9282289940747432e-05,3.717585786944255e-05,2023-03-24 23:14:26+00:00
AsahiLinux,cAtloVeR9998,1679713322.0,"Have you tried [Webcord](https://aur.archlinux.org/packages/webcord)? They officially support ARM and Wayland screen sharing.If that doesn't work, just sticking with a browser is always an option. Running a hacked-together client that only officially supports a different architecture, display server, and distro than you are currently using is not going to end well. I have had enough pain with Discord on X86 (and would recommend using Webcord there as well)",t3_1216avg,0.0004864318179897,1.990188366107759e-06,4.742507007904351e-05,7.294610259123147e-05,8.907251321943477e-05,2.148720159311779e-05,1.979685839614831e-05,2023-03-25 03:02:02+00:00
AsahiLinux,cAtloVeR9998,1679857394.0,"I've been having audio drop-out issues too (though this was like 2-3 months ago, should probably have written up an issue). WH1000-XM4s, doesn't seem codec dependant (both LDAC and SBC behave identically). Still persists when connected to ethernet. If there are any logs I can contribute as well. There are other known issues with the partly supported Broadcom chips (no AP mode for WiFi). And Broadcom only hires a kernel dev to work for half a day per week on their Linux driver. Many of their newer chips are unsupported.Frankly speaking, the Bluetooth issue + poor battery life while software decoding YouTube videos are my personal blockers from switching away from my X86 laptop (I cannot stand macOS. Got an M1 Air as my partner upgraded to the M2 Air).",t3_122t030,0.0004160298267379,1.3431398429020192e-06,3.415374885662459e-05,6.200110510690138e-05,0.0001141309912782,1.7042048057192005e-05,1.3329173270903992e-05,2023-03-26 19:03:14+00:00
AsahiLinux,cAtloVeR9998,1679894991.0,"Apple Silicon has no support for booting from external media. That is a hardware limitation that cannot be overcome. What macOS does when you do an ""external install"" is to write only the minimum what's required to boot to the internal disk and to put the rest of the operating system on an external drive.You *could* do this on Asahi. It will likely be officially supported in future. But if you are not a Linux user already, I personally wouldn't recommend it unless you are willing to dive into the weeds. The easiest would be to do a regular Asahi install, and then move your root partition to external media.",t1_jdqhnkx,0.0004228074394632,1.33916842059989e-06,2.872233926609624e-05,6.945464701857418e-05,0.000106589133793,1.8590853869682175e-05,1.3322438462637363e-05,2023-03-27 05:29:51+00:00
AsahiLinux,cAtloVeR9998,1679895242.0,Luckily that library is open source (LWJGL). It's not officially supported by Mojang but PolyMC does the required tinkering,t1_jd5xheb,0.0004132885078433,1.9225217329221778e-06,3.726342038135044e-05,8.096300734905526e-05,8.040565444389358e-05,1.903002703329548e-05,1.712953053356614e-05,2023-03-27 05:34:02+00:00
AsahiLinux,cAtloVeR9998,1679916313.0,One is currently not provided. It would also come with a large performance penalty,t1_jdqfwoh,0.0004807770310435,1.4778115655644797e-06,2.668181150511373e-05,8.15407038317062e-05,0.0001058394409483,2.6529349270276725e-05,1.4854438632028176e-05,2023-03-27 11:25:13+00:00
AsahiLinux,cAtloVeR9998,1679916492.0,"Box64 supports page size emulation. In future, things like FEX should be able to natively use 4k pages on a 16k kernel through going through KVM (Linux doesn’t support different processes with different page tables, it’s a kernel constant. But KVM can run with either)",t1_jdmn1wg,0.00310072558932,1.828602580644656e-05,0.0003672461025416,0.0004171035543549,0.0001437095925211,3.993967402493581e-05,0.002003317233175,2023-03-27 11:28:12+00:00
AsahiLinux,cAtloVeR9998,1679917089.0,Box86 will never support Asahi. You will currently need to install FEX inside a VM I believe (though I didn’t check how Lina did it on her stream. I should double check). Box64 has official Asahi [install instructions](https://github.com/ptitSeb/box64/blob/main/docs/COMPILE.md#for-m1),t1_jdoev77,0.0716742500662803,9.527226211503148e-05,0.0069854273460805,0.0014103894354775,0.0015148931415751,0.0001289393549086,0.0959782749414444,2023-03-27 11:38:09+00:00
AsahiLinux,cAtloVeR9998,1680152743.0,"Also note that microphone and webcam support is not in. With Thunderbolt and speakers coming soon. It’s daily drivable if it supports all the features you require. When GPU support lands in the main release, don’t expect you will be able to play all the games you can with Proton.",t3_1265viu,0.0004151879402343,1.5329059124269406e-06,3.19617465720512e-05,7.091383304214105e-05,9.544193744659424e-05,2.010354546655435e-05,1.6188630979740992e-05,2023-03-30 05:05:43+00:00
AsahiLinux,cAtloVeR9998,1680531902.0,"The main holdup is that the HDMI is hooked up differently on the M2 mini. IIRC it’s to the internal display bus, so like DP Alt mode/Thunderbolt/HDMI on the MacBook Pros, it is not yet supported. However it’s being worked on and from what I can tell, the relevant display controller changes should arrive soonish.",t1_jes44xm,0.0004172473563812,1.6726180547266267e-06,3.627044497989118e-05,7.36453293939121e-05,8.973973308457062e-05,1.9900455299648456e-05,1.62473716045497e-05,2023-04-03 14:25:02+00:00
AsahiLinux,cAtloVeR9998,1680623119.0,"That really depends on the projector. If you require additional software on Linux, that may or may not be available for aarch64 (or even Linux). WiFi support is not fully featured (eg, no AP mode) though if you are just connecting to a WiFi network created by your projector (or both your device and your projector are in the same network) it should work fine at least on that front. Also make sure that whatever streaming software you use supports Wayland. In terms of a physical connection, DisplayLink will probably work but that is a special type of expensive adapter (and I haven’t read any reports of people trying it on Asahi yet)Asahi should support DP Alt mode sometime soonish. So if you are prepared to wait a few months, it may then be supported.",t1_jex1hko,0.0003844377351924,1.5489324596273946e-06,3.31170012941584e-05,6.515162385767326e-05,8.877733489498496e-05,1.6860525647643954e-05,1.4898303561494686e-05,2023-04-04 15:45:19+00:00
AsahiLinux,cAtloVeR9998,1680624209.0,DisplayLink is a software virtual display that works over USB 2/3 data lines. I am not aware personally of a hardware limitation which would prevent you from using a DisplayLink adapter.,t1_jexkifi,0.0004384042113088,1.919280975926086e-06,3.814284355030395e-05,7.348166400333866e-05,8.315889135701582e-05,2.211016726505477e-05,1.985986455110833e-05,2023-04-04 16:03:29+00:00
AsahiLinux,cAtloVeR9998,1680625104.0,"To add to this, casting with Chromium should work. Though I haven’t tried myself",t1_jexl5tv,0.0004214205837342,1.595343178451003e-06,3.451963493716903e-05,7.14781490387395e-05,9.334261267213152e-05,2.231789949291851e-05,1.6649262761347927e-05,2023-04-04 16:18:24+00:00
AsahiLinux,cAtloVeR9998,1680872151.0,"Apple Silicon has no support for external boot. You can install macOS on an external disk, however, it still needs to write the minimum bits to the internal disk. Asahi may provide an option in the installer in order to do the same thing for you. It is possible today to setup external boot, but I would discourage you to attempt it if you are completely new to Linux as there are multiple approaches you could take and multiple things for you to consider. (The easiest would be doing a regular Asahi install, then copying over your root partition to the external disk. Updating your fstab, GRUB, and initramfs)",t3_12eib3r,0.0006155217415653,2.215806944150245e-06,5.692387276212685e-05,7.891159475548193e-05,0.0001016808237181,2.727767605392728e-05,2.511007005523425e-05,2023-04-07 12:55:51+00:00
AsahiLinux,cAtloVeR9998,1680896562.0,"Apple Silicon **cannot** boot a bootloader that is not on the internal disk. You can have a bootloader on the internal disk boot an operating system on a external disk. That is what macOS does and what Linux can be set up to do. When you install macOS to an external disk, that drive is unbootable from any other Apple Silicon Mac except for the one that created it (and the associated written OS entry to disk.)In future, the options to have U-boot boot from an external ESP may be configurable from the installer. Which for all intents and purposes is the minimum required (m1n1+U-boot+Apple boot bits) to be written to the internal disk for Asahi to boot an OS installed on a external disk.That can be possible today, but the easiest way currently for end users to minimise the amount of disk space required on the internal disk would be to move the root partition of an existing Asahi install to a new drive. Making sure to configure your system to cope with the change.",t1_jfbt48q,0.0004997684154659,1.7028930869855683e-06,4.5155989937484264e-05,6.578266766155139e-05,0.0001084349714801,2.0045004930580035e-05,2.067174318653997e-05,2023-04-07 19:42:42+00:00
AsahiLinux,cAtloVeR9998,1681126648.0,"Re: Google failing youIt’s not Google’s fault. It’s purely down to stupid decisions by Github. As anyone with an account can modify the Wiki pages, Github wants to prevent vandalism. Their solution is to deliberately disable crawling of wiki pages so they would not appear in search results. Imo that is utterly stupid.",t3_12hfgpd,0.8988730907440186,0.0007998553337529,0.1559824049472808,0.004681556019932,0.3732815682888031,0.0003300850512459,0.0047794729471206,2023-04-10 11:37:28+00:00
AsahiLinux,cAtloVeR9998,1681223441.0,"Did you try the [official Python script](https://cat.eduroam.org/)? My Uni provided me with a different Linux script, but I had better luck with the ""CAT"" script.Even though I do like the improvements that are coming to WiFi on Linux with IWD, I never had eduroam issues on my X86 laptop running Fedora with Eduroam. Fedora is still using the legacy wpa\_supplicant.Though tbf, most of my personal issues happened before IWD (and before that, I was using netctl) which both didn't have official support by the script I was using at the time. The ""CAT"" script provides hooks for IWD, wpa\_supplicant, and Network Manager (aka, should cover 99.9% of configurations). (My Uni provided a bash script with an embedded gz archive containing several python files. Idk, but the single .py script file looks a lot more reasonable to me)",t1_jftiies,0.0005413636099547,2.3839834284444805e-06,6.868894706713036e-05,7.341246964642778e-05,9.343184501631184e-05,2.137746378139127e-05,2.569292701082304e-05,2023-04-11 14:30:41+00:00
AsahiLinux,cAtloVeR9998,1681223534.0,"IWD is better in many cases. Avoids needing a separate DHCP client (ie dhcpcd) and is a general improvement. But even though things have improved, it seems to still cause eduroam headaches.",t1_jftgma9,0.0003603932855185,1.466508251724008e-06,2.5977811674238183e-05,7.890918641351163e-05,9.39916935749352e-05,1.7608013877179474e-05,1.4748993635294028e-05,2023-04-11 14:32:14+00:00
AsahiLinux,cAtloVeR9998,1681547587.0,"The official utility is for macOS but idevicerestore works on Linux, Windows, macOS, and Android.",t1_jgbze5d,0.000360205915058,1.334305011368997e-06,2.3712043912382796e-05,7.595805072924122e-05,9.825696906773372e-05,1.731190423015505e-05,1.1793728845077568e-05,2023-04-15 08:33:07+00:00
AsahiLinux,cAtloVeR9998,1681583262.0,Asahi generally recommends sticking with official channels when it comes to getting in-development features. So patches enabled in the edge kernels are highly unlikely to be present in other distros (until it arrives in the main Asahi kernel release),t3_12nd7wj,0.000337460078299,1.4308915297078784e-06,2.436033719277475e-05,7.353522232733667e-05,9.033748938236386e-05,1.7565715097589418e-05,1.3587632565759122e-05,2023-04-15 18:27:42+00:00
AsahiLinux,cAtloVeR9998,1682077785.0,"Apple Silicon Macs don't support external boot. However, you can configure Linux to have it's main partition on an external drive (so only \~3GB needs to be written to the internal disk. \~2.5GB of that is required bits from Apple). To do so you can use `dd if=/dev/<root partition> of=/dev/<external partition> bs=4M status=progress`. You will also need to update your fstab (edit`/etc/fstab`), your initramfs (`mkinitcpio -P`), and your Grub config (`update-grub`). All of the above commands require sudo. Get partition information with `lsblk`.",t3_12txpyi,0.0006796239176765,3.301793867649394e-06,8.723372593522072e-05,9.54647912294604e-05,9.04877597349696e-05,2.901532025134657e-05,3.623417796916328e-05,2023-04-21 11:49:45+00:00
AsahiLinux,cAtloVeR9998,1682174489.0,I’m personally not sure if doing this leaves out firmware installed onto the ESP,t1_jh5p4s5,0.0004574083723127,1.4140093753667315e-06,2.6175210223300382e-05,7.920977077446878e-05,0.0001043793236021,2.403443977527786e-05,1.4443794498220086e-05,2023-04-22 14:41:29+00:00
AsahiLinux,cAtloVeR9998,1682346212.0,Yes. Marcan damaged the speakers while stress-testing it. Managed to get an Apple Care motherboard replacement.,t1_jhip8zj,0.0005697218584828,1.5865234672673978e-06,3.4088505344698206e-05,8.21796347736381e-05,0.000132346394821,2.7529966246220283e-05,1.7768517864169553e-05,2023-04-24 14:23:32+00:00
AsahiLinux,cAtloVeR9998,1682466413.0,"Plug in external display, hold down power button, select macOS from boot options.",t3_12yyoos,0.0005148365744389,1.416226723449654e-06,2.3573988073621877e-05,9.102398325921968e-05,0.000118660609587,3.543878483469598e-05,1.5512561731156893e-05,2023-04-25 23:46:53+00:00
AsahiLinux,cAtloVeR9998,1682643969.0,"Don't enable expert mode. There is no need, and like it says, it's only to be messed with if you know what you are doing.Linux is on a separate partition so it shouldn't mess up macOS. If you mess up in the installation process (or at any other thing), while shut down, press and hold the power button. You are able to select macOS from there.Installing Asahi does mean that space needs to be allocated on disk, which is not a risk-free operation. However, the installer is using first-party tools to perform those operations. The greatest risk is that the installer while partitioning finds already existing corruption on your drive (but that's no fault of the installer).If you mess things up completely, to the point where you break macOS, you are always able to reflash your Mac with DFU and another machine.",t3_1319l7g,0.0005564337479881,1.2951499002156195e-06,3.3965068723773584e-05,6.246626435313374e-05,0.0001447441900381,2.2325712052406743e-05,1.4814911082794424e-05,2023-04-28 01:06:09+00:00
AsahiLinux,cAtloVeR9998,1683470714.0,Flatpak can manage setting up emulation for you. Zoom is packaged as an X86 Flatpak. You may need to install a few additional QEMU libraries for it to work though.,t3_13aorqc,0.0004185960860922,1.627720848773606e-06,3.3325206459267065e-05,7.071124855428934e-05,9.269827569369228e-05,2.1790940081700683e-05,1.5287656424334273e-05,2023-05-07 14:45:14+00:00
AsahiLinux,cAtloVeR9998,1685625004.0,"Contact upstream with your issue.I initially though it was an issue related to you trying to install an x86 binary, however, that PKGBUILD officially supports ARM. It seems that that package is not packaged in a different format on the AUR.An alternative avenue that you can try is to their install script ([here](https://github.com/babashka/babashka#quickstart)) or to compile it from source. Though your issue might not be in packaging, and be something that can only be resolved by asking the upstream maintainer.",t1_jmgnxq8,0.0005184198380447,2.1234188807284227e-06,4.580018503475003e-05,8.703157072886825e-05,8.45366739667952e-05,2.15662585105747e-05,2.0722587578347884e-05,2023-06-01 13:10:04+00:00
AsahiLinux,cAtloVeR9998,1686345894.0,Grub cannot boot MacOS. You could boot other installed OSes with it but it's officially unsupported (each installed OS should manage its own Firmware/ESP to avoid breaking things). You are able to change the default OS to boot within macOS settings.,t3_145dkwl,0.0006178836920298,1.9588269424275495e-06,4.117099160794169e-05,9.343220153823496e-05,0.0001025406018015,2.7960155421169475e-05,2.30660880333744e-05,2023-06-09 21:24:54+00:00
AsahiLinux,cAtloVeR9998,1686497425.0,"32 bit matters less between ARM and X86. Apple Silicon doesn’t support 32 bit ARM, but if you want to run 64 or 32 bit X86, both require emulation so it matters less. Both QEMU (slow) and FEX (fast) support 32 bit X86 to 64 bit ARM emulation. However, you will never be able to run Box86 (32 bit X86 to 32 bit ARM) but you can run Box64 (64 bit only). Right now, you can only run FEX either with the unreleased 4k kernel or inside a full QEMU/KVM VM (no emulation but with the VM overhead). I don’t believe there is any way currently to pass through the GPU to a VM (at least yet). Hopefully FEX will decide to support a KVM shim to work more seamlessly on Apple Silicon.",t1_jns80so,0.0011081452248618,6.042455424903892e-06,0.0001579249219503,0.0001770735689206,0.0001223150611622,2.3407808839692738e-05,0.0002048376918537,2023-06-11 15:30:25+00:00
AsahiLinux,cAtloVeR9998,1686520131.0,"Different people work on different aspects of the project. Some are working on multiple areas while some are only working on a few features.[Martin Povišer](https://github.com/sponsors/povik) has been the main one working on speakers though Hector has also been working a bunch on that front.External display support is mainly on Sven's shoulders (though I believe there are others working on the DSP). The main holdup from what I've heard is that it is very easy to crash the subsystem so it needs to become stable before being pushed to users. Sven is working a full-time job while contributing a ton on many aspects of getting Linux workingGraphics has been a focus because that is what Alyssa and Lina want to work on. Graphics is one of the biggest items not checked off yet, and will likely not be ""done"" for years yet (though if all goes to plan, at least OpenGL 3.2 / Vulkan 1.0 support will be upstream by the end of the year).Other smaller issues are being resolved mainly through contributors volunteering to fix things. Like keyboard backlight, touchbar, neural engine, secure enclave are/will be only possible through the efforts from outside contributors.Some of the missing features are because the problems are non-trivial. For example, webcam support will take a while because the webcams are not just like any other USB/SPI camera but because of the mobile-first heritage, the image signal processor is on-die, making support a lot more complex.Things will be ready when they are ready. It is incredible how much work has been done on a platform without OEM support.",t3_1475u80,0.0007113384781405,3.9472074604418594e-06,7.884569640737027e-05,0.000139275973197,8.577902190154418e-05,2.2748587070964277e-05,5.729671465815045e-05,2023-06-11 21:48:51+00:00
AsahiLinux,cAtloVeR9998,1687282813.0,"FEX-emu requires a 4k kernel, but that 4k kernel can live inside a QEMU/KVM VM (executing things natively, no 16k to 4k emulation). Things like OpenGL won't (yet) be possible to passthrough though.",t3_14eb2fw,0.0498385988175869,0.0001082050512195,0.0073880008421838,0.0012765688588842,0.0009758189553394,0.0001469989947509,0.0443322472274303,2023-06-20 17:40:13+00:00
AsahiLinux,cAtloVeR9998,1688502080.0,Yes,t1_jqo94ny,0.0005544455489143,1.32006596231804e-06,2.0958199456799775e-05,0.0001288271450903,0.0001193712741951,2.180742558266502e-05,1.2031038750137668e-05,2023-07-04 20:21:20+00:00
AsahiLinux,cAtloVeR9998,1689097827.0,I’m pretty sure this is intended behaviour and nothing to concern yourself over. Most will likely be fixed eventually but harmless warnings are not high priority.,t3_14wxckk,0.0005117778782732,1.4218726391845848e-06,2.71316894213669e-05,6.943239714019e-05,0.0001162548578577,2.655572461662814e-05,1.6521840734640136e-05,2023-07-11 17:50:27+00:00
AsahiLinux,cAtloVeR9998,1689098422.0,From what I can educatedly guess:Apple System On a Chip errorAn application failed to autostartA PAM module (a way to authenticate) failed to load. Apple System On a Chip errorA Bluetooth plugin failed to loadYou are not using an OSTree-based distro so is not running special code for OSTree systemsFollowed by 2 Asahi-specific kernel warnings saying this or that didn’t 100% work correctly. Interspersed by a “Hey this subsystem is starting” message,t3_14wxckk,0.0006662087398581,2.3530787984782364e-06,7.329396612476557e-05,6.892332021379843e-05,0.0001112653553718,2.3635375328012745e-05,3.0438128305831924e-05,2023-07-11 18:00:22+00:00
AsahiLinux,cAtloVeR9998,1689104573.0,Stick with something Wayland native if you want the best results,t3_14vodj4,0.0025259121321141,3.3633375551289646e-06,0.0001362314505968,0.0001809870154829,0.0003497420402709,0.0001980179804377,5.828415305586532e-05,2023-07-11 19:42:53+00:00
AsahiLinux,cAtloVeR9998,1689889474.0,GPU drivers are really hard. Usually teams of people are doing what only a handful of people volunteering time. Some of the devs have moved recently. Alyssa now works at Valve. Some things are taking time not only to get the feature to work but also to get it stable. Like Thunderbolt and Speakers work but are not suitable to ship.,t3_15539sl,0.0004668160690926,1.3465577239912818e-06,3.1924584618536755e-05,7.88618708611466e-05,0.0001151646429207,2.05030355573399e-05,1.4406540685740763e-05,2023-07-20 21:44:34+00:00
AsahiLinux,cAtloVeR9998,1689977926.0,I would try if the pip version works for you,t3_1560un2,0.000954081537202,2.2755705231247703e-06,6.708245200570673e-05,0.0001018403490888,0.0001325090415775,4.9100006435764953e-05,2.560760549386032e-05,2023-07-21 22:18:46+00:00
AsahiLinux,cAtloVeR9998,1690987197.0,"It’s not possible unless Apple adds support to the firmware. If Apple adds support for it, the Asahi project will then likely expose that option in a Linux standard way.",t3_15g97co,0.0003914174158126,1.6822401676108711e-06,3.21480656566564e-05,7.358993752859533e-05,9.611314453650266e-05,1.909061029436998e-05,1.6240524928434752e-05,2023-08-02 14:39:57+00:00
AsahiLinux,cAtloVeR9998,1691003257.0,It has like 1 primary maintainer. Some apps that work on ARM are just not packaged for it. Getting upstream bugs solved have been a difficulty. And it's just overall undermaintained.,t1_juih2e2,0.0003912774845957,1.3587753073807107e-06,2.745734127529431e-05,6.422540172934532e-05,0.0001017269823933,1.6979591237031855e-05,1.3724924428970551e-05,2023-08-02 19:07:37+00:00
AsahiLinux,cAtloVeR9998,1691156168.0,"Reading reports online, no one has gotten WOL to work. “Closest” is by effective disabling sleep",t1_juqfoeh,0.0011750102275982,2.0294507976359455e-06,7.847334927646443e-05,0.0001006382590276,0.000266953400569,3.150497650494799e-05,3.9543672755826265e-05,2023-08-04 13:36:08+00:00
AsahiLinux,cAtloVeR9998,1691591717.0,There are limits set in the kernel but there is also hard cutoffs in hardware.,t1_jvfygr2,0.0004028811817988,1.3538665371015668e-06,2.4622742785140872e-05,8.327975228894502e-05,0.000100998673588,2.1069257854833268e-05,1.2665971553360578e-05,2023-08-09 14:35:17+00:00
AsahiLinux,cAtloVeR9998,1691679316.0,"Could you rephrase the question?Linux updates happen through “sudo pacman -Syu”, “sudo dnf update”, or “sudo apt update && sudo apt upgrade” depending on if you are using the Arch spin (current default), Fedora spin (which will become the new default), or a community Ubuntu/Debian spin. If you are worrying about macOS updates, they shouldn’t affect Asahi.",t3_15nces2,0.000443576631369,1.5824269894437748e-06,4.8357032937929034e-05,7.140138040995225e-05,9.543912165099756e-05,1.9118140698992647e-05,1.3061946447123772e-05,2023-08-10 14:55:16+00:00
AsahiLinux,cAtloVeR9998,1691934116.0,"Depends on how much you want to wet your tose. Apple Silicon doesn't support external boot, so you must make some space on your internal SSD. Though you can get away with only giving a couple GBs to Asahi.The easiest way to setup would be install Asahi Linux Desktop normally then to move your home partition to the external drive. So the operating system is still on the internal drive but you can shrink the partition to 10-20GB.After your normal install, plug in and identify the external disk (sudo fdisk -l. It should be something like /dev/sda). Partition your disk: to wipe the partition table and create a new blank partition spanning the drive you can use gdisk (sudo gdisk /dev/sda), use ""o"" to create new empty partition table. ""n"" to create a new partition (press enter to stick with the defaults), ""w"" to write and save. You can also use ""cfdisk"" which can be easier to manipulate partitions with. So you should now have a partition (/dev/sda1) on your external drive (/dev/sda1), that partition needs to be formatted before use ""sudo mkfs.btrfs /dev/sda1"" or mkfs.ext4, mkfs.xfs (you can [read up on the different partition types](https://wiki.archlinux.org/title/partitioning) if you would like to know more). When you are moving your home partition, I would recommend you log out, then go to a different TTY (ctrl+alt+F3, try one of the other function keys if that doesn't work) and log in there. I would create a new temporary directory under /mnt in the meantime (sudo mkdir /mnt/home. You may need to do sudo chown $USER /mnt/home to fix permissions) Copy your current home partition to the temporary place (cp /home /mnt/home). Mount your external drive as your home directory (sudo mount /dev/sda1 /home). Copy your home directory to the external drive (cp /mnt/home /home). This mount will not be remembered on next reboot, look at the current mounts (cat /etc/mtab) and copy the relevant line for your external partition to your fstab (sudo vim /etc/fstab). Make sure to learn the basics of vim (or other text editor).Every newbie needs to start somewhere. I would recommend you do further reading at every step of the way. Make use of ""man <application>"" to get the built-in manual. Good luck!",t1_jvze0cj,0.0080910548567771,2.9519036615965888e-05,0.002322846557945,0.0003457074053585,0.0005155499093234,8.205168705899268e-05,0.0036906818859279,2023-08-13 13:41:56+00:00
AsahiLinux,cAtloVeR9998,1692378825.0,Most likely yes. It is currently working in a development branch. It is not stable and there is no ETA. One of the issues has been getting USB3 and Thunderbolt working at the same time (though that has recently been fixed) as that coexistence is usually implemented in firmware. It is very easy to crash the controller and it gives unhelpful error codes. The current code is currently very hacked together and will require a lot more work to get it in a form that can be shipped/upstreamed. Sven has been the main developer working on this but he works a full time job and has a life.,t3_15uobms,0.0008156629046425,1.7073015214918996e-06,6.8037879827898e-05,6.396562821464613e-05,0.0001769626687746,2.1864170776098035e-05,2.255271283502225e-05,2023-08-18 17:13:45+00:00
AsahiLinux,cAtloVeR9998,1692442087.0,"Take a look [here](https://github.com/AsahiLinux/docs/wiki/Yaks-in-need-of-shaving) where the Asahi team places their ""Help wanted"" items",t1_jwt3neu,0.0004642878193408,1.373302097817941e-06,3.207790359738283e-05,7.540710066678002e-05,0.0001131262324634,1.871658787422348e-05,1.4775657291465905e-05,2023-08-19 10:48:07+00:00
AsahiLinux,cAtloVeR9998,1693875702.0,Arch Linux ARM will get updates but more focus will be placed on Fedora,t1_jz66gds,0.0003660963848233,1.5468982610400417e-06,2.506174314476084e-05,8.21877911221236e-05,9.031069930642845e-05,2.151002081518527e-05,1.3630617104354316e-05,2023-09-05 01:01:42+00:00
AsahiLinux,cAtloVeR9998,1694330798.0,"I’m not sure about KDE but on GNOME you can go to network settings, select the relevant Ethernet interface, and enable the toggle to share your connection to the device.",t3_16ebqn1,0.0004058321355842,1.4043025657883843e-06,2.455647336319089e-05,7.674130756640807e-05,0.0001017760805552,2.087211214529816e-05,1.4712411939399315e-05,2023-09-10 07:26:38+00:00
AsahiLinux,cAtloVeR9998,1694384781.0,"If you want to use Debian, follow [these](https://git.zerfleddert.de/cgi-bin/gitweb.cgi/m1-debian/) instructions. That being said, I would highly recommend you go with the Fedora image as that is where you will get the best support. Asahi is not dropping Arch, but Arch Linux ARM isn’t well maintained so Asahi is switching to make Fedora the flagship distro. The Fedora spin has existed for awhile, but soon its going to be official from support from upstream (unlike the other ports)",t1_k00c05m,0.0004133377806283,1.6000894902390428e-06,3.527414446580224e-05,7.213929347926751e-05,9.242077794624493e-05,1.780972525011748e-05,1.4093556274019647e-05,2023-09-10 22:26:21+00:00
AsahiLinux,cAtloVeR9998,1694453695.0,Speakers are coming soon. Martin will be dedicating time to finishing speakersafetyd soon (ETA: When it’s ready. But before the end of the year)Microphones are being actively worked on but no ETA. Webcam support has recently been implemented very recently (MR was in the last 2 weeks) but its still going through testing and not yet available in the current release. Webcam support _might_ land the official Fedora release (which was set for the end of August but is delayed till it’s ready) but TBD.,t3_16g0oup,0.0003686762647703,1.3474800653057173e-06,2.8681666663032956e-05,6.444147584261373e-05,9.95218797470443e-05,1.737298043735791e-05,1.3588720321422444e-05,2023-09-11 17:34:55+00:00
AsahiLinux,cAtloVeR9998,1694457578.0,"ALARM has been having issues. Like [here](https://social.treehouse.systems/@marcan/109971521711413167), [here](https://social.treehouse.systems/@marcan/110049540523616625), [here](https://social.treehouse.systems/@marcan/110377564162844118), and [here](https://social.treehouse.systems/@marcan/110820814834146929).",t1_k046hg4,0.0005588812055066,1.5620161093465867e-06,3.945917706005275e-05,9.93276189547032e-05,0.0001276975526707,1.879752926470246e-05,1.5936650015646592e-05,2023-09-11 18:39:38+00:00
AsahiLinux,cAtloVeR9998,1694533349.0,"Sven is actively working on it along with Thunderbolt. It's working on a development branch but in a hacky way and needs significant work to get into a usable state for end users. Sven is working on this on his free time, but he is working a full-time job and has a life. There is no ETA for this.Putting my guessing hat on, I predict that speaker, microphone, webcam, and maybe even hardware video encoding may be available before the mess that is Thunderbolt+DP Alt mode is sorted out. Don't expect it to be ready soon.",t1_k09q456,0.0008447450236417,1.7352959957861458e-06,7.288782944669947e-05,6.81493038428016e-05,0.0002137778647011,2.4481298169121143e-05,2.4312525056302547e-05,2023-09-12 15:42:29+00:00
AsahiLinux,cAtloVeR9998,1694636543.0,"Box64 supports page size emulation (and so does Qemu-user). FEX-Emu is the one that does not. Page size emulation is slow though, so running a 4k kernel (either natively, or in a KVM accelerated VM) is the way to go.",t1_k0ga091,0.0010203418787568,4.884649115410866e-06,0.0001126834249589,0.0001550547895021,9.593887807568537e-05,2.4674525775481015e-05,0.0001131724202423,2023-09-13 20:22:23+00:00
AsahiLinux,cAtloVeR9998,1694639496.0,"Apple Silicon has no hardware support for 32-bit applications, only 64-bit. All X86-64 devices support 32-bit as backwards compatibility (and maybe even 16-bit but I believe that is emulated on modern hardware). Most AArch64 devices also support 32-bit ARM for backwards compatibility. So on a regular AArch64 platform, you can install as that tutorial shows: Box64 and Wine64 for X86-64 applications. And if there is some program or library not compiled for 64-bit, it will still all work when using Box86 with Wine(-i386) for X86-32. As Apple Silicon cannot run any ARM32 binary, Box86 and Wine-i386 will not work. So the majority of Windows apps with a hidden 32-bit dependency will not function.FEX-Emu, a different X86 emulator, supports fast X86-64 and X86-32 on 64-bit only ARM. However, the large downside is that it doesn't do page size emulation. The ARM spec defines page sizes of 4KiB, 16KiB, or 64KiB. Most ARM devices use 4KiB while all X86 devices only support 4KiB (huge pages not relevant here). When most programs are compiled for 64KiB pages on Linux, they then work on any smaller page size (and the same as 16KiB working on 4KiB. You can set a maximum page size in the compiler). Apple Silicon defaults to using 16KiB but 4KiB is also supported. In macOS, 4KiB mode is used mainly only for X86 emulation (and running standard ARM containers). However, this is done in a very hacky way (with the XNU kernel flushing constantly to switch constantly between 16KiB and 4KiB mode. Contributing to poor battery-life in Rosetta 2).In Linux, page size is a compile-time constant and 2 different processes cannot be of a different page size. Running everything in 4KiB mode is not desirable as you lose something like 20-30% performance in some workloads. Again, we would like to run 4KiB X86 programs while using 16KiB for everything else (to avoid very slow page size emulation, while getting the benefits of 16KiB), so how can we do this? KVM. KVM is a standardized way to have accelerated VMs where code is run with near-native performance directly on hardware. KVM supports running a 4KiB guest on a 16KiB host. You are running a full second Linux kernel that has been compiled for 4KiB and is running its own system in a VM. There are now project that allows you to spin up a KVM accelerated OSI container (aka, like Docker), however there are still some limitations getting GPU acceleration to a VM (as VirtGPU isn't yet supported by Asahi's Mesa).(I'm not currently an Asahi Dev) but I'd actually like to see if I could improve this situation for my upcoming University dissertation. To see if I could write a 4KiB KVM-shim so that a whole VM with a second kernel is not needed (or to allow parts of FEX-Emu to run in KVM), but let's see (haven't discussed this with anyone yet).Actionable for you to do currently, install use [krunvm](https://github.com/containers/krunvm) to run FEX-Emu with Wine.",t1_k0gf6ui,0.0014190131332725,1.131464432546636e-05,0.0002582921588327,0.0002014792553381,9.729458543006332e-05,4.3773841753136367e-05,0.0001378890010528,2023-09-13 21:11:36+00:00
AsahiLinux,cAtloVeR9998,1694641442.0,I would recommend you try the [Box64](https://github.com/ptitSeb/box64) emulator with the application's provided Fedora RPM.,t3_16hl00c,0.0003915045526809,1.6125236470543314e-06,3.2029271096689627e-05,6.968266097828746e-05,8.940072439145297e-05,2.0454874174902216e-05,1.531082671135664e-05,2023-09-13 21:44:02+00:00
AsahiLinux,cAtloVeR9998,1694650045.0,Use the Fedora one. The disto is moving in that direction,t3_16i1jnc,0.0004246667376719,1.3059976708973409e-06,2.541167486924678e-05,7.969124271767214e-05,0.0001114860569941,2.102614234900102e-05,1.4010978702572174e-05,2023-09-14 00:07:25+00:00
AsahiLinux,cAtloVeR9998,1694690512.0,"Arch Linux ARM is severely undermaintained which is affecting the experience on Asahi Linux. If you want the most support going forward, switching to Fedora is recommended. Fedora is imo a pretty neat distro (on the X86 side) I’ve been using Arch as my primary distro for years but have switched to using exclusively Fedora ~2 years ago.",t1_k0i8g2e,0.0003624609671533,1.573344093230844e-06,3.093977284152061e-05,7.109929720172659e-05,8.775360038271174e-05,1.7512475096737035e-05,1.408081971021602e-05,2023-09-14 11:21:52+00:00
AsahiLinux,cAtloVeR9998,1694738044.0,No reinstall required. There is just a bit more leniency around potentially breaking changes till the release becomes official. Like there was a Grub update which broke some systems that wasn’t caught (break as in stopped booting till you ended in some commands to fix things) but that’s 100% resolved and shouldn’t happen again. There will be a lower tolerance against breaking changes after release.,t1_k0m4031,0.0004106773994863,1.5691589396737982e-06,3.11380899802316e-05,6.982414197409526e-05,8.927643648348749e-05,1.9976989278802648e-05,1.5953286492731422e-05,2023-09-15 00:34:04+00:00
AsahiLinux,cAtloVeR9998,1694744028.0,"The release will become official when it’s ready. Till then, just install the current Fedora Remix. It’s just a regular update from there to get to the official release.",t3_16j0gox,0.0003873642126563,1.5092051626197645e-06,2.581481749075465e-05,7.575984636787325e-05,8.992647781269625e-05,2.2905018340679817e-05,1.4191987247613724e-05,2023-09-15 02:13:48+00:00
AsahiLinux,cAtloVeR9998,1695030527.0,"Install both systems normally, then from one move the root partition of the other to the external drive (but not any other partition). You can enlarge the root partition to take up more of the external drive. Chroot into the external root partition and mount the /boot (and /boot/efi where applicable). Update the fstab, regenerate the initramfs (differs on Arch and Fedora), and update Grub (slightly different between Fedora and Arch). Once complete, reboot into the other OS and repeat. You’ll need to manually reclaim space on the internal drive. Don’t touch the first and last partitions. Avoid deleting macOS. And it’s required for a per install APFS partition + boot partition (+efi partition) to be on the Internal drive (unless you know what you are doing, it will in future be possible with only the APFS container. Or possibly sharing the same container as macOS.",t3_16lpo33,0.0003715782659128,1.3460660284181358e-06,2.8291296985116787e-05,6.802353891544044e-05,0.0001004963269224,1.7087208107113838e-05,1.3162534742150456e-05,2023-09-18 09:48:47+00:00
AsahiLinux,cAtloVeR9998,1695032228.0,"We are getting there with krunvm, but we aren’t there yet.",t3_16lp3l3,0.0005470734322443,1.2621892437891802e-06,3.390678466530517e-05,7.911027205409482e-05,0.0001453933655284,2.0820702047785744e-05,1.3751940969086718e-05,2023-09-18 10:17:08+00:00
AsahiLinux,cAtloVeR9998,1695145181.0,"To get back to macOS, shut down your machine, wait a few seconds, then press and hold the power button. Select Macintosh HD to return to macOS. Follow the partitioning guide to remove the 4 Fedora partitions from your internal drive. Diskutil can also enlarge your macOS data volume so that you can reclaim back the space.",t3_16mwglt,0.0057613910175859,3.960366939281812e-06,0.0001999677042476,0.0002068145113298,0.0008479611715301,0.0003559962788131,5.288632382871583e-05,2023-09-19 17:39:41+00:00
AsahiLinux,cAtloVeR9998,1695157401.0,"You are not going to be able to get much support here for alternative Distros. [Contact](https://github.com/UbuntuAsahi/ubuntu-asahi/issues) the Downstream project. I've so far not read anything about GPU acceleration on the project page after giving it a quick read. I highly doubt it's supported.I would advice against going with an alternative distro (from the Fedora Asahi Remix) if you want the best support. Currently, to my knowledge, so far only Fedora has enabled the new GPU drivers by default.What is your reason for wanting to go with Ubuntu?",t3_16n1pxl,0.0005167734925635,1.5811054936420987e-06,3.741154068848118e-05,7.912846194813028e-05,9.99637704808265e-05,2.017982114921324e-05,1.573942427057773e-05,2023-09-19 21:03:21+00:00
AsahiLinux,cAtloVeR9998,1695168347.0,"Use Fedora and look into Distrobox for easy containers to try scripts in. Distrobox will be able to pull a Ubuntu container if you need that. It really depends on what you are actually running. Is it compute heavy? GPU heavy? What language are you using? (If Python, easy. If something precompiled is in your scripts, running X86 code will require going through more hoops)In the X86 world, different distros don’t do _that_ much differently. Ubuntu is a fine distro that has mass adoption. However, getting Linux running on Apple Silicon has required a lot reverse engineering and driver changes for things to even boot. Much work has been done to upstream those changes, but not everything is upstream yet. That is why Arch Linux ARM cannot run Apple Silicon machines without a custom kernel and some other supporting packages, which lead the Asahi team to create “Asahi Linux” which is ALARM with required changes. As ALARM isn’t well maintained, and people from the Fedora project being eager to help, Asahi is now recommending the “Fedora Asahi Remix” which is Fedora Workstation (or Fedora KDE) with the required changes. Eventually, all the required changes will be upstreamed and the need for the remix will go away. During the process of creating the Remix, many changes are being made to Fedora itself to accommodate Asahi (like making official 16k kernel builds). This is where Asahi development is happening. The Asahi Ubuntu project is too my knowledge independent of both the main Asahi team and Canonical. Think of it as a fan project. They take the Asahi changes and then implement them on an Ubuntu base. I would only recommend you go with it, or one of the alternative distros, if there is something you cannot do on Fedora and know what you are doing. It is yet to be seen if Canonical will step up to officially create a supported product for Asahi under the Ubuntu brand.",t1_k1bzov2,0.0005952875944785,3.898543582181446e-06,7.622471457580104e-05,0.0001331327948719,0.0001034043889376,2.100021265505347e-05,3.5807683161692694e-05,2023-09-20 00:05:47+00:00
AsahiLinux,cAtloVeR9998,1695168562.0,"Interesting. I personally installed the Arch version, removed its 3 partitions, installed Fedora and there are 4. Well it doesn’t really matter honestly. You need a /boot partition, but some distros create a seperate /boot/efi partition. It doesn’t really matter. But that explains the 3 vs 4",t1_k1avizh,0.0005420023226179,2.175176177843241e-06,4.872160207014531e-05,8.805763354757801e-05,8.55194593896158e-05,2.3691543901804835e-05,2.1779782400699332e-05,2023-09-20 00:09:22+00:00
AsahiLinux,cAtloVeR9998,1695347921.0,I think sound in this context is passthrough from the VM to the host. Speakers will be coming soon but is not ready for primetime.,t1_k1kw75q,0.0003654616011772,1.263828607989126e-06,2.220578426204156e-05,7.601377728860825e-05,0.0001027447724482,1.797281947801821e-05,1.2541185242298525e-05,2023-09-22 01:58:41+00:00
AsahiLinux,cAtloVeR9998,1695430818.0,To wired/wireless headphones and speakers yes. The internal speakers no.,t1_k1potye,0.000571627751924,1.58787509008107e-06,3.204149106750265e-05,9.410326310899109e-05,0.0001264666207134,2.7373571356292817e-05,1.7766009477782063e-05,2023-09-23 01:00:18+00:00
AsahiLinux,cAtloVeR9998,1695431111.0,Flatpak ships their own copy of Mesa. No GPU acceleration there yet.,t1_k0mea3y,0.0004632180498447,1.3772407783108065e-06,2.8112877771491185e-05,8.728648390388116e-05,0.0001067632838385,2.179488910769578e-05,1.3136275811120868e-05,2023-09-23 01:05:11+00:00
AsahiLinux,cAtloVeR9998,1695433505.0,Arch support is already second-class. What’s in the edge kernel on Arch is in the main kernel on Fedora. They are only going to be updating the Arch kernel post-Fedora release.,t3_16pi8q2,0.000370763009414,1.4337626907945378e-06,2.693858368729707e-05,7.078175258357078e-05,9.384544682689012e-05,1.8451846699463204e-05,1.2563881682581268e-05,2023-09-23 01:45:05+00:00
AsahiLinux,cAtloVeR9998,1695467624.0,"It will continue to get updates for sometime. They’ll likely drop it once mainline has sufficient support (still installable, still usable, but they won’t host their own repo). But that’s long term. Mainline is not have full support for likely a couple years.",t1_k1tky56,0.0003449112118687,1.3454281315716798e-06,2.4947785277618095e-05,6.700618541799486e-05,9.480852168053389e-05,1.7214048057212494e-05,1.244465875060996e-05,2023-09-23 11:13:44+00:00
AsahiLinux,cAtloVeR9998,1695483874.0,Are you running kernel 6.5? Either downgrade or wait a day for the fix. Upstream broke things,t3_16q2pe5,0.0005150177166797,1.4881143215461634e-06,3.212771480320953e-05,8.29548662295565e-05,0.0001143948757089,2.7661231797537766e-05,1.5228581105475314e-05,2023-09-23 15:44:34+00:00
AsahiLinux,cAtloVeR9998,1695494442.0,Alright. Thanks for the clarification. Makes sense as iirc you said that that ALARM (Asahi) updates will come after the Fedora release.,t1_k1vd515,0.000377445569029,1.5692037322878605e-06,2.7863745344802737e-05,7.748363714199513e-05,8.750933920964599e-05,2.0425382899702527e-05,1.3746984222962055e-05,2023-09-23 18:40:42+00:00
AsahiLinux,cAtloVeR9998,1695954300.0,"Brew is a file manager for macOS which won't work on Linux. There is no easy command to get Steam working yet. In future, there will be a supported way to run Steam on Asahi. But not today.Rosetta 2 will not work on Asahi. On Linux we have Box64, QEMU, and FEX-Emu. Fex-EMU will likely be the way that things will go to run X86\_64 on Asahi.",t1_k2n7zls,0.0006013921229168,2.2385738702723756e-06,5.5099411838455126e-05,0.0001115550694521,0.0001055682951118,1.6808076907182112e-05,3.334043503855355e-05,2023-09-29 02:25:00+00:00
AsahiLinux,cAtloVeR9998,1695971799.0,Not helpful for OP,t1_k2ojlwi,0.0005317027098499,1.5900390053502631e-06,3.134019425488077e-05,8.205817721318454e-05,0.000103283477074,2.143106576113496e-05,1.666660864430014e-05,2023-09-29 07:16:39+00:00
AsahiLinux,cAtloVeR9998,1695983023.0,Asahi is supporting Wayland. Asahi is *not* supporting X11,t1_k1vw722,0.0004856705782003,1.4625418316427383e-06,2.9653396268258803e-05,8.857616921886802e-05,0.0001069227218977,1.9492823412292637e-05,1.3285061868373305e-05,2023-09-29 10:23:43+00:00
AsahiLinux,cAtloVeR9998,1695983486.0,Thanks for the clarification,t1_k2pdnrg,0.0004234550287947,1.3427338672045153e-06,2.310073614353314e-05,7.934190944069996e-05,0.0001012417633319,2.3622689695912413e-05,1.1908646229130682e-05,2023-09-29 10:31:26+00:00
AsahiLinux,cAtloVeR9998,1696415121.0,"The Arch Linux ARM repos are fully from upstream. Asahi adds their own repo on top of this. Currently the Asahi repo is behind on kernel updates vs Fedora but will be updated soonish. This repo will likely be updated till the upstream kernel/mesa/etc have sufficient support for Apple Silicon. Long term, the Asahi repo for ALARM will likely be discontinued when it's no longer necessary for basic functionality (but it'll be awhile till that happens).",t3_16zhbcj,0.0003569680848158,1.4269994608184788e-06,2.9647455448866825e-05,6.764427962480113e-05,9.423922165296972e-05,1.7255713828490116e-05,1.2742517355945893e-05,2023-10-04 10:25:21+00:00
AsahiLinux,cAtloVeR9998,1696820417.0,"The Asahi Linux project's goal is to make Linux usable on Macs with Apple Silicon. They have been spending time to make sure their changes are pushed upstream. Last I've heard, they were very close to getting the mainline Linux kernel booting on Apple Silicon (though mainline is far from usable those machines). Many of the changes from the project have been in the kernel, but also in the open source driver stack on Linux that is Mesa. Along with a handful of other packages.The Asahi Linux reference distribution is based on Arch Linux ARM, and takes the place of an extra repository added ontop of the upstream Arch Linux ARM repos. However, development focus has switched to the Fedora Asahi Remix, which naturally is based on Fedora and enjoys support from the Fedora project. Yes, if you really, really want to use Ubuntu, a community member has created a version of Ubuntu with Asahi's changes. They have made a site [here](https://ubuntuasahi.org/), but if you go that route, rather ask for support from them first as they may not incorporate all of Asahi's changes at the same time. To my knowledge, they don't have official endorsement from Canonical (though their lead appears to be on the Ubuntu Security team). I would strongly recommend going with [Fedora Asahi Remix](https://fedora-asahi-remix.org/) as that's what the Asahi team is working on and you will get the improvements first.",t3_173fzc4,0.0003789679904002,1.6280453110084636e-06,3.3803826227085665e-05,7.739664579275995e-05,9.15674027055502e-05,1.57574158947682e-05,1.4330928934214173e-05,2023-10-09 03:00:17+00:00
AsahiLinux,cAtloVeR9998,1697018873.0,"Developers use git to manage changes. Once they have made changes to a project they make a commit. That commit is essentially ""add these 3 lines at line 52. Add this new file. Modify line 58"". They then send that patch to the project for those changes to be ""merged"" into the project.",t1_k4e3b1t,0.0009570896509103,5.149826847627992e-06,0.0001351606042589,0.0001147235816461,9.318572847405449e-05,4.245156378601678e-05,5.182984023122117e-05,2023-10-11 10:07:53+00:00
AsahiLinux,cAtloVeR9998,1697385808.0,"Box64 can run X86_64 Linux apps (with page size emulation, so not the fastest in benchmarks)Many X86_64 Windows apps may have a hidden 32 bit dependency, which may not work in Box64. Fex-Emu in a container is the way to go when all the pieces come together. But please. Use Webcord or Armcord, and the native ARM version of VSCode.",t3_178hxy8,0.0004368885420262,2.2694716790283564e-06,4.663551226258278e-05,8.097342652035877e-05,7.509251736337319e-05,2.1265792383928783e-05,2.1443271180032752e-05,2023-10-15 16:03:28+00:00
AsahiLinux,cAtloVeR9998,1697393972.0,Appears like it [yes](https://github.com/AsahiLinux/docs/wiki/Feature-Support/_compare/34d8d11cdb73723a53d5374ceacea8a60f56eb68%2E%2E%2Efb9100a41384889b3257b124ee06e4d3e32bdea3),t3_178l985,0.0006425326573662,2.426745595585089e-06,7.356173591688275e-05,8.853858162183315e-05,0.0001055119355442,2.5081875719479285e-05,2.3232898456626572e-05,2023-10-15 18:19:32+00:00
AsahiLinux,cAtloVeR9998,1697399011.0,It's normal to pick up a load of random devices when you do a Bluetooth scan. bluetoothctl is verbose.Make sure that the light is flashing (aka in pairing mode. Hold down the mouse's power button when it's off). This is not Asahi-spesific.Note that you may have limited WiFi/Bluetooth performance if you are using a 2.4Ghz-only WiFi network at the same time as Bluetooth (though this is more of a concern with higher bandwidth devices like headphones).,t3_178lyxd,0.0004213278298266,1.5705378473285236e-06,3.226668559364043e-05,7.369484956143424e-05,9.736725041875616e-05,2.164735997212119e-05,1.4709718925587367e-05,2023-10-15 19:43:31+00:00
AsahiLinux,cAtloVeR9998,1697421585.0,"If you need something from the AUR that supports ARM64, install Distrobox and set up an ArchLinuxARM container. There's a community-maintained [image you can use](https://hub.docker.com/r/agners/archlinuxarm).",t1_k51g637,0.0004473346052691,1.7454036651542992e-06,3.8545327697647735e-05,7.539596117567271e-05,9.18057339731604e-05,2.0607518308679573e-05,1.719988722470589e-05,2023-10-16 01:59:45+00:00
AsahiLinux,cAtloVeR9998,1697473122.0,"Misinformation in title. The M1 only has an H.264/H.265 decode block, a VP9 decode block, and an H.264/H.265 encode block.",t1_k54kw9m,0.0009220264037139,5.54219650439336e-06,0.0001154105557361,0.0001236128009622,6.659695645794272e-05,4.9524645874043927e-05,6.244560063350946e-05,2023-10-16 16:18:42+00:00
AsahiLinux,cAtloVeR9998,1697499159.0,Follow this guide: https://github.com/AsahiLinux/docs/wiki/Partitioning-cheatsheet,t3_179hk5f,0.0004996450734324,1.8686715748117424e-06,4.761285526910797e-05,7.696196553297341e-05,9.159430192084984e-05,2.2902026103110984e-05,1.8623715732246637e-05,2023-10-16 23:32:39+00:00
AsahiLinux,cAtloVeR9998,1697546083.0,"Not possible. exFAT doesn’t support UNIX-style permissions. What you can do is set a mount option to change the default permissions for the whole drive, but there is no way to modify per-file permissions in a permanent way.",t1_k58z7o0,0.0004039914929307,1.4351485333463645e-06,2.7723663151846267e-05,7.729337812634185e-05,9.674650937085973e-05,1.864457954070531e-05,1.3473282706399914e-05,2023-10-17 12:34:43+00:00
AsahiLinux,cAtloVeR9998,1697643837.0,Ask in #asahi-dev on IRC. It’s not posted as that sometimes leads to user wanting tech support to get it working via email. I think that a link to some of the code was posted there a few weeks ago.,t1_k5ewrzi,0.0003843578451778,1.508636842117994e-06,3.1230996683007106e-05,6.575839506695047e-05,9.054110705619678e-05,1.8000060663325712e-05,1.5350358808063902e-05,2023-10-18 15:43:57+00:00
AsahiLinux,cAtloVeR9998,1697673218.0,The main person working on Thunderbolt does not accept donations (they are working a full time tech job and does Asahi on the side),t1_k5eouw2,0.0004359254962764,1.3276285244501196e-06,2.7524794859346e-05,7.572134927613661e-05,0.0001058649795595,1.8105371054844e-05,1.4796187315369023e-05,2023-10-18 23:53:38+00:00
AsahiLinux,cAtloVeR9998,1697673454.0,"It will likely be possible for dGPUs to run, however that'll likely take some kernel-space emulation hacks to get around the fact that Apple Silicon chips don't support all of the PCIe instructions that most GPU drivers rely on. This will likely come with significant performance implications. Any PCIe device without onboard memory is unaffected. Last I checked, it was unknown if the M2 Ultra was affected by this. But Martin has since gotten a Mac Pro but I don't know his findings.",t1_k5f5css,0.0003943842311855,1.33887601805327e-06,3.16038858727552e-05,6.066187415854074e-05,0.000109724329377,1.6636087821098045e-05,1.3393776498560328e-05,2023-10-18 23:57:34+00:00
AsahiLinux,cAtloVeR9998,1697679685.0,"In-game, check the debug screen with F3. Is llvmpipe currently in use? (that means software rendering)",t1_k55mqew,0.0004538903885986,2.0349548321974e-06,4.0981209167512134e-05,8.011175668798387e-05,7.994996849447489e-05,2.5315937818959355e-05,2.02571591216838e-05,2023-10-19 01:41:25+00:00
AsahiLinux,cAtloVeR9998,1697769834.0,"If the GPU is not being actually used, with everything being run on the much slower CPU, things will default to using the llvmpipe render. If Minecraft shows that llvmpipe is in use, then you probably need to look into adding an OpenGL override. Or possibly other debugging steps.",t1_k5icxsf,0.0004634472425095,1.8432039041726969e-06,3.5736316931433976e-05,8.491997141391039e-05,8.582255395594984e-05,2.3421407604473643e-05,1.7757980458554812e-05,2023-10-20 02:43:54+00:00
AsahiLinux,cAtloVeR9998,1697795094.0,Note the 4GiB limit on a single file's size imposed by the FAT32 partition,t3_17c4vdo,0.0007451241253875,3.765698238566983e-06,7.509344140999019e-05,0.0001245518942596,7.778545841574669e-05,3.213865420548245e-05,4.123382313991897e-05,2023-10-20 09:44:54+00:00
AsahiLinux,cAtloVeR9998,1697817080.0,"1. Ensure GPU drivers are installed   1. If you are using the original Asahi Linux reference distribution, make sure that the GPU drivers are installed. Follow [this guide](https://asahilinux.org/2022/12/gpu-drivers-now-in-asahi-linux/) to install the ""edge"" kernel/mesa   2. If you installed the Fedora Asahi Remix, no further action is required as that comes with the GPU drivers included.2. Apply an OpenGL override (needed till the GPU drivers support more features)   1. Follow [this guide](https://www.reddit.com/r/AsahiLinux/comments/161y8k7/minecraft_1201_on_mac_m1/). TL;DR you will need to launch whichever launcher you use with a special command (replace ""prismlauncher"" with whichever launcher you use. But I do recommend Prism as they patch Minecraft to support ARM)   2. You should be able to run 1.16.5 or earlier, as newer releases require a much higher OpenGL version which Asahi does not yet support.Tip: How to make a shortcut on Linux. Create a text file put ""#!/bin/bash"" on the first line, then put other commands (such as the command to launch your launcher with overrides) on a following line. Save the file with the "".sh"" extension (but Linux doesn't really care about extensions but it's good practice), then open up your terminal and navigate to where you saved the file (use ""cd <folder\_name>"" to open folders. ""cd .."" to go up one folder. ""ls"" to list all the files/folders in a directory). When you have found the file you saved, run ""chmod +x <file\_you\_saved>"" wich will **ch**ange **mod**e on the file to make it e**x**ecutable. You should now be able to double-click the shortcut you made and it will open the launcher with overrides.",t1_k5paia3,0.0009506675414741,4.974808234692318e-06,0.0002005743590416,9.146887168753892e-05,0.0001007247556117,2.8905813451274295e-05,7.350149826379493e-05,2023-10-20 15:51:20+00:00
AsahiLinux,cAtloVeR9998,1697819357.0,"Pacman is for ArchDnf is for Fedora.  But you shouldn't need ti to install GPU drivers.Note that Flatpak/Flathub version of Prism will not work as that uses it's own version of Mesa that isn't patched yet. But if you don't recall installing Flathub, don't worry about it.",t1_k5pdu60,0.0005376493209041,1.4231411569198826e-06,4.174942660029046e-05,7.266567990882322e-05,0.0001254828093806,2.013382072618697e-05,1.3680911251867656e-05,2023-10-20 16:29:17+00:00
AsahiLinux,cAtloVeR9998,1697819797.0,"Java version shouldn't really matter as long as it's not too old. The version Prism comes with should be close to the latest version. Running the latest Java version should pose no issues.If you do really want to change Java version (but please avoid something ancient like 8.0), follow the [Fedora guide](https://docs.fedoraproject.org/en-US/quick-docs/installing-java/) to install a specific version and then the [Prism Guide](https://prismlauncher.org/wiki/getting-started/create-instance/) to ensure that version is in use (but it should autodetect if you follow Fedora's instructions)",t1_k5pj4w9,0.0004312432429287,1.692952423582028e-06,3.550061956048012e-05,7.573478069389239e-05,8.86749621713534e-05,1.805524698283989e-05,1.5274919860530645e-05,2023-10-20 16:36:37+00:00
AsahiLinux,cAtloVeR9998,1697819949.0,"Install the native Fedora package.[https://prismlauncher.org/download/linux/#centos-stream-fedora-red-hat-enterprise-linux](https://prismlauncher.org/download/linux/#centos-stream-fedora-red-hat-enterprise-linux)     sudo dnf copr enable g3tchoo/prismlauncher    sudo dnf install prismlauncherFlatpak is great, but the Mesa changes for Asahi are very new but when they get upstreamed, the Flatpak version will get GPU acceleration as well.",t1_k5pkgyj,0.000421937322244,1.5055151152409962e-06,3.801505590672605e-05,7.366288627963513e-05,0.0001081035661627,1.746169618854765e-05,1.340647941105999e-05,2023-10-20 16:39:09+00:00
AsahiLinux,cAtloVeR9998,1697874687.0,Asahi formerly had a hack that loed you to set any charge limit by enabling/disabling charging based on battery rate in software. However that didn’t work in sleep. They found that the hardware (firmware?) actually has a hidden 80% charge limit that you can enable. This works during sleep (and maybe when the device is powered off. But I’m not sure). They have replaced the old work around by the new 80% limit which works without any additional software.,t3_17cvr31,0.0005582087906077,1.696627919045568e-06,4.479750350583345e-05,6.254864274524152e-05,0.0001152114273281,2.4055076210061088e-05,1.952964703377802e-05,2023-10-21 07:51:27+00:00
AsahiLinux,cAtloVeR9998,1697918053.0,"I mean, Arch Linux ARM [broke KDE yesterday](https://www.reddit.com/r/AsahiLinux/comments/17ck3th/how_to_resolve_this_dependency_hell/). It still appears to be broken (the dependency 404s). Arch Linux ARM receives significantly less maintenance than Arch Linux. Arch Linux itself provides no direct maintenance from Arch Linux, and the people who do run ALARM don't spend much time on the project. Issues can sometimes remain for years and bug reports go unanswered.You can always run Arch Linux ARM as a container, allowing you to install an ARM compatible AUR package if you need it.Fedora is a pretty neat distribution in my opinion. I was daily driving Arch for more than 6 years but now have switched fully over to Fedora for the last 2 or so years. Fedora has many more full-time maintainers compared to Arch which is mostly community-built. If you are worried about not being on the leading edge with Fedora, worry not as Fedora does provide quite frequent updates (sometimes the latest Gnome appears in Fedora before it does in Arch. As Arch has a single maintainer maintaining all of Gnome + like 300 other packages). Major software versions are bumped every 6 months with rolling security and some minor other updates. You can also get your hands on the very latest version of many apps with Flatpak.",t3_17da9p0,0.0003759993123821,1.408989760420809e-06,3.2648455089656636e-05,6.263567047426477e-05,0.0001007390746963,1.4864697732264176e-05,1.2624054761545269e-05,2023-10-21 19:54:13+00:00
AsahiLinux,cAtloVeR9998,1697918178.0,"Remember that Arch Linux and Arch Linux ARM are completely different distros.I won't call the current state of maintenance at ALARM to be ""good"" with it breaking [KDE yesterday](https://www.reddit.com/r/AsahiLinux/comments/17ck3th/how_to_resolve_this_dependency_hell/) with no fix in sight.",t1_k5vf0id,0.0005121348658576,1.563504952173389e-06,3.773560092668049e-05,7.817131699994206e-05,0.0001180884355562,2.0045326891704462e-05,1.4227082829165738e-05,2023-10-21 19:56:18+00:00
AsahiLinux,cAtloVeR9998,1698067091.0,Why would you need to copy the root filesystem?,t1_k6362i5,0.0004525491676758,1.3940641565568512e-06,2.401599704171531e-05,9.352999040856956e-05,0.0001040673450916,2.4621214834041893e-05,1.280330070585478e-05,2023-10-23 13:18:11+00:00
AsahiLinux,cAtloVeR9998,1698122770.0,"Just note as pacman seems to exist on your system that likely means you are not running the Fedora version. The Arch version still doesn’t come with GPU drivers and the link you sent is still valid. As you have just installed, it might be a bit of an ask but it may be helpful if you uninstalled and install the new Fedora version. Look up the Fedora Asahi Remix and to remove your current install, the Asahi Partitioning guide",t1_k6685x2,0.000438241258962,1.592259081917291e-06,4.148692460148595e-05,6.769112951587886e-05,9.255651093553752e-05,1.874021654657554e-05,1.492911087552784e-05,2023-10-24 04:46:10+00:00
AsahiLinux,cAtloVeR9998,1698181265.0,Well that was unexpected,t1_k6a78p9,0.0004256741376593,1.0888029464695137e-06,2.1397025193437003e-05,7.748621283099055e-05,0.0001122294997912,2.0723891793750223e-05,9.231619515048806e-06,2023-10-24 21:01:05+00:00
AsahiLinux,cAtloVeR9998,1698197232.0,"Support for the Secure Enclave processor is WIP.Full Disk Encryption could be helped by the Secure Enclave to protect against certain attacks, but on both macOS and Linux, all the actual encryption of your disk happens on the CPU (well, dedicated CPU instructions for to access the onboard accelerator, as a part of ARM 8.0 extension). The Secure Enclave Apple's version of a TPM. Though when the Secure Enclave is supported, I am honestly curious to see what use it can have (maybe smart card-like functionality? maybe something that can integrate into systemd-cryptenroll?).",t1_k6c0le1,0.0003746075381059,1.457157964068756e-06,3.3322728995699435e-05,6.17322584730573e-05,0.0001008004765026,1.6968002455541864e-05,1.3259696061140858e-05,2023-10-25 01:27:12+00:00
AsahiLinux,cAtloVeR9998,1698198066.0,"1. Apple Silicon devices have no support for external boot. A thumb drive will only be bootable with an appropriate 1st stage bootloader installed on the internal hard driver   1. However, this is not a bad way to go. You can use the old installation script to make a UEFI-only install, but no Fedora/Arch isos exist to do this, and you will need to be able to correctly setup the system from the USB environment (which I don't believe is as document as is the Arch case. But that is out of my league)2. That would be possible, but best just to use macOS's diskutil to shrink macOS's volume and create the /home partition with Linux (I'd personally recommend btrfs on LUKS).   1. The ""default"" Fedora install includes 4 partitions, 3 of which are mounted. (APFS firmware, /boot, /boot/efi, btrfs with / and /home subvolumes)The way I would probably best recommend is to give only a little bit of space to Linux to start off with, free a big chunk of space for /home (but / could be possible as well with GRUB), create a new LUKs partition with btrfs on top and btrfs-send (or dd, rsync) your files there. Add new /home to fstab + regenerate initramfs/grub config. If you want to do full disk encryption (aka / encryption) follow the guide on the Arch wiki for additional steps.",t3_17fsx12,0.0010410749819129,5.272554517432582e-06,0.0001237939868588,0.000141194963362,9.985468204831704e-05,3.3219454053323716e-05,6.088673762860708e-05,2023-10-25 01:41:06+00:00
AsahiLinux,cAtloVeR9998,1698249726.0,I believe this is a known issue. There are a bunch of problems with the Broadcom driver. Though contributions are coming down the pipeline from what I've heard.,t3_17g65is,0.0004459532210603,1.2830211062464514e-06,2.674154529813677e-05,7.524799730163068e-05,0.0001112857280531,2.085539927065838e-05,1.350804541289108e-05,2023-10-25 16:02:06+00:00
AsahiLinux,cAtloVeR9998,1698372654.0,"You should be able to switch between any installed DE in your Desktop Manager (aka, login screen). Things like WiFI passwords are global (and managed through NetworkManager).But yes, if you are switching between DEs on the same user profile, one DE can set a setting that is overridden by a different DE. So it's not best practice to do so. After having messed too many things up on Arch Linux in the past, I've become cautious of anything that writes to files in the home directory (as those aren't removed on uninstall). That's one reason I like Flatpak apps as those (mostly) limit things to 'virtual' home directories on a per-app basis under ""\~/.var/app/"". But that's not going to protect you if you for example try launching 2 different GTK-based DEs on the same user profile.",t1_k6lh65y,0.0005070453626103,1.681781554907502e-06,4.0194110624725e-05,7.86401069490239e-05,0.0001011510539683,2.129605127265677e-05,1.9684281141962856e-05,2023-10-27 02:10:54+00:00
AsahiLinux,cAtloVeR9998,1698880018.0,"Those 4 external displays will be able to connect to the USB-C ports. Ideally, use USB-C to Displayport cables/adapters (or HDMI or USB-C In on your monitor. Whatever it supports). Or you can use a Thunderbolt 3 or Thunderbolt 4 Hub. Naturally only after support is ready.",t1_k77z8pc,0.0004106380802113,1.6348943745470024e-06,3.273487163824029e-05,7.477738108718768e-05,9.50783141888678e-05,2.464080534991808e-05,1.6419709936599247e-05,2023-11-01 23:06:58+00:00
AsahiLinux,cAtloVeR9998,1698941513.0,"Re: Distribution, Apple has long maintained a known CDN which macOS pulls OS images if your OS get's corrupted. This CDN is non-authenticated and eventually Asahi will be able to pull updates directly.Re: RecoveryOS vs your main macOS install, the main macOS install is by default the ""machine ower"" in regards to the SEP, so no, RecoveryOS cannot directly replace it.",t1_k7inuz1,0.0005532459472306,2.227939830845571e-06,5.355262692319229e-05,8.136819087667391e-05,9.37968652579002e-05,2.2849928427604027e-05,2.320561725355219e-05,2023-11-02 16:11:53+00:00
AsahiLinux,cAtloVeR9998,1698946517.0,Interesting to hear. Thanks for the insights!,t1_k7iwmv2,0.0003989519318565,9.825780580285937e-07,1.7542613932164386e-05,7.769872172502801e-05,0.0001141314205597,1.6794874682091177e-05,9.333029083791187e-06,2023-11-02 17:35:17+00:00
AsahiLinux,cAtloVeR9998,1699213933.0,On Linux you typically use the PrtSc key. You will probably have to set your own keybinding for that on a Macbook though.,t3_17oj5py,0.0004022004723083,1.6043219375205808e-06,3.1368421332444996e-05,6.809129990870133e-05,9.304916602559388e-05,2.1790296159451827e-05,1.5451436411240138e-05,2023-11-05 19:52:13+00:00
AsahiLinux,cAtloVeR9998,1699554198.0,"You should enable Filevault in macOS to lock down RecoveryOS (to prevent reading your partition which could be done without machine owner credentials. You normally need machine owner credentials in order to allow non-Apple signed OSes).Regarding hardware hacks, we don't know if the SEP encrypts all traffic written to the NAND. If it does, it's fully transparent to the OS. U-boot is not locked down currently, it is able to boot external USB drives I believe with the right Asahi setup on them. There are future plans to allow the setup of a secure boot chain from m1n1 stage 1 (which up to that point is protected by Apple's secure boot chain) to m1n1 stage 2/u-boot and onwards to the final OS target. To clarify, you cannot boot an external OS from Apple's recoveryOS. The bootpicker (which in of itself is yet another copy of macOS) can only boot OSes installed onto the internal SSD (which are either Apple signed or signed in recoveryOS with the machine owner's credentials).",t3_17rh5t8,0.0004177378723397,1.410293748449476e-06,3.149788608425297e-05,6.700286030536518e-05,0.000109720553155,1.7799622582970187e-05,1.4061255569686182e-05,2023-11-09 18:23:18+00:00
AsahiLinux,cAtloVeR9998,1699800042.0,I imagine M3 will take a bunch of time. He estimated that it’ll be be ready in ~6 months till all is ready for the end user.,t1_k8x9zzb,0.0006385523593053,2.096334128509625e-06,4.655939119402319e-05,8.708337554708123e-05,9.274407784687357e-05,3.683011163957417e-05,2.4890632630558684e-05,2023-11-12 14:40:42+00:00
AsahiLinux,cAtloVeR9998,1699810943.0,USB 10Gbps is the fastest speed currently supported. 5Gbps Ethernet should work without any bottleneck.,t3_17tncu5,0.0003978260501753,1.5464689795408049e-06,2.8489021133282225e-05,7.776128040859476e-05,9.606906678527594e-05,2.216412576672155e-05,1.375293686578516e-05,2023-11-12 17:42:23+00:00
AsahiLinux,cAtloVeR9998,1699814524.0,The USB-A ports on the Mac Minis are limited to to 5Gbps but all other USB ports on Apple Silicon devices should support 10Gbps (USB 3.2 Gen 2x1),t1_k8ygt8r,0.0003766687586903,1.5486740494452531e-06,3.331986954435706e-05,6.715939525747672e-05,9.424011659575626e-05,1.905285353132058e-05,1.453064123779768e-05,2023-11-12 18:42:04+00:00
AsahiLinux,cAtloVeR9998,1699915570.0,I don’t recommend the Arch version. Arch Linux ARM is poorly maintained. Fedora is a pretty neat distribution. I was an Arch user on X86 for years but have been using Fedora instead for the past 2 years and enjoy it.,t3_17ujfwv,0.0004265136958565,1.8251245137435037e-06,3.62110004061833e-05,7.496344187529758e-05,8.377646008739248e-05,1.805035753932316e-05,1.673720180406235e-05,2023-11-13 22:46:10+00:00
AsahiLinux,cAtloVeR9998,1700014582.0,"The majority of the packages are sourced from Arch Linux ARM directly so when they update, you'll get updates. But things like kernel/mesa updates are really on the backburner for the project.",t3_17vfci3,0.0003540373581927,1.4492889022221789e-06,2.7514848625287417e-05,6.909317016834393e-05,9.013501403387636e-05,1.743563734635245e-05,1.338129095529439e-05,2023-11-15 02:16:22+00:00
AsahiLinux,cAtloVeR9998,1700053732.0,"Hardware support is mostly backed into the kernel, so you will need the latest version of the Asahi kernel for that. Things like speakersafetyd are also a bundled Asahi app that’s required for speakers.",t1_k9cdk6o,0.0003605847014114,1.5153519825616968e-06,2.858148582163267e-05,6.831398786744103e-05,8.97596764843911e-05,1.8175642253481783e-05,1.4027984434505925e-05,2023-11-15 13:08:52+00:00
AsahiLinux,cAtloVeR9998,1700162967.0,"Don't use Disk Utility. After backing up any data you wish to keep, follow the [Partitioning Guide](https://github.com/AsahiLinux/docs/wiki/Partitioning-cheatsheet) to remove the Arch partitions. Then install Fedora like normal",t3_17wuzg9,0.0005175059777684,1.9325880202814005e-06,3.961965558119118e-05,8.53414530865848e-05,8.822868403512985e-05,2.565835166024044e-05,1.870017331384588e-05,2023-11-16 19:29:27+00:00
AsahiLinux,cAtloVeR9998,1700228140.0,"On the previous Mac Mini, the HDMI was connected to the ""internal"" display controller rather than one of the ""external"" display controllers. Support for the external display controllers (the ones normally used for DP alt mode/Thunderbolt) is in the works but there is no ETA (it has been worked on for quite some time, and support is slowly emerging)",t3_17xaob9,0.0003672763996291,1.5845200778130677e-06,3.157704486511648e-05,6.778860552003607e-05,8.706020889803767e-05,1.8243106751469895e-05,1.4831507542112377e-05,2023-11-17 13:35:40+00:00
AsahiLinux,cAtloVeR9998,1700328700.0,Try the open source alternative [idevicerestore](https://github.com/libimobiledevice/idevicerestore). Worth a shot.,t3_17ya3ks,0.0027610915713012,6.046144335414283e-06,0.0002177446876885,0.0001527180866105,0.0002091431524604,0.0005066895391792,6.312262121355161e-05,2023-11-18 17:31:40+00:00
AsahiLinux,cAtloVeR9998,1700332081.0,"You can always do it yourself if you have a newish Mac with official tooling or with macOS, Windows, Linux, or Android with third party tooling.",t1_k9s3lm5,0.0007509559509344,1.9291776425234275e-06,6.0392500017769635e-05,8.0656616773922e-05,0.0001314937835559,3.0471119316644035e-05,2.618372491269838e-05,2023-11-18 18:28:01+00:00
AsahiLinux,cAtloVeR9998,1700332147.0,macOS and iOS are very similar on a lower level. Especially after the transition to ARM.,t1_k9sc7xh,0.0004246861790306,1.2188745586172445e-06,2.220510577899404e-05,7.949163409648463e-05,0.0001136659193434,1.818822966015432e-05,1.2018309462291654e-05,2023-11-18 18:29:07+00:00
AsahiLinux,cAtloVeR9998,1700333033.0,The update flow still needs to be reverse engineered. It might be possible to install/update macOS without DFU in future though,t1_k9r12br,0.0003786395536735,1.4509816992358535e-06,2.4791776013444174e-05,7.85282245487906e-05,9.388205216964708e-05,2.0364699594210833e-05,1.3804815353068989e-05,2023-11-18 18:43:53+00:00
AsahiLinux,cAtloVeR9998,1700334236.0,I’m honestly not sure. I believe it can at least do a full DFU restore. But I don’t know if it also supports fixing an existing OS,t1_k9snavk,0.000513770384714,2.0410695924510942e-06,4.24682475568261e-05,7.925086538307369e-05,8.386661647818983e-05,2.5001900212373585e-05,2.037849299085792e-05,2023-11-18 19:03:56+00:00
AsahiLinux,cAtloVeR9998,1700375623.0,More instructions [here](https://www.reddit.com/r/AsahiLinux/s/sOAjK8lN2x),t1_k9us3ey,0.0003483683685772,1.4380091215571156e-06,3.044541517738253e-05,6.480338925030082e-05,9.06281711650081e-05,1.642146526137367e-05,1.3422393749351612e-05,2023-11-19 06:33:43+00:00
AsahiLinux,cAtloVeR9998,1700392575.0,[What I’m basing my comment off of](https://www.reddit.com/r/AsahiLinux/s/IfLzTwLBzv),t1_k9vjwiu,0.0004235105297993,1.5137472928472562e-06,3.720323365996592e-05,6.275584019022062e-05,9.570861584506928e-05,1.8167254893342033e-05,1.5562169210170396e-05,2023-11-19 11:16:15+00:00
AsahiLinux,cAtloVeR9998,1700517382.0,Not on Fedora,t1_ka2aahq,0.0006033691461198,1.2860541573900264e-06,2.872666846087668e-05,8.65477486513555e-05,0.0001313022075919,2.6236564735881984e-05,1.1461551366664937e-05,2023-11-20 21:56:22+00:00
AsahiLinux,cAtloVeR9998,1700754487.0,It won’t be updated for a while though those features will eventually land.  For all intents and purposes the Arch version is no longer supported. Read through the other dozen or so posts on this sub about it if you want a full explanation.,t3_1821gwj,0.0004410659894347,1.685585289123992e-06,3.4485252399463207e-05,7.227701280498877e-05,8.636373240733519e-05,1.8607934180181473e-05,1.6756270269979723e-05,2023-11-23 15:48:07+00:00
AsahiLinux,cAtloVeR9998,1701177796.0,Flatpak applications are currently not GPU accelerated. Flatpak apps use their own bundled version of Mesa so it depends on Asahi's changes being upstreamed.Not everything in the stack is ready for performant Steam games,t3_185g1jb,0.0003577235038392,1.5881327044553473e-06,2.913649041147437e-05,7.346800703089684e-05,8.578490815125406e-05,1.7935375581146218e-05,1.463605985918548e-05,2023-11-28 13:23:16+00:00
AsahiLinux,cAtloVeR9998,1701305408.0,"Yes. Install the [native Fedora version](https://prismlauncher.org/download/linux/#centos-stream-fedora-red-hat-enterprise-linux). I am not up-to-date if any OpenGL overrides are needed out of the box. If using the non-Flatpak version of Prism, and you still get poor performance (and in-game it says your GPU is llvmpipe), then you still need an OpenGL override.",t1_kbc9b63,0.0006123076891526,1.5829763242436456e-06,4.416235606186092e-05,8.142524166032672e-05,0.0001322963071288,2.228771882073488e-05,1.720221553114243e-05,2023-11-30 00:50:08+00:00
AsahiLinux,cAtloVeR9998,1701370957.0,"Apple Silicon has no support for external boot.In future, the Asahi installer will likely support USB boot by only installing the minimum files to the SSD. Potentially without partitioning (though a bunch of things need to be completed first for this to happen). You will always need to have to have several GB per install as a minimum though.There won't be a way where you could use a USB drive just to test before installation. If you know what you are doing though, you can move the main partition of your installation to an external driver currently.",t3_187mhxv,0.0004042196087539,1.402198790856346e-06,3.258729702793062e-05,6.274321640376002e-05,0.0001033797379932,1.8700262444326657e-05,1.4664336958958302e-05,2023-11-30 19:02:37+00:00
AsahiLinux,cAtloVeR9998,1701462652.0,Will this likely be possible to do without adding a new GPT partition? Just with an APFS volume? (after the APFS driver and other bits are ready),t1_kbhob8h,0.0003729813615791,1.5617300732628792e-06,3.0239536499721e-05,7.18445735401474e-05,8.898379746824503e-05,1.9932364011765458e-05,1.560241071274504e-05,2023-12-01 20:30:52+00:00
AsahiLinux,cAtloVeR9998,1701545175.0,"Asahi doesn’t control what updates come from upstream ALARM. Only the handful of packages from the Asahi repo. If ALARM breaks itself again, you’ll need to wait for them to issue a fix.",t3_1896hp9,0.0004383699561003,1.5016520364952155e-06,2.848964504664764e-05,8.247623190982267e-05,9.814871737034991e-05,2.4228576876339503e-05,1.4519227988785133e-05,2023-12-02 19:26:15+00:00
AsahiLinux,cAtloVeR9998,1701613312.0,"Not yet. DP alt mode is in active development, though it shouldn't be too too much longer.",t1_kbt7pon,0.0004786810895893,1.497660377935972e-06,3.211451257811859e-05,7.692161307204515e-05,0.0001020945201162,2.0701847461168658e-05,1.6197711374843493e-05,2023-12-03 14:21:52+00:00
AsahiLinux,cAtloVeR9998,1701744902.0,You are accurate,t1_kc0uv4i,0.0010008151875808,1.1272231859038584e-06,2.9850329156033695e-05,7.359898881986737e-05,0.0002727089158724,2.3941289327922277e-05,1.48893841469544e-05,2023-12-05 02:55:02+00:00
AsahiLinux,cAtloVeR9998,1702165205.0,Just wait till it's ready.It was hidden for a reason.,t3_18elcql,0.001072866260074,2.050068587777787e-06,4.099985017091967e-05,0.0001343382609775,0.0001573783229105,0.000108156556962,2.6438652639626525e-05,2023-12-09 23:40:05+00:00
AsahiLinux,cAtloVeR9998,1703033915.0,"It will be released when it’s ready. After it came out an estimate of 6 months was given to bring M3 to feature parity. Hopefully the M4 will be supported faster. Fingers crossed, most of the big ticket outstanding features should be implemented before the M4’s release.",t3_18mgfvi,0.0003759324608836,1.5015962162578944e-06,3.140368062304333e-05,6.612569268327206e-05,9.405687160324304e-05,2.084959123749286e-05,1.416202576365322e-05,2023-12-20 00:58:35+00:00
AsahiLinux,cAtloVeR9998,1703322509.0,"It’s not impossible but things may be very slow and/or have compatibility issues. First check WineDB if the app even works in the Window to Linux translation layer (to run X86 Windows on X86 Linux), for example, [Solidworks](https://appdb.winehq.org/objectManager.php?sClass=application&iId=318) appears unsupported. There’s still the possibility of running a full Windows VM under Asahi (or macOS) though that won’t be super fast.If you find a Windows app that supports Wine, then take a look for the latest guide to run it in the FEX-emu Emulator (X86 to ARM). This needs to be run in a Linux VM though.",t3_18p1paw,0.0006870361394248,3.2225227641902165e-06,7.399921014439315e-05,0.0001285607286263,0.0001056849287124,1.6506754036527127e-05,7.670596824027598e-05,2023-12-23 09:08:29+00:00
AsahiLinux,cAtloVeR9998,1704126716.0,"And to be super clear, Thunderbolt isn’t supported on Asahi yet. Iirc the 5GbE USB to Ethernet adapter can do just over ~3Gbps in practice as the only 5GbE USB controller (which is flaky across all OSes) uses USB 5Gbps instead of USB 10Gbps and there’s overhead to account for.",t1_kfsc7xy,0.000397328811232,1.6931494428717997e-06,3.7594443710986525e-05,7.147194992285222e-05,8.938180690165609e-05,1.9251825506216846e-05,1.5204056580842009e-05,2024-01-01 16:31:56+00:00
AsahiLinux,cAtloVeR9998,1705236699.0,Depends on what features you need. Many of the remaining outstanding missing features should be resolved this year.,t3_196del9,0.0004933949676342,1.518313069936994e-06,2.846615097951144e-05,8.157306001521647e-05,0.0001028628030326,2.5880730390781537e-05,1.5327188521041535e-05,2024-01-14 12:51:39+00:00
AsahiLinux,cAtloVeR9998,1705373327.0,"Mullvad Browser seems only to support X86 I would highly recommend not going with a browser that you would have to run in an emulator. You could likely compile it yourself if you but on Asahi that will come without GPU acceleration (as Flatpak provides its own Mesa version. And not all the changes made to Mesa by Asahi have made it's way upstream). rt those in the settings pannel and that should ""just work"".For Librewolf ARM64 support is provided via Flatpak or wtheirith Tarball (don't install via Tarball, it doesn't auto-update) but not as deb/rpm packages. You could install via [Flatpak](https://flathub.org/apps/io.gitlab.librewolf-community) but on Asahi that will come without GPU acceleration (as Flatpak provides its own Mesa version. And not all the changes made to Mesa by Asahi have made their way upstream). The issues with Mullvad Browser and Librewolf are upstream problems. I would recommend going with a browser with better ARM support.",t3_197rdhm,0.000397646537749,1.4213128451956436e-06,3.441347143962048e-05,6.383474101312459e-05,0.0001030765633913,1.6242942365352064e-05,1.3271486750454642e-05,2024-01-16 02:48:47+00:00
AsahiLinux,cAtloVeR9998,1705379910.0,It seems Grammerly overrote part of my previous paragraph when issuing a correction. It’s half broken with Reddit so blame on me.,t1_ki2owz3,0.0020149843767285,3.031492724403506e-06,0.0001247141190106,0.0001313849934376,0.0002294679870828,9.740208770381288e-05,4.285441173124127e-05,2024-01-16 04:38:30+00:00
AsahiLinux,cAtloVeR9998,1707325919.0,ALARM docker already exists and doesn’t require Asahi patches,t1_kpbeqa6,0.0003813139046542,1.508268496763776e-06,2.521909300412517e-05,8.642041211714968e-05,9.221908840117976e-05,1.809492641768884e-05,1.378016713715624e-05,2024-02-07 17:11:59+00:00
AsahiLinux,cAtloVeR9998,1707328636.0,"https://github.com/agners/archlinuxarm-dockerYou don’t need patches (beyond having all of the software working on ARM64 with 16k pages, which is the case for all distros) to run a container image. The linked image is not technically official if that matters to you. But you can run AUR scripts with ARM compatibility in an  ALARM Distrobox container.",t1_kpczta7,0.0005164452595636,1.964800958376145e-06,4.7671463107690215e-05,7.931883737910539e-05,9.030949149746448e-05,2.036349542322569e-05,2.0446275811991654e-05,2024-02-07 17:57:16+00:00
AsahiLinux,cAtloVeR9998,1707574733.0,What apps are you talking about specifically?,t1_kprc0od,0.0004525084223132,1.440659730178595e-06,2.9597031243611127e-05,7.413312414428219e-05,0.0001009018378681,2.185183075198438e-05,1.5120306670723949e-05,2024-02-10 14:18:53+00:00
AsahiLinux,cAtloVeR9998,1707574849.0,He is still very active on development. He’s just streaming less on his channel,t1_kps3m7o,0.0007031213026493,1.5228810070766483e-06,4.2854942876147106e-05,7.200561958597973e-05,0.0001422352070221,2.4225433662650175e-05,2.2404627088690177e-05,2024-02-10 14:20:49+00:00
AsahiLinux,cAtloVeR9998,1707575211.0,"I would say that it is usable now. The biggest issues are stuttery video playback (will be fixed soonish with ongoing reverse engineering. Which mainly just needs to be implemented into standard APIs). Microphone support is missing. And no display out or Thunderbolt from USB-C. If those compromises are palatable to you, it can be daily drivable.",t3_1anba1o,0.0007778539438731,1.5648356566089203e-06,6.300312816165388e-05,6.747973384335637e-05,0.000198890294996,2.0256560674170032e-05,1.993196565308608e-05,2024-02-10 14:26:51+00:00
AsahiLinux,cAtloVeR9998,1707575380.0,https://asahilinux.org/fedora/#device-support,t1_kprezmc,0.0003943945630453,1.4457549468716024e-06,2.9200356948422268e-05,8.120347047224641e-05,9.529689123155548e-05,1.866021557361819e-05,1.2563163181766868e-05,2024-02-10 14:29:40+00:00
AsahiLinux,cAtloVeR9998,1707702109.0,Box86 doesn’t work on Asahi and never will. Apple Silicon has no support for 32bit ARM so you will either need to use Box64 or a different emulator (FEX is looking most promising. Qemu will function but will be very slow),t1_kpo4jnt,0.0010305173927918,3.039575403818162e-06,0.0001067015036824,0.0001067155462806,0.0001348545920336,2.0693065380328335e-05,6.937448779353872e-05,2024-02-12 01:41:49+00:00
AsahiLinux,cAtloVeR9998,1707717833.0,"I have heard that they are working on Box32 to allow running 32-bit binaries on 64-bit only CPUs. Note that FEX already supports this. If Asahi will have an official way to, say, run Steam, it’s most likely going to be with FEX.",t1_kq1r28n,0.0396831557154655,7.679050031583756e-05,0.0041428860276937,0.0017616666154935,0.001103893853724,8.45370814204216e-05,0.0456408001482486,2024-02-12 06:03:53+00:00
AsahiLinux,cAtloVeR9998,1707963799.0,"Try `su`. su or ""switch user"" will default to root if no argument is given, ie `su root`. Though I'm not 100% that will work as if no root password is set, that codepath is non-functional (without evoking sudo itself). A GUI filemanager may be able to elevate privledges via polkit though I'm not experienced enough to say if that would allow you to actually fix your issue (just avoid editing /etc/sudoers as that should only be edited with something like visudo to avoid errors)Overwise, try rebooting maybe? There is a chance your installation is soft-bricked (requiring to be mounted by a Linux VM on macOS) or a reinstall.",t3_1ar39vp,0.0006371681229211,2.9523409921239363e-06,6.629711424466223e-05,0.0001024930825224,8.254036220023409e-05,2.6245346816722304e-05,3.176593600073829e-05,2024-02-15 02:23:19+00:00
AsahiLinux,cAtloVeR9998,1707966675.0,"A guide to setting up Steam will come sometime likely later this year. If you really really wish to experiment right now, read into krunvm. Though this may not work at all and will not give optimal performance. This is currently not supported by the Asahi team as they have a lot on their plate right now. They have just pushed a very significant GPU update today. Getting Steam support is on this year's roadmap.",t3_1ar3p09,0.0003489957889541,1.3921284107709653e-06,2.8796750484616496e-05,6.293827755143866e-05,9.251512528862804e-05,1.6523621525266208e-05,1.287195846089162e-05,2024-02-15 03:11:15+00:00
AsahiLinux,cAtloVeR9998,1708292735.0,"Just would like to say, if I were you I would reconsider using Brave. The crypto company is a bit sketch, and isn't as private as Firefox with a few extensions added.",t3_1atrb13,0.0005562352016568,1.6792685073596658e-06,4.4062577217118815e-05,7.134590850910172e-05,0.0001061338407453,2.0544999642879706e-05,1.868523395387456e-05,2024-02-18 21:45:35+00:00
AsahiLinux,cAtloVeR9998,1708292909.0,Weird link. Page only shows if you capitalize the page,t1_kr1myuz,0.0007172005134634,2.6466111648915103e-06,5.335494643077254e-05,0.0001106567506212,7.879346230765805e-05,2.9412285584839992e-05,3.137670864816755e-05,2024-02-18 21:48:29+00:00
AsahiLinux,cAtloVeR9998,1708378488.0,Fractional Scaling on GNOME in XWayland will be available in GNOME 47 this September. [Source](https://www.phoronix.com/news/GNOME-XWayland-Frac-Scaling),t1_kr6gb9k,0.000379867531592,1.3986530120746463e-06,2.923663669207599e-05,7.292732334462926e-05,9.916398266796024e-05,1.8957101929117925e-05,1.2953948498761749e-05,2024-02-19 21:34:48+00:00
AsahiLinux,cAtloVeR9998,1708410411.0,"Skimming through the IRC dev channel is currently the best to hear news. Like when things like the initial work on hardware video decoding, mile stones like start of development, first frame, proof of concept where all reported first on IRC. Though the technical discussion can be a slog to read through.",t3_1au8jkk,0.0003353088977746,1.5292861235138844e-06,2.716589006013237e-05,7.086042751325294e-05,8.746428648009896e-05,1.8724496840150096e-05,1.4076202205615118e-05,2024-02-20 06:26:51+00:00
AsahiLinux,cAtloVeR9998,1708473052.0,"If it wanted the password for root, it would say:>\[sudo\] password for root:By default, no root password is set, so you cannot login to root directly. passwd doesn't require sudo if you are using it to set your own user's password as you need to then just give it your current password. You need to use sudo if changing a different user's password.Using sudo to change a user's password might have implications with your keyring. As if your keyring isn't decrypted already, it can't be reencrypted with a new password. (this is unrelated to regular user authentication). Things like VPN credentials can be set to only be tied to a single user account, in which case it would be stored in your keyring.",t3_1avv9wa,0.0006106426590122,3.1029412639327347e-06,5.966464595985599e-05,0.0001084233881556,7.191648182924837e-05,2.732146458583884e-05,3.6279958294471726e-05,2024-02-20 23:50:52+00:00
AsahiLinux,cAtloVeR9998,1708480716.0,"If you want to actually use Kali packages, just use a VM. Yes, there are some things that benefit from direct hardware access, but for everything else a container is the way to go.",t3_1avyclw,0.0004165365826338,1.615021460565913e-06,3.0332073947647583e-05,8.132707444019616e-05,8.934345532907173e-05,2.082818900817074e-05,1.476605120842578e-05,2024-02-21 01:58:36+00:00
AsahiLinux,cAtloVeR9998,1708548790.0,Eta: this year,t3_1awdiya,0.0004688826738856,1.1297221362838172e-06,2.8242398911970668e-05,7.23321718396619e-05,0.0001202596977236,1.827187043090817e-05,1.0955901416309644e-05,2024-02-21 20:53:10+00:00
AsahiLinux,cAtloVeR9998,1708565015.0,"You most likely just have a normal USB-C dongle that can speak DisplayPort Alt mode to connect it's HDMI port to your laptop, and USB 10Gbps to speak with other peripherals. The Ethernet plug is most likely just Gigabit. Unless there's more information not included in your original post.It *is* possible to encode HDMI and sometimes data over an ethernet cable, most commonly with HDBaseT. Something [like this](https://atlona.com/product/at-ome-ex-tx-wpc/) is for example is USB-C based and uses Ethernet to transport HDMI and USB 2.0 to up to 100m. Many other HDBaseT compliment adapters exist. Non-HDBaseT point-to-point HDMI adapters also exist though those typically don't encapsulate sent packets and only boost the signal (so I would avoid those if I were you). If you do want to get anything HDBaseT, do be prepared to spend quite a lot. No cheap dongle will give you HDBaseT functionality.Currently however, DisplayPort Alt mode is not supported on Asahi Linux, but that is set to change sometime later this year. The only currently supported external displays are the MacBook Pros with HDMI (and the Mac Minis if you count them). If you desperately require display out on your MacBook Air, DisplayLink is currently your only option (baring screen sharing to a different system), DisplayLink can work over USB 10Gbps, however do note that it requires a special more expensive dongle, may be difficult to set up, and if it works, it'll likely be a poor experience.",t3_1awg5sp,0.000452744658105,1.6375017821701476e-06,4.64979384560138e-05,6.390448106685653e-05,0.0001088798744603,1.8112416000803933e-05,1.6679614418535493e-05,2024-02-22 01:23:35+00:00
AsahiLinux,cAtloVeR9998,1708856327.0,Though don’t expect a great experience with DisplayLink,t1_krzywqx,0.0004143779515288,1.5223581613099668e-06,2.795322325255256e-05,8.459416858386248e-05,9.325372957391664e-05,2.2260041077970527e-05,1.5312229152186774e-05,2024-02-25 10:18:47+00:00
AsahiLinux,cAtloVeR9998,1708963451.0,"Taking a quick look, appears they have a [Flatpak package](https://flathub.org/apps/org.standardnotes.standardnotes) with aarch64 support. I recommend rather going for a Flatpak package if available (rather than AppImage, Snap, or pasting a random command from the internet). Flatpak should already be installed. Paste: “flatpak install flathub org.standardnotes.standardnotes”. If it gives you an error, you might not have FlatHub setup: “flatpak remote-add --if-not-exists flathub https://dl.flathub.org/repo/flathub.flatpakrepo”. If all this doesn’t work, it appears Standard Notes has a Web App.",t3_1b0ilpo,0.0004781176685355,1.7803547507355688e-06,4.34589346696157e-05,7.56079243728891e-05,9.737328946357592e-05,1.868338222266175e-05,1.8354478015680797e-05,2024-02-26 16:04:11+00:00
AsahiLinux,cAtloVeR9998,1708988778.0,Then all I can recommend is using the web app.Without more information about what errors were caused. Report upstream.,t1_ks9cd65,0.0004750392108689,1.994552803807892e-06,3.277660653111525e-05,9.068894723895936e-05,8.101660932879895e-05,2.4870108973118477e-05,1.9880631953128617e-05,2024-02-26 23:06:18+00:00
AsahiLinux,cAtloVeR9998,1709098062.0,"Not sure of all the details, but I can imagine that it's probably a page size issue.This should be resolved with official support for running 4k MicroVMs sometime this year.",t3_1b1ruwh,0.0006556044681929,2.910802550104563e-06,6.353667413350195e-05,8.588485070504248e-05,7.54322754801251e-05,3.1480529287364334e-05,3.495668352115899e-05,2024-02-28 05:27:42+00:00
AsahiLinux,cAtloVeR9998,1709163158.0,"You get those on macOS too.Most other platforms will either do a blackscreen or transparency. Apple decided to use purple (both Linux and macOS hook into the same GPU firmware in the end of the day. I believe that the GPU firmware is one of the few that Asahi *could* rewrite if they wanted to, but there's no point in adding needless more work to the small team)It will never 100% be fixed, as sometimes it's a GPU driver issue, often time it's a program feeding the GPU a corrupted shader.",t3_1b18y8y,0.0044243857264518,8.16443844087189e-06,0.0001223612489411,0.001592468121089,0.0007084327517077,5.477063314174302e-05,4.6012944949325174e-05,2024-02-28 23:32:38+00:00
AsahiLinux,cAtloVeR9998,1709163388.0,I've heard krunvm is currently broken. It should be officially supported though sometime this year.,t1_kra7prr,0.0003538286546245,1.4215568171493942e-06,2.5551620637997985e-05,6.875624967506155e-05,9.22239269129932e-05,1.808323031582404e-05,1.2556503861560486e-05,2024-02-28 23:36:28+00:00
AsahiLinux,cAtloVeR9998,1709299818.0,"What are you trying to accomplish? Why do you need to reinstall?A bunch has to be downloaded on every install, as Asahi pulls some components from Apple's CDN directly as they are not-redistributable.",t3_1b3twvc,0.0006596265593543,1.6088248457890586e-06,4.481404539546929e-05,7.817802543286234e-05,0.0001300077710766,2.2642145268036984e-05,1.8265982362208888e-05,2024-03-01 13:30:18+00:00
AsahiLinux,cAtloVeR9998,1709390102.0,Define not working. What’s the command output?,t3_1b4pd58,0.0009180374909192,1.6588087419222577e-06,4.225849625072442e-05,0.0001043831944116,0.0001733471581246,4.383925988804549e-05,1.8794464267557487e-05,2024-03-02 14:35:02+00:00
AsahiLinux,cAtloVeR9998,1709489103.0,"If you are new to Linux, I especially recommend you stay away from the unmaintained Arch Asahi release that still remains. Fedora is a good distro, speaking from someone who has used Arch on their personal machines for years. Though I've moved all my machines over to Fedora for a few years now as I prefer the experience on offer. What app problems are you currently having?",t3_1b5mjep,0.0006653759628534,1.4841559732303722e-06,3.898706199834123e-05,8.388453716179356e-05,0.0001367733057122,2.2227141016628593e-05,1.695530409051571e-05,2024-03-03 18:05:03+00:00
AsahiLinux,cAtloVeR9998,1709489536.0,"What apps? Where?In general on Linux, you should get apps from the repos if possible (aka installing them with ""dnf install"" on Fedora or ""apt install"" on Ubuntu.) On Linux you should only download from the developer website if there is no other option.Flatpaks (a way to package an application) are also good (though less recommended on Asahi as they don't have GPU acceleration on Asahi yet).",t1_kt6fd9v,0.0004199992690701,1.6940603018156253e-06,3.630400897236541e-05,7.67538949730806e-05,8.850279846228659e-05,1.869947845989373e-05,1.6299238268402405e-05,2024-03-03 18:12:16+00:00
AsahiLinux,cAtloVeR9998,1709489662.0,"KDE is recommended by the project.To oversimplify a lot, KDE is more ""Windows-like"" and GNOME is more ""macOS-like"" in design. The Asahi devs use KDE and the KDE devs have stepped in to fix more Asahi bugs. Not that GNOME is unusable, I am personally using it, it may just be a bit more buggy with a couple of missing features.",t1_kt6fgrr,0.0004037891922052,1.5066253808981855e-06,3.261615347582847e-05,6.950202077860013e-05,9.500852320343256e-05,1.7349651898257434e-05,1.433590477972757e-05,2024-03-03 18:14:22+00:00
AsahiLinux,cAtloVeR9998,1709490381.0,"Minecraft does officially provide a deb for Ubuntu/Debian, a rpm for Fedora, and a PKGBUILD for Arch, however they only officially support x86 on Linux. Java is for the most part architecturally independent, so virtually all the code runs. But Minecraft ships a compiled binary for graphics which needs to be swapped out for an ARM compatible one. Thankfully if you get a third party launcher, that's not a problem as they deal with everything for you. Paste in the first 2 commands in the Fedora section from [here](https://prismlauncher.org/download/linux/#centos-stream-fedora-red-hat-enterprise-linux) to install Prism Launcher.Itch.io appears to only give a binary installer for Linux which will certainly be X86\_64 and not ARM. There is no easy way to run this currently. Later this year it should be more easily possible to emulate X86 binaries with official instructions and full GPU acceleration. However for all intents and purposes, you can consider this unsupported currently. Asahi isn't going to be ideal if you want to play any arbitrary game.",t1_kt6gmb7,0.0003908226790372,1.3278842061481555e-06,3.0933046218706295e-05,6.70647423248738e-05,0.0001037588881445,1.521892500022659e-05,1.2371907359920442e-05,2024-03-03 18:26:21+00:00
AsahiLinux,cAtloVeR9998,1709579661.0,"You can do a semi-""fresh"" install by only using a DE from it's own user. So icons/theming don't overlap and you can copy (or even symlink) things like your firefox configuration.",t1_ktbxatt,0.0007856955053284,3.525816055116593e-06,8.179950236808509e-05,0.0001155122881755,7.894208101788536e-05,4.04008969780989e-05,4.0516686567571014e-05,2024-03-04 19:14:21+00:00
AsahiLinux,cAtloVeR9998,1709693361.0,Run Alarm in Distrobox. Issue solved,t1_kt07smz,0.0005030439351685,1.613049789739307e-06,2.9562901545432396e-05,8.165461622411385e-05,0.0001058669004123,3.155666490783915e-05,1.4759518307982944e-05,2024-03-06 02:49:21+00:00
AsahiLinux,cAtloVeR9998,1709695341.0,"Apple for the first time with the release of macOS for Apple Silicon allowed you to add your own boot policies to one of their ARM devices. There are 3 levels of security: Regular “Full” mode macOS signed by Apple which phones home at install to ensure you are running the latest version (iOS/iPadOS/tvOS/watchOS only supports this), reduced security where you are running a signed by Apple macOS version but without phoning home (aka, likely older version), or the third option where you run a macOS version which you personally sign and authorise for your device. This third option was deliberately designed for people to add third-party OS support. Asahi does the signing and hardware registration for you when you install (this is why you need to reboot into recovery to perform these security policy changes and enter the password of the “Machine owner” user to authorise). Asahi pretends to be macOS to the bootloader, which after being handed control switches to a more regular Linux bootup routine. Apple has only opened this up for M-series machines. The work done by Asahi has absolutely affected work on porting Jailbroken devices to Linux, especially as Apple has a “if it’s not broken, don’t fix it” with its heavy hardware reuse between releases (some dates back a real long time). Like bringing up Webcam support would make bringing up initial camera support for Android running on a jailbroken iPhone almost trivial. But it’s all Apple’s policy choices in the end. Asahi only supports the devices officially unlockable by Apple.",t3_1b4f3co,0.0004574563354253,2.1168457351450343e-06,4.842061753151938e-05,7.459242624463513e-05,0.0001074245228664,1.7955329894903116e-05,2.120902354363352e-05,2024-03-06 03:22:21+00:00
AsahiLinux,cAtloVeR9998,1709734508.0,"Installation via ISO will never be possible. Every OS install needs to be signed and registered with the hardware. And then the bootloader has no support for external boot (you need at least the first stage of Asahi’s boot sequence to be on the internal SSD. Practically several boot stages). So an Asahi install that is mostly located on a Single drive will not be portable (unless you perform the installation procedure on every machine). Additionally in order to change the change the security policy to authorise the installation with the hardware, you need the “Machine Owner” credentials aka from the first user account setup on the machine.",t3_1b7yfzp,0.0003899550065398,1.4649358490714803e-06,2.9694314434891567e-05,6.840355490567163e-05,9.382683492731304e-05,1.9126948245684616e-05,1.4350403034768531e-05,2024-03-06 14:15:08+00:00
AsahiLinux,cAtloVeR9998,1709745066.0,"You can always run AUR scripts in a Distrobox container (though ofc note what arch the AUR supports to ensure compatibility).You often get GNOME versions on the latest Fedora release before they land on Arch. Arch has one maintainer for all of GNOME (along with several hundred packages) while Fedora not only has community contributors, but also paid contributors working for Red Hat. I daily drove Arch over many installs for over 6 years, I've now been using Fedora on all of my machines for 2+ years now and I'm not switching back.",t1_ktm6q3r,0.000393660418922,1.5069631444930565e-06,3.448262214078568e-05,6.810513150412589e-05,9.595297888154164e-05,1.7310581824858673e-05,1.424734182364773e-05,2024-03-06 17:11:06+00:00
AsahiLinux,cAtloVeR9998,1709893687.0,Both the M1 and M2 series are supported. No reason not to get the newer chip in a like-for-like scenario.,t1_ktw5dgl,0.0003763138083741,1.359652856081084e-06,2.745519122981932e-05,6.625723472097889e-05,0.0001020864438032,1.9546918338164687e-05,1.2197374417155515e-05,2024-03-08 10:28:07+00:00
AsahiLinux,cAtloVeR9998,1709894127.0,"8GB can be a bit rough. Though it might be related to my particular setup using GNOME/Firefox/some RAM intensive PDFs/web apps. It might be a bug for me but things start to stutter when touching the on-disk swap. (M1 Air, 8GB). So personally I’m not getting an 8GB machine again (could always be a bug on my end though as my 4GB chromebook and previous 8GB desktop didn’t exhibit similar behaviour. Idk)",t3_1b9iazl,0.0035071263555437,1.0499140444153454e-05,0.0008603401947766,0.0002604271867312,0.000275713566225,4.997263749828562e-05,0.0002507761528249,2024-03-08 10:35:27+00:00
AsahiLinux,cAtloVeR9998,1710103661.0,"All 64k page size (a couple ARM servers) applications should work on any 16k (Apple Silicon and Raspberry Pi 5) and 4k (almost every other contemporary ARM device)  page size system. You can set a compiler flag to specify the maximum page size though (like Android has a policy of setting that maximum to 4k). However, the kernel does have a fixed page size (so yes a full VM with a 64k page size kernel will not work) though Apple Silicon does have hardware support for both 4k and 16k (though in Asahi, only a 16k kernel is provided by the project, so all running applications must be able to run in 16k mode). You can run either a 4k or 16k page-size aligned kernel in KVM, so yeah you're right.",t1_ku7rfvp,0.0006621077773161,3.745130243260064e-06,8.231681567849591e-05,0.0001039939379552,7.206448935903609e-05,2.8928649044246413e-05,4.298456769902259e-05,2024-03-10 20:47:41+00:00
AsahiLinux,cAtloVeR9998,1710266379.0,Rule 4. This is a very frequently asked question.Sometime this year is the ETA. It will be ready when it's ready.,t3_1bd3n7q,0.0004049002891406,1.4621554100813228e-06,2.6677740606828593e-05,7.944465323816985e-05,9.474244870943949e-05,2.353761919948738e-05,1.4053747690923046e-05,2024-03-12 17:59:39+00:00
AsahiLinux,cAtloVeR9998,1710361847.0,Why did you put a timeshift backup in /boot?,t3_1be0ag3,0.000493919593282,1.7612247802389902e-06,3.719897722476162e-05,8.086724847089499e-05,9.166498784907162e-05,2.604679684736766e-05,1.9068447727477175e-05,2024-03-13 20:30:47+00:00
AsahiLinux,cAtloVeR9998,1710362342.0,"Then delete it. If you want to be extra certain you don't want to delete anything, you can move it to your main partition.Either `sudo rm /boot/timeshift` or `sudo mv /boot/timeshift ~`",t1_kuqdum8,0.0030725963879376,6.987026154092746e-06,0.0001771951647242,0.0001912638253998,0.0001315908739343,0.0002124270686181,0.0001147277362179,2024-03-13 20:39:02+00:00
AsahiLinux,cAtloVeR9998,1710362594.0,"What are you trying to install?1. Search [https://src.fedoraproject.org/](https://src.fedoraproject.org/) to see if the package you want to install is in the repository. If yes: sudo dnf install <package-name>2. Are you sure the .deb file is ARM compatible? If it's from a random site it is likely only compatible with x86\_64 unless otherwise stated.  If it is ARM compatible and there is no alternative way to install, then install Distrobox and create a Debian container (make sure to set a custom home directory)If it is not ARM compatible and you must get the app to function, install Gnome Boxes where you should be able to install a X86\_64 VM of either Debian or Ubuntu.It will be easier to emulate X86 binaries in future with MicroVMs getting official Asahi support. You can investigate now if you are curious (though it lacks GPU acceleration currently)",t3_1be0wp2,0.000502142123878,1.753674268911709e-06,4.223202995490283e-05,7.654733053641394e-05,9.939612209564076e-05,1.9446721125859767e-05,1.795774369384162e-05,2024-03-13 20:43:14+00:00
AsahiLinux,cAtloVeR9998,1711324465.0,Standard should work fine,t3_1bmyv6a,0.000408123480156,1.5627239235982415e-06,3.116182779194787e-05,6.977070006541908e-05,9.532325202599168e-05,2.4563052647863515e-05,1.3836817743140273e-05,2024-03-24 23:54:25+00:00
AsahiLinux,cAtloVeR9998,1711474230.0,No. To my knowledge GPU memory pulls from the same pool as system memory.,t1_kwnw1tf,0.0006189165869727,1.4706314459544956e-06,3.0377635994227603e-05,8.860717207426205e-05,0.0001417377789039,2.1443129298859276e-05,2.4105574993882328e-05,2024-03-26 17:30:30+00:00
AsahiLinux,cAtloVeR9998,1711474422.0,Do note that 7.28 gibibytes = 7.817 gigabytes. Which would explain a lot of the discrepancy. Though in general memory/storage numbers are usually rounded before shown on consumer labels.,t3_1boaq26,0.0004209995677229,1.678471221566724e-06,3.350844781380147e-05,7.981848466442898e-05,9.051063534570858e-05,1.8907541743828915e-05,1.5827297829673626e-05,2024-03-26 17:33:42+00:00
AsahiLinux,cAtloVeR9998,1711979284.0,"Permissions won’t be preserved, aka, you won’t be able to mark anything as executable on an NTFS partition. It is a good option if you need cross-OS compatibility. If you don’t, I would recommend btrfs as that has full data checksums (aka, if a bit flips, your OS will be able to fix the corruption before it’s sent to the application) and you can easily make snapshots. You can use “btrfs send” to transfer a snapshot from your main partition to the external drive. And it will be smart with only storing the difference between snapshot images (and optionally with compression which will surpass what’s available with NTFS)",t3_1bt39ft,0.0006334921345114,1.7513261809654068e-06,5.2101553592365235e-05,7.497388287447393e-05,0.0001275579706998,2.123383455909789e-05,1.9220640751882456e-05,2024-04-01 13:48:04+00:00
AsahiLinux,cAtloVeR9998,1712162958.0,"Yes you could. Bcachefs is cool and might perform a bit better. However you don't get much of it's benefits with a single drive.Currently combining encryption/raid/btrfs can be messy. Like you could put btrfs on   LUKS on mdadm but if a bit flip is detected by btrfs, it will only be able recover via CRC32, not from potential reduntent copies that mdadm may have. You could solve this by using btrfs raid (yes yes raid56 is unstable) on LUKS, but it adds a lot of complexity having multiple different LUKS partitions with their own keys (or same key) which can add a lot more overhead if a single file is being written to disk with different keys for each stripe. However, it's perfectly fine to run btrfs on LUKS in a single-drive scenario, as would be typical for accessing an external drive.""bcachefs send"" is currently on their long-term ""TODO"" list so there's that. And even when it's implemented, you are only going to benefit if you also change your root filesystem over to it to. I believe it's only packaged for Fedora 40 onwards (though haven't checked myself) so you would need to switch to the current Beta if you want to try. It seems that Fedora isn't going to officially support bcachefs (in the GUI installer and such) until someone in the project steps up to offer support. I do believe that Fedora should be an adopter of bcachefs. They were first to switch to systemd/Wayland/pipewire/btrfs so I hope they experiment with bcachefs more in future.",t1_kxvhty9,0.0004904993111267,1.956728510776884e-06,5.078371032141149e-05,8.660065941512585e-05,0.0001061184666468,1.8957067368319255e-05,1.768143192748539e-05,2024-04-03 16:49:18+00:00
AsahiLinux,cAtloVeR9998,1712376136.0,"There is no direct relationship between Asahi and Apple. Apple deliberately engineered a system for third-party OSes to be installable without affecting vanilla macOS installs. They knew some Linux folk would likely put in the effort of making a port, and Asahi just so happens to fit into that role. Since release have done some offhanded tweaks to make it easier for Asahi (If I understood correctly, allowing a non-macOS specific executable format to be loaded at boot time. So that Asahi can use the raw formatting mode. Though Asahi doesn't depend on that). And how Apple does firmware has made it easier for Asahi to directly hook into in the same way as macOS. The Asahi project has reported some vulnerabilities to Apple that were found while reverse engineering. Apple's EULA explicitly allows third party OSes. However there is no relationship between Apple and Asahi.Apple has allowed users of Apple Silicon Macs to sign their own copy of macOS (with the user being able to register that OS to the Secure Enclave). Asahi pretends to be macOS before it boots Linux, so there's no bypass going on. Apple hasn't added that facility to any other device, and they are unlikely to do so unless compelled by regulators. All other Apple devices are as locked down as they forever were.That being said the work that Asahi has done would make it almost easy to port Android/Linux to a modern iPhone if Apple allowed it. The CPU cores are the same. The GPU is the same architecture. The firmware blob containing profiles for the webcams (which I believe use the iPhone 8 sensor I think? With a sensor of one of their newer phones in the more recent models) contain camera profiles up to the latest iPhone model.",t3_1bx0vvj,0.0004469624836929,2.653128603924415e-06,5.279164179228246e-05,9.527525980956852e-05,9.534497075947002e-05,1.8542887119110674e-05,2.475164001225494e-05,2024-04-06 04:02:16+00:00
AsahiLinux,cAtloVeR9998,1712377190.0,Would be a part of the larger dp alt mode work. Eta: this year,t3_1bx28ih,0.0004622945562005,1.6312204706991906e-06,3.738953819265589e-05,7.649464532732964e-05,9.699315705802292e-05,2.169948857044801e-05,1.635600892768707e-05,2024-04-06 04:19:50+00:00
AsahiLinux,cAtloVeR9998,1712503599.0,"One recommendation could be trying atomics. You could switch between the silverblue/kionite (gnome/kde) branches and it just be reasonably space efficient with btrfs snapshots/compression. You would still have the concern of each writing per-user configuration which wouldn’t be as easily switchable. Frankly for your case just install both KDE and GNOME on the same install, then use separate user accounts to make absolutely sure there isn’t cross-distro settings contention. Would mean though that you would see your GNOME apps appear available on KDE and vis-versa. So switching between different atomic branches at boot time along with a per-DE user would be optimal. That would significantly reduce the amount of disk space you waste.",t3_1by31w8,0.0013959415955469,1.5244111182255438e-06,7.056958565954119e-05,9.12360192160122e-05,0.0003929703088942,2.0060035240021538e-05,2.0037319700350057e-05,2024-04-07 15:26:39+00:00
AsahiLinux,cAtloVeR9998,1712585957.0,You can replicate it through layering the Asahi metapackage on top of the existing ARM Fedora image.,t1_kym9nll,0.0003754514909815,1.4441358189287712e-06,2.61555214819964e-05,7.584731065435335e-05,9.552397386869416e-05,1.99800942937145e-05,1.3971749467600604e-05,2024-04-08 14:19:17+00:00
AsahiLinux,cAtloVeR9998,1712589080.0,"It would include all the system level hardware improvements present in the main release. Asahi uses the upstream repositories for most packages, while placing their changes in a copr iirc. You would be able to easily replicate that with Silverblue. Though setup would be a bit more involved as you may need to install from an existing installation. Silverblue is just another way to install and configure all the same actual packages.",t1_kymlv1t,0.0003799394180532,1.5801829249539878e-06,3.1513151043327525e-05,7.025427476037294e-05,8.965291635831818e-05,1.8315031411475505e-05,1.4372481928148773e-05,2024-04-08 15:11:20+00:00
AsahiLinux,cAtloVeR9998,1713062109.0,"Ah jemalloc. They do explicitly support compiling to a larger page size than what the CPU uses (namely to 64k, while most ARM uses 4k and Asahi uses 16k.) Something compiled to 64k page size works on any 64, 16, or 4k system. But something compiled with a max page size of 4k won't work on something 16k/64k (or 16k max on 64k). Most compilers will just use 64k for universal aarch64 compatibility (however sadly Android sets a maximum of 4k due to bureaucratic reasons; they haven't seen the need to change).Why don't they then set 64k as the default then? Because it disables a couple optimizations that can be made if you assume a page size. So they insist on making ARM binaries non-transferable between different ARM systems as the default behaviour due to a slight performance increase you get if you set a maximum of 4k page size on 4k systems. Which is stupid to have it set as the default.I quite like Flatpak, but currently it's not optimal on Asahi as upstream Mesa (GPU drivers) haven't gotten all of the Asahi changes yet (aka no GPU acceleration in Flatpak yet). Contact the Telegram Flatpak maintainers to ask about changing the default jemalloc setting to 64k to support all Aarch64 systems.",t3_1c34b87,0.0639343783259391,1.806328873499297e-05,0.0056395442225039,0.0004040708590764,0.0139925563707947,5.371255974750966e-05,0.0002885354624595,2024-04-14 02:35:09+00:00
AsahiLinux,cAtloVeR9998,1713103933.0,"They give some more details on [the wiki](https://github.com/AsahiLinux/docs/wiki/Broken-Software). Marcan has written more about it. Google for more details.Some additional info: Some ARM servers use a 64k page size. The Raspberry Pi 5 uses 16k as well.Apple Silicon has support for both 4k and 16k with 4k support being mostly just used for emulation (as X86 uses 4k pages). Using larger pages comes with with a sizable performance improvement too. While applicions work fine with a smaller page size than what they were compiled with, the kernel is an exception. Page size is treated as a constant and that's quite unlikely to change (and would likely hurt performance if it did). Apple Silicon has limited support regarding the things the kernel needs when you run a 4k kernel (which you can currently do with jank that will never be upstreamed, with worse performance and hardware support). Another limitation is you cannot run 2 different page sizes at the same time in userspace. However that limitation doesn't exist with KVM (kernel virtual machine) aka the cross-platform way to virtualize a guest on the CPU. Why is this important? As I mentioned X86 uses 4k pages and emulating that with 16k pages is a very performance expensive thing. Android with it's 4k max page size is also a problem. You can run a VM (with a 4k Linux kernel) on your 16k host and get much better emulation performance. Using the FEX emulator in a MicroVM is hence the most likely way forward for emulation in Asahi.",t1_kzioqd0,0.0008053158526308,5.194441200728761e-06,0.0001206166343763,0.0001206193919642,7.955730688991025e-05,2.919874168583192e-05,6.091403338359669e-05,2024-04-14 14:12:13+00:00
AsahiLinux,cAtloVeR9998,1713718863.0,"X11 is at least partly broken on Asahi from what I've heard (don't know if that's changed since though). Even though Plasma 6 switches to Wayland by default upstream, Wayland has been default on KDE Fedora since 2021. Asahi has always been focusing on Wayland. Switching back to X11 isn't a magical fix for all your problems and isn't a long-term viable solution. Gnome is going to completely remove X11 session support soon. KDE will [eventually](https://www.youtube.com/watch?v=S2mLlYi2h44) remove X11 session support aswell.So much is currently moving forward in the Wayland (Linux graphics) space currently. NVK is looking very promising for Nvidia GPUs. The Nvidia proprietary driver is getting updates to improve Wayland support constantly. HDR is looking promising with mutter, kwin, wlroots, and mesa working on implementations (with the protocol being nearly finalized). Wayland has improved a lot in these past years, with even more improvements set for later this year.",t1_l0i7mlv,0.0004174484347458,1.4874589169266985e-06,3.279793236288242e-05,7.650376937817782e-05,0.0001065720643964,1.7184229363920167e-05,1.3526660040952264e-05,2024-04-21 17:01:03+00:00
AsahiLinux,cAtloVeR9998,1713720564.0,Installing an unsigned app from the internet on macOS is an utter pain,t1_l0m2cqd,0.0010125605622306,1.7379060182065589e-06,4.0660324884811416e-05,0.0001185886721941,0.000166048441315,3.854892929666675e-05,2.1690404537366703e-05,2024-04-21 17:29:24+00:00
AsahiLinux,cAtloVeR9998,1713759986.0,"Yes yes, it's just made intentionally difficult. I understand and somewhat support the reasoning behind it, as people less technically literate (and more technically minded people as well) will adimently click through warnings to try to open the thing they downloaded. I understand the decision for security reasons not prompt the user to disable that setting, but am equally annoyed when I was just trying to install some FOSS tool that had a broken build for Linux and the developer couldn't be bothered with setting up code signing.",t1_l0p4h4e,0.0006507470388896,2.1804305561090587e-06,5.979587876936421e-05,8.154225361067802e-05,0.0001102013193303,1.9239399989601225e-05,2.8051683329977095e-05,2024-04-22 04:26:26+00:00
AsahiLinux,cAtloVeR9998,1714359938.0,"Do note that Fedora isn't rolling, so all of the upstream Fedora 39 packages will get only minimal updates within the F39 lifecycle. Fedora 40 has just released so once the Asahi project gives the go-ahead to upgrade to it, you will get much newer packages.Asahi is a volunteer lead project project with people mostly contributing on their spare time. I've read from 2 contributors that they will be working more in the summer as they are focusing on Uni work currently. Hector Martin has had to have a break for personal reasons, with him being out of Japan for a longer than expected amount of time. Though he is now back in Japan so hopefully will be able to contribute more soon.Much of the main big ticket issues are already solved with only Vulkan (several people, notably Ella. With others such as Lina working on Mesa), Thunderbolt/USB4 (Sven), and microphone + video encode/decode support (eiln), with Janne and Hector contributing to bunch of things.It's been quite in terms of announcements, but here and there issues are getting fixed and code is being upstreamed.",t3_1cfmvee,0.0003434407408349,1.2336033705651062e-06,2.8172538804938085e-05,5.821960075991228e-05,0.0001028132755891,1.4294512766355185e-05,1.1784642993006855e-05,2024-04-29 03:05:38+00:00
AsahiLinux,cAtloVeR9998,1714407572.0,"Too my knowledge, this hasn’t changed",t3_1cg1bhf,0.0003592636785469,1.1587848121052955e-06,2.1017562175984494e-05,7.11336761014536e-05,9.885148028843103e-05,1.6514120943611488e-05,1.0809649211296346e-05,2024-04-29 16:19:32+00:00
AsahiLinux,cAtloVeR9998,1714441187.0,"Well the whole package is ""Thunderbolt 3, USB4, and DisplayPort Alternative mode"" that Sven is working on.",t1_l1uq9n3,0.0003451620577834,1.4366630693984916e-06,2.4711707737878896e-05,7.529975118814036e-05,9.149932157015428e-05,1.877595786936581e-05,1.252645961358212e-05,2024-04-30 01:39:47+00:00
AsahiLinux,cAtloVeR9998,1714667203.0,"Beyond the mandatory: ""Don't use Brave!!"", graphics acceleration should ""just work"" if you didn't install it via Flatpak (which can't have graphics acceleration till the relevant Asahi changes are upstreamed).",t3_1cidab3,0.0003996435552835,1.6544562413400854e-06,2.8922853744006716e-05,8.351929136551917e-05,8.639685256639495e-05,2.1006080714869313e-05,1.5171438462857624e-05,2024-05-02 16:26:43+00:00
AsahiLinux,cAtloVeR9998,1714675836.0,"Graphics acceleration for everything with an OpenGL backend? Supported. Hardware accelerated (H.264/H.265) video decoding? Not yet released, though will likely be ready for rollout this year.",t1_l29kgbs,0.0003748336457647,1.4727015695825685e-06,2.621970452310052e-05,7.557094068033621e-05,9.565779328113422e-05,2.006832073675469e-05,1.2478124517656395e-05,2024-05-02 18:50:36+00:00
AsahiLinux,cAtloVeR9998,1715187154.0,"This is going to be xorg, which isn’t recommended. MATE has an experimental Wayland release. But it’s very early stage.",t1_l34zi5u,0.0005233283154666,1.8324426491744816e-06,3.956634100177325e-05,8.391685696551576e-05,9.300569945480676e-05,2.0023433535243385e-05,1.875396446848754e-05,2024-05-08 16:52:34+00:00
AsahiLinux,cAtloVeR9998,1715187356.0,Good to hear. Though (Cinnamon/MATE/XFCE) are likely going to take a few years at least for everything to become stable.,t1_l35k849,0.0004187757149338,1.4227082374418387e-06,3.301839387859218e-05,7.332563836826012e-05,0.0001021324060275,1.7887137801153585e-05,1.4688495866721496e-05,2024-05-08 16:55:56+00:00
AsahiLinux,cAtloVeR9998,1715256609.0,"I mean it launches, it’s just going to be a worse time than Wayland. May break at anytime, only XWayland will get development time dedicated to it.",t1_l39fze0,0.0004179900279268,1.3833935099683004e-06,2.8047645173501223e-05,7.60894181439653e-05,9.953715925803408e-05,2.1056564946775325e-05,1.401119152433239e-05,2024-05-09 12:10:09+00:00
AsahiLinux,cAtloVeR9998,1715256937.0,No hardware accelerated video decoding or encoding is currently supported. It has been reverse engineered but that still needs to be hooked up to the relevant userspace APIs. Elin was working on it but took a break a few months ago. Plans to work on it this summer iirc.,t3_1cngnur,0.0003820722340606,1.6099482991194236e-06,3.3699474442983046e-05,6.454312824644148e-05,8.773501758696511e-05,1.8223545339424163e-05,1.588748455105815e-05,2024-05-09 12:15:37+00:00
AsahiLinux,cAtloVeR9998,1715351680.0,"Fedora only includes free software. Both in their main rpm repo and their Flatpak repo. For example, Firefox won’t include support for decoding some proprietary codecs that may be supported in the upstream Flathub repo.Though do remember, ho hardware acceleration on Flatpaks on Asahi till Asahi’s changes are upstream.",t3_1cii3pe,0.0003965649812016,1.4474463796432246e-06,3.079746966250241e-05,7.058068877086043e-05,9.701636736281216e-05,1.6893825886654668e-05,1.3243822650110816e-05,2024-05-10 14:34:40+00:00
AsahiLinux,cAtloVeR9998,1715447844.0,I thought they published aarch64/ppc64le atomic images no? ISOs are provided on the Silverblue [downloads page](https://fedoraproject.org/atomic-desktops/silverblue/download) at least. Naturally assumes your device supports Fedora/ISO booting ofc.,t1_l3knfvs,0.0004813444975297,2.082805167447077e-06,4.510094368015416e-05,8.406591223319992e-05,8.382976375287399e-05,2.2885040380060673e-05,1.993150908674579e-05,2024-05-11 17:17:24+00:00
AsahiLinux,cAtloVeR9998,1715594719.0,And most likely never will,t1_l3tsqql,0.0019473120337352,2.1599969386443263e-06,4.095702388440259e-05,0.0002532942453399,0.0002469188475515,0.000226648437092,1.6487905668327585e-05,2024-05-13 10:05:19+00:00
AsahiLinux,cAtloVeR9998,1715616019.0,"Well, I'm realistic.Usually chip makers at least port their chip to Windows, though often times requiring 3rd parties to add support for the specific board. Apple will not port Windows to Apple Silicon. Microsoft has no financial incentive to port Windows to Apple Silicon. No one in the community is wishing to work on porting Windows. I don't even know how feasible it would be to even try, given that Windows is closed source. Would be pretty difficult to upstream potential patches. This is not happening.What works / will work in future is running Windows on macOS/Linux natively in a VM. In future, even with graphics acceleration (virtIO GPU).",t1_l3ul9hu,0.0003571062698028,1.351344735667226e-06,2.8722970455419272e-05,6.392465002136305e-05,0.0001017327158479,1.5970517779351212e-05,1.223946219397476e-05,2024-05-13 16:00:19+00:00
AsahiLinux,cAtloVeR9998,1715637242.0,"Sorry, wasn't obvious. Some people really believe that Windows will be ported (not technically impossible, the work will just never be done) as apart of the project.",t1_l3v81cm,0.0003834471281152,1.3995362451169058e-06,2.5825824195635505e-05,7.595943316118792e-05,9.416071407031268e-05,1.8542850739322603e-05,1.3362850950215943e-05,2024-05-13 21:54:02+00:00
AsahiLinux,cAtloVeR9998,1716367810.0,And if you don’t want to container to write to the default HOME directory location?,t1_l54am9f,0.000498917826917,1.3484764167515095e-06,2.4297783966176212e-05,9.967545338440686e-05,0.0001131530007114,2.2060943592805415e-05,1.436204183846712e-05,2024-05-22 08:50:10+00:00
AsahiLinux,cAtloVeR9998,1716368225.0,"Oh great. I use distrobox already on my other machines and always set that flag. (One of the reasons I really don’t like toolbox, as anytime people bring up the option of having an alternative home directory, the issue is closed as duplicate of a long closed issue. Which was closed for “clutter” reasons even though it’s essential for many usecases)",t1_l557hk2,0.0005014327471144,1.41118971441756e-06,3.558162279659882e-05,6.701570964651182e-05,0.0001228308537974,1.939691719599068e-05,1.503790645074332e-05,2024-05-22 08:57:05+00:00
AsahiLinux,cAtloVeR9998,1716407117.0,I thought Box64 already supported 16k page size?The changelog only reports that page size is now detected automatically. So it appears to be an error in the reporting to me.It's not desirable to emulate 4k pages on a 16k page emulator. Much better to use 4k pages natively (possible if running in a KVM-based virtual machine like krun. As that get's around the limitation that process page size must match the global kernel page size.),t3_1cy6sp3,0.000738711154554,5.008765128877712e-06,9.728215081850068e-05,0.000123480494949,6.489367660833523e-05,3.4077424061251804e-05,5.781229992862791e-05,2024-05-22 19:45:17+00:00
AsahiLinux,cAtloVeR9998,1716420477.0,More likely a performance benifit that a penalty as page size emulation is expensive.Though running a whole second Linux kernel in (an albiet accelerated) VM will natrually add some overhead.,t1_l58p2ly,0.0005540987476706,2.0333952761575347e-06,4.143283877056092e-05,8.867487485986203e-05,8.554972009733319e-05,2.4053357265074737e-05,2.2514592274092134e-05,2024-05-22 23:27:57+00:00
AsahiLinux,cAtloVeR9998,1716425488.0,Alright. So I assume that true page size emulation is relegated to QEMU then?,t1_l597d6t,0.0007227241294458,2.62333674072579e-06,5.020108801545575e-05,0.0001250158384209,8.109853661153466e-05,3.0180504836607724e-05,2.8099288101657297e-05,2024-05-23 00:51:28+00:00
AsahiLinux,cAtloVeR9998,1717361072.0,It will be supported sometime this year. Remember that a lot (but not all) of the reverse engineering is being done by one guy in their spare time. They have dumped/reverse engineered firmware from some of the supporting chips found on the board. There are so so many moving parts to support all the protocols that USB-C supports on a new board. Having multiple outputs from the display controller. Making sure things still work during failure conditions. Getting proper sleep/resume support. Really hard problems to solve that would normally be tackled by a full time team. It’s remarkable we have what we have now.,t3_1d6lnki,0.000605677254498,2.498383537385962e-06,8.092063217191026e-05,9.344912541564554e-05,0.0001718801941024,4.102246020920575e-05,1.8817599993781187e-05,2024-06-02 20:44:32+00:00
AsahiLinux,cAtloVeR9998,1717784023.0,"I personally don’t see the security advantage. You do remove 1 blob, but if you are assuming Apple is nefarious, there are plenty of easier blobs to poison.",t3_1dafrxa,0.0521239005029201,1.933052953972947e-05,0.0008750756969675,0.0014780063647776,0.0035104472190141,0.0038317537400871,0.0006908797658979,2024-06-07 18:13:43+00:00
AsahiLinux,cAtloVeR9998,1719664410.0,"The ISA extensions for X86 is mostly just TSO I believe. Which is in the latest ARM spec. The proprietary Apple extensions are mostly in their own extra way to do matrix multiplication I believe. Will never be supported by Asahi as it would never fly upstream (the people maintaining the relevant part of the kernel are ARM Inc. employees who wouldn’t be pleased merging spec-breaking changes). There is however nothing legally stopping you from using the proprietary changes. Contract law only binds the contracting parties, unless if Apple explicitly said you couldn’t in the EULA you agreed, you can’t be legally barred from using those extensions.",t1_latboc0,0.0003853637026622,1.398360836901702e-06,3.0488212360069156e-05,6.79270233376883e-05,9.933101682690904e-05,1.5143828932195902e-05,1.2499489457695743e-05,2024-06-29 12:33:30+00:00
AsahiLinux,cAtloVeR9998,1720070886.0,"Apple engineered a system to allow hardware-signed copies of macOS to boot on M-series Macs alongside verified copies of macOS. This was deliberately done to allow third party OS support. Asahi has used this to port Linux over, all the time making sure they do so above board. Apple has chosen to not provide the same features on any of their i-devices. As such there is no way to boot a third-party OS without jailbreaking. Jailbreaking is currently only possible I believe on devices that predate the equivalent M1 chip, so it wouldn’t be possible without significant effort. The Asahi project isn’t interested on working with Jailbroken devices. If you wish to see Linux on the iPad, Apple is the one you should be pushing.",t3_1duc8l6,0.000423069082899,1.4192701200954616e-06,3.416248000576161e-05,6.305457645794377e-05,0.0001093809405574,1.6873505956027657e-05,1.3958192539575975e-05,2024-07-04 05:28:06+00:00
AsahiLinux,cAtloVeR9998,1720108876.0,"> TrollStore is not a jailbreak.You can run any generic Linux OS when you have access to Hypervisor.framework, no Asahi patches needed.",t1_lbm2p2o,0.0355094335973262,6.532882252940908e-06,0.0010232696076855,0.0005147129413671,0.0131662916392087,7.436834130203351e-05,0.00021485229081,2024-07-04 16:01:16+00:00
AsahiLinux,cAtloVeR9998,1722549326.0,Asahi does use the same bootloader. Everything up to loading macOS's XNU kernel is the same as macOS. m1n1 pretends to be n XNU kernel which in-turn starts U-Boot (providing a UEFI environment) and then your bootloader/kernel.In the further future you will be able to external boot without internal SSD partitioning but it still involves writing files to the internal disk and locks your install to the hardware (and your external install won't boot on a seperate Mac that doesn't have that installed).,t1_lg1i26w,0.0004778896109201,1.823979573600809e-06,4.499024726101197e-05,7.462899520760402e-05,9.71531990217045e-05,2.1678928533219732e-05,1.9236080333939753e-05,2024-08-01 21:55:26+00:00
AsahiLinux,cAtloVeR9998,1722584998.0,"No? What is already possible?External boot via doing a partial install on the SSD and partly on the external drive. Full USB booting without partitioning [will come](https://www.reddit.com/r/macgaming/comments/1asf6yk/comment/kqv8szx/), but it's dependent on someone writing the full USB stack in Rust (at least with how they wish to implement it) and is a low priority thing.",t1_lg30gt7,0.000401081459131,1.3567113228418748e-06,3.090176323894411e-05,6.345668225549161e-05,0.0001045966200763,1.8006361642619595e-05,1.3946721992397215e-05,2024-08-02 07:49:58+00:00
AsahiLinux,cAtloVeR9998,1723441707.0,"Actual Linux applications for ARM shouldn’t care about the page size (if they do, that’s a bug). Distrobox is just a container manager, so will always match the system page size (ie, 16k on Apple Silicon). Waydroid won’t work due to the fact that all Android devices use 4k pages, and the current standard is to set the maximum page size to 4k at compile time. Apple Silicon does technically support both 4k and 16k pages, but booting on 4k pages cones with significant limitations and is thus unsupported by the project. The page size must match between all applications and the kernel. However, you can mix running page sizes with KVM. KVM (kernel virtual machine) is a generic way across architectures to expose running VMs  directly on the hardware with little overhead. You can run a KVM VM with the guest kernel being 4k on a 16k host. All running applications will still then have a page size that matches the fixed page size in the kernel. [krun](https://github.com/slp/krun) is the supported way from this project to run programs in 4k VMs. Though note support isn’t fully complete yet. This will be the way to emulate x86 with FEX-emu and to run 4k-only Linux programs such as Waydroid.",t1_lhopj2u,0.0006216579349711,3.2315431326424005e-06,7.437585736624897e-05,9.93448484223336e-05,8.215416892198846e-05,2.432739347568713e-05,3.6753062886418775e-05,2024-08-12 05:48:27+00:00
AsahiLinux,cAtloVeR9998,1727431286.0,They explicitly engineered a solution for unsigned copies of macOS to installed alongside signed copies of macOS. They definitely have had internal discussions about this and have built tooling to sign macOS yourself. They have allowed installing third party OSes into their EULA. It would have been less work for them to continue what they have done on iOS/iPadOS with locking down the firmware so that only macOS could boot on it. They officially don’t provide any support for Linux but it was a continuous choice to allow others to create such support.,t1_lp5o4h9,0.0003797344688791,1.3567746464104855e-06,2.8968648621230383e-05,6.507195939775556e-05,9.959640010492876e-05,1.6444784705527127e-05,1.368547964375466e-05,2024-09-27 10:01:26+00:00
AsahiLinux,cAtloVeR9998,1728665914.0,Not unless Steam decides to officially push ARM support,t3_1g1bxei,0.0004065531247761,1.3983302551423549e-06,2.3605618480360135e-05,8.772029832471162e-05,9.931123349815608e-05,2.336347461096011e-05,1.3141588169673923e-05,2024-10-11 16:58:34+00:00
AsahiLinux,cAtloVeR9998,1729098133.0,"It's not too hard to uninstall Asahi Linux but you must use the terminal-based diskutil application and not the graphical Disk Utility as the latter is unreliable. You just need to follow the guide correctly to remove all of the Asahi partitions and to resize your macOS partition to fill the remaining space. Just means a bunch of diskutil commands. There is technically a script you could use, but there's a reason for Rule 6 on this subreddit.The installation script uses macOS's diskutil to shrink your macOS partition and to create new partitions for Linux to populate. So you don't need to do anything manually while installing.",t3_1g4o79u,0.0003823327133432,1.3553469671023777e-06,2.8432645194698125e-05,6.821790157118812e-05,9.811932977754624e-05,1.6590332961641252e-05,1.2426135072018951e-05,2024-10-16 17:02:13+00:00
AsahiLinux,cAtloVeR9998,1729184914.0,For others who stumble across this thread: Asahi currently supports DirectX 12 at Feature level 11. Alyssa has given an ETA for Feature level 12 for 2025.,t3_1g5ilrt,0.0003433956007938,1.472600501983834e-06,2.640118691488169e-05,6.976251461310312e-05,9.126403892878444e-05,1.780379898264073e-05,1.3329096873349044e-05,2024-10-17 17:08:34+00:00
AsahiLinux,cAtloVeR9998,1729345921.0,You will need to extrapolate based on the minimum GPU requirement. Shouldn’t be an issue for long as Sparse too my knowledge is the only missing feature to get to 12_0.,t1_lsonk3z,0.0012006080942228,3.6449532672122582e-06,0.0001912610896397,7.384624041151255e-05,0.0001649474434088,3.348439349792898e-05,8.066423470154405e-05,2024-10-19 13:52:01+00:00
AsahiLinux,cAtloVeR9998,1729698126.0,8GB of RAM is going to be very limiting. At least for the time being.Alyssa directly addresses [this here](https://www.youtube.com/live/pDsksRBLXPk?si=mg4OyveG6crMIbfT&t=2739),t3_1g8ns47,0.0007930195424705,2.3448822048521833e-06,6.5472318965476e-05,9.912295354297385e-05,0.0001230994821526,3.521512189763598e-05,2.9104137865942903e-05,2024-10-23 15:42:06+00:00
AsahiLinux,cAtloVeR9998,1729698322.0,"M3/M4 support is coming, it's a matter of priorities (addressed by Alyssa [here](https://www.youtube.com/live/pDsksRBLXPk?si=fAm2oKiuP07SK2Jf&t=2889))",t3_1g8y36c,0.0005774135934188,1.952528691617772e-06,5.9564416005741805e-05,7.186266157077625e-05,0.0001222216669702,2.456539550621528e-05,2.1686641048290767e-05,2024-10-23 15:45:22+00:00
AsahiLinux,cAtloVeR9998,1729749409.0,"She said that the priority is Sparse (for full DX12), then M3/M4 support, before Ray Tracing (that only will be supported from M3).",t1_ltfzk2i,0.0008112709037959,2.199259597546188e-06,9.31301256059669e-05,6.684516120003536e-05,0.0001702669396763,2.7406900699133985e-05,3.338223905302584e-05,2024-10-24 05:56:49+00:00
AsahiLinux,cAtloVeR9998,1730119121.0,"Reverse engineering a custom controller which has to support so many different modes and combinations of protocols isn’t easy. Especially for a volunteer-run project. Other long time TODOs have seen significant work recently. From Vulkan, to emulation. Looking at the Github page, there have been recent commits pushed relating to Microphone support. Which points to the conclusion of: things take time, but as this is still an active project, they will get done in their own time.",t3_1ge0f3c,0.0003592530556488,1.3372235798669865e-06,2.749418126768433e-05,6.410100468201563e-05,9.613605652702972e-05,1.619128670427017e-05,1.2868471458205022e-05,2024-10-28 12:38:41+00:00
AsahiLinux,cAtloVeR9998,1730274900.0,"You can look into increasing your swapfile size and tuning zram (memory compression)But there’s a reason why 8GB machines aren’t recommended to be used for X86 gaming. You are loading up a whole second kernel, with high memory usage by FEX and Steam. It should improve over time but otherwise this has firm limitations.",t3_1gf8wv6,0.0004758681752718,1.6068637478383607e-06,3.5254233807791024e-05,8.31767320050858e-05,0.0001036279718391,1.8577331502456215e-05,1.9437449736869897e-05,2024-10-30 07:55:00+00:00
AsahiLinux,cAtloVeR9998,1730416605.0,"The boot process doesn’t support external booting at all. Currently you have to repartition (it’s theoretically to have a partitionless install with only minimal written to the internal SSD, but that’s not supported yet.) You can technically do a minimal install and have the bulk of your data on the SSD but that does require some fiddling around (it’s not difficult but it’s not automated. If you have installed Arch for example, it’s not too dissimilar to set up the partitions. Just requires further reading if you don’t have the relevant background).",t3_1ggllbo,0.0004076910554431,1.566370542605e-06,3.315154026495293e-05,6.812084757257253e-05,9.088712249649689e-05,1.746352791087702e-05,1.5000237908679992e-05,2024-10-31 23:16:45+00:00
AsahiLinux,cAtloVeR9998,1731442426.0,It will probably be supported next year,t3_1gpht78,0.00035801998456,1.348765749753511e-06,2.665513238753192e-05,6.792994099669158e-05,9.273673640564084e-05,1.9494664229569025e-05,1.3286379726196174e-05,2024-11-12 20:13:46+00:00
AsahiLinux,cAtloVeR9998,1731789582.0,Note that you won't get super efficient screen capture with any tool as hardware video encoding is not yet supported,t3_1gss070,0.0004913732409477,1.6137159946083557e-06,3.115320942015387e-05,8.207117207348347e-05,9.869146015262233e-05,2.5540341084706597e-05,1.7615859178476967e-05,2024-11-16 20:39:42+00:00
AsahiLinux,cAtloVeR9998,1731791587.0,Weird. Just note that the X11 session isn't going to be supported forever. It's better to find a long term solution for your use case before that happens.,t1_lxhny97,0.0004688464396167,1.6446603012809646e-06,3.127250965917483e-05,8.334124140674248e-05,9.639850759413092e-05,2.3014781618257985e-05,1.7511240002932027e-05,2024-11-16 21:13:07+00:00
AsahiLinux,cAtloVeR9998,1731934879.0,"The main blocker for GNOME to remove X11 session support is accessibility. KDE will also remove X11 session support when they are ready, but certainly only after accessibility breaking changes are all resolved.",t1_lxqbaxv,0.0004373393894638,2.457262780808378e-06,3.715749699040316e-05,0.0001003698125714,6.96291244821623e-05,2.7319276341586377e-05,2.267321724502835e-05,2024-11-18 13:01:19+00:00
AsahiLinux,cAtloVeR9998,1732549724.0,"For how much I agree that that is the best way, I do wish there was an easier supported way to recommend new users to, as for some Asahi is the first time they have opened a Terminal window or have heard what a filesystem is.",t1_lywl5eb,0.0003658162604551,1.4901153235769016e-06,2.6769383111968637e-05,7.324576290557161e-05,9.0564506535884e-05,1.9280618289485577e-05,1.4352538528328296e-05,2024-11-25 15:48:44+00:00
AsahiLinux,cAtloVeR9998,1733167817.0,"Looking through dev discussions today, seems that there is a rewrite of some of the USB-C code this summer. Where they rewired up USB 2 support and at that time, USB 3. Looking at commits posted, seems there’s were some patches posted relating to DisplayPort alt mode in November. That doesn’t necessarily mean it will be usable anytime soon. But work seems to be actively done on it. It really really feels like this question has been asked at least 4 times in the last month. Please search up before posting as there isn’t any public update from the dev team. They will announce that it’s ready when it’s ready.",t3_1h4xxz8,0.0003552450216375,1.3634755759994732e-06,2.9965500289108604e-05,5.9463567595230415e-05,9.424982272321358e-05,1.6378548025386408e-05,1.303519275097642e-05,2024-12-02 19:30:17+00:00
AsahiLinux,cAtloVeR9998,1733776399.0,You should just be able to install IWD. Fedora currently uses wpa_supplicant. Both can be managed through NetworkManager which is how most DEs actually interface with the networking stack.,t3_1hajb52,0.0004317127459216,1.7836296137829777e-06,3.80119017791003e-05,7.287615881068632e-05,8.838075882522389e-05,2.1597625163849443e-05,1.7758455214789137e-05,2024-12-09 20:33:19+00:00
AsahiLinux,cAtloVeR9998,1733776595.0,You shouldn’t use both at once yes. NetworkManager is already configured so just interface with that (through nmcli),t1_m190r47,0.0004502462397795,1.5813091067684582e-06,3.017083690792788e-05,8.305317169288173e-05,9.271967428503558e-05,2.268223397550173e-05,1.6206086002057418e-05,2024-12-09 20:36:35+00:00
AsahiLinux,cAtloVeR9998,1734426450.0,DisplayLink does things in Software (sending video data over USB 3 packets. Rather than tunnelling Displayport),t1_m2estoc,0.0003497378784231,1.4989765304562752e-06,2.717296410992276e-05,7.378972077276558e-05,8.80421866895631e-05,1.7804544768296182e-05,1.3830459465680178e-05,2024-12-17 09:07:30+00:00
AsahiLinux,cAtloVeR9998,1734592701.0,Sven doesn’t take donations,t1_m2rr157,0.0007750320364721,1.1438492037996184e-06,3.359685797477141e-05,7.512782758567482e-05,0.0002157894923584,2.0310626496211626e-05,1.2774030437867625e-05,2024-12-19 07:18:21+00:00
AsahiLinux,cAtloVeR9998,1735248039.0,You sure? I’ve seen that some relevant commits were posted by Sven relatively recently.,t1_m3wtg7q,0.0004490409628488,1.5417317626997828e-06,3.299827949376777e-05,7.200767868198454e-05,9.25562417251058e-05,2.062831845250912e-05,1.4420012121263426e-05,2024-12-26 21:20:39+00:00
AsahiLinux,cAtloVeR9998,1735323898.0,"For example here: ""[mux: apple DP xbar: Add Apple silicon DisplayPort crossbar](https://github.com/AsahiLinux/linux/commit/865f23f7990cbd0502f314dbcdecb1bc3a70b944)"" see [here](https://github.com/AsahiLinux/linux/commits?author=svenpeter42) for all commits by Sven in the Asahi's public kernel repo. Remember that commits being posted doesn't mean ANY of this is usable by any end users an will only be ready once the team announces so.",t1_m3zdi4y,0.0004472564032766,1.729534915284603e-06,4.360252569313161e-05,7.271468348335475e-05,0.0001003482757369,1.938811328727752e-05,1.704469832475297e-05,2024-12-27 18:24:58+00:00
AsahiLinux,cAtloVeR9998,1735571626.0,All CPU for now. The work on getting hardware transcoding was partly done. But that particular dev hasn’t had much time to bring it over the finish line yet.,t1_m4iloys,0.0003546322113834,1.2868896419604423e-06,2.4688859411980957e-05,6.68940701871179e-05,9.918771684169768e-05,1.7233905964531004e-05,1.301020438404521e-05,2024-12-30 15:13:46+00:00
AsahiLinux,cAtloVeR9998,1735590174.0,You cannot use any macOS binaries on Linux. You can run X86 Linux binaries with FEX in muvm but should be avoided if you don’t have to (like just use a third party Discord client). You can run X86 Windows apps too (run them through Steam. There is a bug preventing using Wine directly),t3_1hppcw5,0.0005668681696988,2.2589624677493703e-06,5.148486161488108e-05,9.38304146984592e-05,8.530809282092378e-05,2.536874308134429e-05,2.6668583814171143e-05,2024-12-30 20:22:54+00:00
AsahiLinux,cAtloVeR9998,1736362369.0,We so need a safe uninstaller before Asahi gets wide adoption.,t3_1hwpnzc,0.0004550425510387,1.4115382782620145e-06,2.4340133677469566e-05,9.846970351645724e-05,0.0001066372205968,2.5301962523371913e-05,1.438199706171872e-05,2025-01-08 18:52:49+00:00
AsahiLinux,cAtloVeR9998,1736434395.0,Follow the other person’s posted guide to install GPU drivers for FlatPak packages,t1_m68a123,0.0006190882413648,1.4387196642928757e-06,3.104859933955595e-05,0.0001074412139132,0.0001344958000117,3.064217162318528e-05,1.6115802282001823e-05,2025-01-09 14:53:15+00:00
AsahiLinux,cAtloVeR9998,1740752387.0,What apps were you trying to install and how?,t3_1j08ksz,0.0005261243786662,1.4426270809053676e-06,3.0324696126626804e-05,8.463491394650191e-05,0.000112571833597,2.5025825379998423e-05,1.6342164599336684e-05,2025-02-28 14:19:47+00:00
AsahiLinux,cAtloVeR9998,1741679194.0,"Cinnamon is currently Xorg-only so support won’t be ideal compared with a Wayland desktop environment. It should work, but may be more buggy.",t3_1j8cw9q,0.0003760600811801,1.45876947499346e-06,2.9446329790516756e-05,6.811747152823955e-05,9.452731319470332e-05,1.7262906112591736e-05,1.351250375591917e-05,2025-03-11 07:46:34+00:00
AsahiLinux,cAtloVeR9998,1742653965.0,"If you are lost at this point, it’s likely better for you to reinstall with a full desktop.",t1_mj4ndgl,0.0005211455281823,1.4677759736514415e-06,2.8647389626712535e-05,8.293848804896697e-05,0.0001136998398578,2.902475534938276e-05,1.4538126379193272e-05,2025-03-22 14:32:45+00:00
AsahiLinux,cAtloVeR9998,1742718397.0,Was going to interject that Windows ARM apps have no support in Wine but that appears to have changed with Wine 10.0 released this January.,t3_1jhn2nr,0.0003440781729295,1.2915051001982647e-06,2.411001332802698e-05,6.647127156611532e-05,9.721649257699028e-05,1.6439515093225054e-05,1.1996713510598056e-05,2025-03-23 08:26:37+00:00
AsahiLinux,cAtloVeR9998,1742718446.0,[Yes](https://arstechnica.com/gadgets/2025/01/wine-10-0-released-adding-linux-compatibility-for-arm-windows-apps/). Wine needs 4k pages,t1_mj9d5gp,0.0005352626903913,1.87854550404154e-06,5.386048724176362e-05,7.670648483326659e-05,0.0001085748590412,2.4942315576481633e-05,1.9540191715350375e-05,2025-03-23 08:27:26+00:00
AsahiLinux,cAtloVeR9998,1743971756.0,How did you download Lutris? In Fex in muvm? Or just to your system?,t3_1jt31h2,0.0007586801657453,1.5271641586878104e-06,4.507033372647129e-05,0.000110868095362,0.0001540356461191,1.8757311408990063e-05,1.9723289369721897e-05,2025-04-06 20:35:56+00:00
AsahiLinux,cAtloVeR9998,1743974063.0,"That's not going to work like the way you expect it to. ""dnf install steam"" installs the special steam wrapper that launches steam in the FEX emulator in a MUVM virtual machine. ""dnf install lutris"" will install the ARM version of Lutris which could potential launch things in an emulator but that would be extra complexity if it could even work.Look into FEX/muvm and get into FEX's shell. When in there you can do ""sudo dnf install lutris"" and get Lutris installed in an X86 environment.",t1_mlrfim1,0.0117719834670424,3.991188350482844e-05,0.0012507740175351,0.0012919595465064,0.0004270637582521,7.773259130772203e-05,0.0082946848124265,2025-04-06 21:14:23+00:00
AsahiLinux,cAtloVeR9998,1744724027.0,"Taking a quick look: you can compile CARLA from source which should work but isn't officially supported. It's going to be much faster than using emulation. If I were you, I would take a look at trying to build the [Docker image](https://github.com/carla-simulator/carla/blob/ue5-dev/Util/Docker/Release.Dockerfile) (you can use Podman as a drop in Docker replacement) either from your host or from a Ubuntu [Distrobox](https://distrobox.it/) environment. It seems that you will need to source Unreal yourself in that case (looking at the [guide](https://carla.readthedocs.io/en/latest/build_linux/)). Ignore anything related to Nvidia, you will need to use their Vulkan backend. You will need to modify their Docker image (or write your own Dockerfile that depends on their image) to overwrite Ubuntu's Mesa with Asahi's patched Mesa version (I think that the Ubuntu Asahi project maintains a compatible deb package, use that) or you won't get Vulkan to work.There may be other incompatibilities from the X86-centric issues but those would only come up when building/running the program.",t3_1jz7trw,0.000485762982862,1.4465080084846704e-06,4.583234476740472e-05,6.624630623264238e-05,0.0001224280131282,1.9175895431544632e-05,1.4551941603713203e-05,2025-04-15 13:33:47+00:00
AsahiLinux,cAtloVeR9998,1744890063.0,"Easiest would be to install as normal on the second machine with all the apps you want, then to copy over the home directory, overwriting the user settings and data from your new with your old install. Practically that means copying your home directory to a USB stick which should be possible from the GUI. As long as you name the user the same, it should hopefully not cause any permission issues but I can’t 100% rule out any permission problems with that approach. Copying the whole Asahi root permission is unwise as there may be problems relating to different UUIDs (unique identifiers for each partition) which is likely to drop you into a scary emergency shell.",t3_1k1a1mz,0.0005905564757995,1.7179636415676214e-06,4.188257662463002e-05,7.731468940619379e-05,0.0001081610025721,2.3775355657562613e-05,1.9932156646973453e-05,2025-04-17 11:41:03+00:00
AsahiLinux,cAtloVeR9998,1744892684.0,To add to the other comments: HDR on Linux is really new. Fedora Workstation (GNOME) has officially supported HDR since 2 days ago. Asahi specifically needs extra hardware enablement for Linux to ask for HDR from the display controller.,t3_1jvbsw3,0.0003548467939253,1.423169578629313e-06,2.615232915559318e-05,6.993169517954811e-05,9.306264837505296e-05,1.718442581477575e-05,1.3818197658110876e-05,2025-04-17 12:24:44+00:00
AsahiLinux,cAtloVeR9998,1748334335.0,"You can for a long time install Asahi Linux with only the UEFI bootloader.The project doesn't recommend having multiple OSes using the same UEFI as for a long time the m1n1 version and kernel needed to be kept in sync (if I recall correctly). So official policy is that one OS, one EFI partition. There isn't a way currently for EFI variables to be stored in any ""nice"" location (though this isn't a unique problem to Apple Silicon) so they aren't currently stored at all.I'm aware that there were efforts to implement ACPI to be more X86-like (vs hardcoded device trees needing to be ship with every kernel which was long the norm on ARM) though they are upstreaming device trees currently as new devices are released. So am not sure where that went (probably on their very very long TODO list).The fundamental problem to preventing other OSes to easily be installed to a UEFI'ed Apple Silicon device is the immense amount of downstream patches required to have a usable system currently. One of the project's main goals currently is to upstream as many patches as possible.",t3_1kwhnwb,0.0003697746433317,1.443127985112369e-06,3.1233976187650114e-05,6.512218533316627e-05,9.86071754596196e-05,1.5656845789635554e-05,1.3002316336496731e-05,2025-05-27 08:25:35+00:00
AsahiLinux,cAtloVeR9998,1748335409.0,"Linux isn't stagnating at all. The pace of kernel development is insane.GNOME is really getting good and adding more features. KDE is also pretty good.We just got HDR support on Linux after many years of effort and coordination (though on Apple Silicon, the hardware supporting bits need to fall in place. Do note that software wise, we have only had HDR support land as stable a few months ago)The new team are really trying their best at moving the ship forward to resolve long-standing issues and to get things polished. Stagnation is really the wrong term here.",t1_muhezzm,0.0004864654329139,1.263722424482694e-06,3.215290780644864e-05,6.018988278810866e-05,0.0001313435350311,1.7128615581896156e-05,1.3107167433190623e-05,2025-05-27 08:43:29+00:00
AsahiLinux,cAtloVeR9998,1748335798.0,There has been a lot of work over the years with ARM’s multiple levels of “SystemReady” certification where systems have a nice standard UEFI for wide OS support. There’s not much point currently in having a clean ACPI when thousands of downstream patches are needed for desired functionality anyway.,t1_muhejmo,0.0003632465377449,1.3841126929037273e-06,2.6942643671645783e-05,6.766609294572845e-05,9.624511585570872e-05,1.816656185837928e-05,1.331898329226533e-05,2025-05-27 08:49:58+00:00
AsahiLinux,cAtloVeR9998,1748336271.0,"The Linux Surface project has upstreamed most of their changes and isn’t required for most functionality on Surface devices, a mainline kernel works. I don’t know what Google device you are referring to but I thought they upstreamed many of their changes to ChroneOS’s kernel (and Android for that matter). Having the Ashai project, with 0 vendor involvement, port so much over is unprecedented. It’s a miracle that so much work that has been done was done. And the new team has a roadmap towards resolving the remaining discrepancies and are making steady progress towards those goals.",t1_muhgjsf,0.0003289243322797,1.3171561477065552e-06,2.6925870770355687e-05,5.962005161563866e-05,9.476413106312977e-05,1.4675851161882749e-05,1.2003464689769316e-05,2025-05-27 08:57:51+00:00
AsahiLinux,cAtloVeR9998,1748336782.0,Oh virtually every Android vendor runs their own modified kernels. That's more of an Android problem than a Linux one. They must publish their modified kernel sources in the end per GPLv2.,t1_muhhlza,0.0003577622119337,1.4484737675957149e-06,2.585115362307988e-05,7.642851414857432e-05,9.127648081630468e-05,1.8044609532807954e-05,1.338667789241299e-05,2025-05-27 09:06:22+00:00
AsahiLinux,cAtloVeR9998,1748337392.0,"Microsoft doesn't employ any Linux developers to work on their Surface devices. The linux-surface project is entirely volunteer driven. Just be a bit more grateful that there is a team to support Surface devices at all. Looking at their feature matrix, it seems touch/pen input is the only pending feature currently depending on downstream patches. Let's hope they get those upstream soon. But open source developers get to set their own priorities, not dependant on user wants.Most of Linux development happens by paid developers working on issues at least tangentially related to their employers commercial project. Laptop's without official Linux support: not a priority.",t1_muhhq77,0.0003960679750889,1.334401758867898e-06,3.055885827052407e-05,6.816867971792817e-05,0.000104680948425,1.563489786349237e-05,1.301236443396192e-05,2025-05-27 09:16:32+00:00
AsahiLinux,cAtloVeR9998,1748337514.0,They do not. They are responsible to maintaining their own area of the kernel and as it relates to their employer.,t1_muhil4w,0.0004570154414977,1.110679022531258e-06,2.1039842977188528e-05,8.263108611572534e-05,0.0001246456376975,1.668752338446211e-05,1.1377976079529615e-05,2025-05-27 09:18:34+00:00
AsahiLinux,cAtloVeR9998,1748337949.0,"LLVM is used commercially to compile applications for Windows, so there is a money-backed demand for it. Quite a different situation.Talk is cheap. Show me the code.",t1_muhj5va,0.0007275509997271,1.5354752349594492e-06,5.301579221850261e-05,6.0338323237374425e-05,0.0001605321886017,2.4093809770420194e-05,2.1490523067768663e-05,2025-05-27 09:25:49+00:00
AsahiLinux,cAtloVeR9998,1748338854.0,"Not really the same thing. Just that no one has the incentive to port GCC has LLVM works well (and is a lot more flexible) for those usecases. Though personally, I find the whole GNU ecosystem quite overrated and am fine if all its remaining components get replaced (GRUB with systemd-boot, coreutils and co with uutils, GCC with LLVM. Only glibc is really sticky to remove).",t1_muhk762,0.0008652411052025,1.8926995153378812e-06,6.803489668527618e-05,8.193034591386095e-05,0.0001803786872187,2.368856075918302e-05,3.0784638511249796e-05,2025-05-27 09:40:54+00:00
AsahiLinux,cAtloVeR9998,1748786911.0,What MacBook model do you own?,t3_1l0ps4k,0.0005200746236369,1.1903283620995353e-06,2.584893627499696e-05,8.226619684137404e-05,0.0001286205661017,1.8658418412087485e-05,1.2826716556446628e-05,2025-06-01 14:08:31+00:00
AsahiLinux,cAtloVeR9998,1748787584.0,M2 right?,t1_mvf18cd,0.0006371751078404,1.4718297052240814e-06,4.4008738768752664e-05,7.235701195895672e-05,0.0001527159038232,2.870716889447067e-05,1.3587269677373117e-05,2025-06-01 14:19:44+00:00
AsahiLinux,cAtloVeR9998,1750375005.0,"Honestly just boot back into MacOS, follow the uninstall guide, and reinstall with either KDE or GNOME. You installed Linux without a desktop.",t3_1lfmzg7,0.0009598319884389,2.033327291428577e-06,3.98685151594691e-05,0.0001285875769099,0.0001452031428925,7.832838309695944e-05,2.3613250959897417e-05,2025-06-19 23:16:45+00:00
AsahiLinux,cAtloVeR9998,1753193690.0,Not soon. Check the subreddit rules,t3_1m6f3l9,0.0004958619829267,1.4821828244748758e-06,2.6878331482294016e-05,8.555347449146211e-05,0.0001082085509551,3.2790485420264304e-05,1.3103618584864307e-05,2025-07-22 14:14:50+00:00
AsahiLinux,cAtloVeR9998,1755011771.0,"It feels that this post is made every week.It won't come soon. I am not following developments closely but just [poked around the IRC](https://oftc.catirclogs.org/asahi-dev/2025-08-03#) (please don't ask for status updates there if you aren't intending to contribute) and it appears Sven is aiming to get some more bits ready for 6.19 though that won't be everything USB-C (i.e. PCIE over USB-C). Per Kernel.org's [calendar](https://www.kernel.org/releases-calendar.ics), 6,19 is set to be released around 2026/02/01.It is still on their to-do list. HDMI can be transported of DP (which is how most USB-C to HDMI work). You can plug an external monitor in currentlly via the dedicated HDMI ports of supported Macs or by using Displaylink (proprietary software-based encoding of video as USB data. Don't expect good compatibility or performance)",t3_1moanmu,0.0004045052046421,1.4704085060657237e-06,3.896212365361862e-05,5.704031718778424e-05,0.00010391484102,1.7299162209383212e-05,1.4721056686539669e-05,2025-08-12 15:16:11+00:00
AsahiLinux,cAtloVeR9998,1755013341.0,"USB-C to HDMI is possible currently only over an expensive Displaylink adapter with caveats and limitations. Alt mode is currently unsupported and will be unlikely to be supported in the short term. They are focusing on upstreaming and per linked thread, Sven wants to get his hands on an M3/M4 after getting some more patches upstream.",t1_n8az8dv,0.0003927188226953,1.5214626500892336e-06,3.445764014031738e-05,6.38667625025846e-05,9.548600064590572e-05,1.8096841813530773e-05,1.446256737835938e-05,2025-08-12 15:42:21+00:00
AsahiLinux,cAtloVeR9998,1755021578.0,"I mean, it's usually 2-6x the price of an equivalent Alt Mode adapter.",t1_n8ba0gi,0.0004467844264581,1.3888052308175247e-06,2.870388561859727e-05,8.827968122204766e-05,0.0001100714071071,1.987221730814781e-05,1.2543864613689948e-05,2025-08-12 17:59:38+00:00
AsahiLinux,cAtloVeR9998,1755075677.0,And a regular USB-C to HDMI can easily be found around the 15 USD mark. It's all relative.,t1_n8ci83f,0.0003574056318029,1.410399931955908e-06,2.691914232855197e-05,7.11855900590308e-05,9.604763181414457e-05,1.9768163838307373e-05,1.2449454516172407e-05,2025-08-13 09:01:17+00:00
AsahiLinux,cAtloVeR9998,1755709410.0,Please read the subreddit rules before posting. No ETA posts are allowed. My guess will be sometime next year we might see M3/M4 support.,t3_1murlgi,0.0004219686961732,1.4597061408494485e-06,2.930443770310376e-05,7.342066237470135e-05,0.0001007663522614,2.032597149081994e-05,1.3802762623527087e-05,2025-08-20 17:03:30+00:00
AsahiLinux,cAtloVeR9998,1756108081.0,What are you trying to achieve with pcloud drive? What are you intending to do with the iso?,t3_1mzc9fg,0.0005086161545477,1.3762888784185634e-06,3.151783676003106e-05,8.259067544713616e-05,0.0001196968150907,2.3194575987872668e-05,1.5744497432024218e-05,2025-08-25 07:48:01+00:00
AsahiLinux,cAtloVeR9998,1756128298.0,It seems that they distribute using AppImage. So likely x86 only. Possible to run under muvm/FEX but I wouldn’t recommend it.Do not write the disk image to any partition. You will break things.,t1_nak8l8h,0.0005414033657871,1.872033863037359e-06,3.952459155698307e-05,9.27901710383594e-05,9.090099047170952e-05,1.996809442061931e-05,2.4002396457944997e-05,2025-08-25 13:24:58+00:00
AsahiLinux,cAtloVeR9998,1758173713.0,DP alt mode for USB C is currently unsupported (and imo is unlikely to be resolved in the next 6 months) which is required for HDMI over USB C. Models with a dedicated HDMI port are the only ones with external display support. Typically you could also use a special DisplayLink adapter though it’s clunky and has limitations.,t3_1njztyj,0.0003835425304714,1.4659112821391318e-06,3.077028304687701e-05,6.913699326105416e-05,9.565505752107129e-05,1.7806803953135386e-05,1.3929203305451663e-05,2025-09-18 05:35:13+00:00
AsahiLinux,cAtloVeR9998,1758897649.0,"You sure there isn’t a non-AppImage build available? muvm doesn’t expose everything from the host kernel, FUSE being one of them.",t1_ng1xww5,0.0004814369895029,1.520335786153737e-06,3.408970951568335e-05,7.829702371964231e-05,0.0001018424954963,1.851092565630097e-05,1.689062082732562e-05,2025-09-26 14:40:49+00:00
AsahiLinux,cAtloVeR9998,1758955178.0,"Joplin Flatpak has an aarch64 build in Flatpak. That will be your best option. I don’t think there will be a way for you to setup pcloud. Even without an AppImage, it still will probably depend on FUSE (Filesystem in Userspace), which won’t work in muvm+FEX. You’d need a ARM build. muvm+FEX aims to primarily to make running games possible, it’s less intended for utilities.",t1_ngdnkx7,0.0008270760881714,3.4803849757736316e-06,0.0001009571788017,0.0001246736937901,0.0001083628158085,1.9382272512302737e-05,8.783287921687588e-05,2025-09-27 06:39:38+00:00
AsahiLinux,cAtloVeR9998,1760900568.0,You are fundamentally using the exact same same repository as stock Fedora. You just have extra Asahi packages in addition.,t3_1oawb8i,0.0004313951649237,1.3978861943542142e-06,2.5258181267417967e-05,9.19018275453709e-05,0.0001019275077851,1.948749013536144e-05,1.4377252227859572e-05,2025-10-19 19:02:48+00:00
AsahiLinux,cAtloVeR9998,1761232334.0,"Apple doesn't like to change their designs drastically. It won't require wholly new drivers, just an effort to port the existing ones. Though the team are currently focusing on upstreaming existing drivers to greatly reduce the work required to keep the current machines working with new kernel updates.",t3_1oe41aw,0.000389832741348,1.3725506278206012e-06,2.6700799935497344e-05,7.477880717488006e-05,9.769303869688883e-05,1.933978455781471e-05,1.3291854884300848e-05,2025-10-23 15:12:14+00:00
AsahiLinux,cAtloVeR9998,1761301420.0,They technically did. Lina found some Zero Days,t1_nl3ulg9,0.0003519859747029,1.2506278608270804e-06,2.426927676424384e-05,6.949850649107248e-05,9.58386663114652e-05,1.6255416994681582e-05,1.103437625715742e-05,2025-10-24 10:23:40+00:00
AsahiLinux,cAtloVeR9998,1764250420.0,"Any non-Thunderbolt/USB4 Ethernet adapter should just work. So you can use up to 5GbE currently, with PCIe-based external NICs (for 10GbE and up) being supported once Thunderbolt/USB4 is supported (aka not soon).",t3_1p81654,0.0003801307175308,1.5470901644221158e-06,3.0312408853205852e-05,7.305470353458077e-05,9.316325304098429e-05,1.9620165403466672e-05,1.4782619473407976e-05,2025-11-27 13:33:40+00:00
AsahiLinux,cAtloVeR9998,1767024779.0,"This is by far the most requested and asked for feature. It is under development and will be ready when it's ready.The only external display support is on supported models with a dedicated HDMI port. You can technically get a special ""DisplayLink"" adapter which will work on all machines, but that is a hacky solution that doesn't work perfectly (it's essentially sending the image via a software layer instead of using the hardware. Worse performance, higher price, and added flakiness can be expected). Best to wait for official DP support.",t3_1pyl1dq,0.0005791116855107,1.761535600053321e-06,5.388489080360159e-05,7.033826113911346e-05,0.0001317563437623,2.0735180441988632e-05,2.1731359083787535e-05,2025-12-29 16:12:59+00:00
