Subreddit,username,timestamp,comment_text,parent_id,toxicity,severe_toxicity,obscene,identity_attack,insult,threat,sexual_explicit,date
AsahiLinux,nyancient,1674592770.0,I'm reasonably sure this is one issue where Russian aggression isn't the root cause. Though maybe I should do a `git blame` on the suspend code just to be safe...,t1_j5q80aq,0.0015281491214409,2.412547473795712e-06,3.8355243304977193e-05,0.0004783991607837,0.0001661512360442,6.851211946923286e-05,2.9793167414027263e-05,2023-01-24 20:39:30+00:00
AsahiLinux,nyancient,1674632951.0,"It's the MacBook Air M2, running edge kernel and mesa.The reports and ""workarounds"" (don't use s2idle) you find googling around for this seem to imply this could be device specific. I guess you're not seeing this on M1?EDIT: doing the Python `time.monotonic()` test Lennart suggests in the linked issue, it indeed seems that the monotonic clock doesn't stop at all during s2idle.",t1_j5rruo6,0.0006805487792007,1.7574496951056062e-06,5.06525429955218e-05,8.994380186777562e-05,0.0001620708353584,2.3616314138052985e-05,1.7373145965393633e-05,2023-01-25 07:49:11+00:00
AsahiLinux,nyancient,1674633656.0,"As a workaround, I wrote a small script to disable the watchdog timeout for a whole bunch of services. You could probably get away with targeting just journald and perhaps a few related services, but it seems unnecessary to have half of systemd restart after suspend even if it doesn't break my desktop.If anyone else wants to try it, I recommend doing a `grep -r WatchdogSec /lib/systemd/system/` and change the `ENABLED_TIMEOUT=""3min""` to whatever `WatchdogSec` value is set for journald before trying it as this script won't touch unit files that don´t have `WatchdogSec` set to `$ENABLED_TIMEOUT`.```#!/bin/bashTARGET_STATE=""$1""shiftSYSTEMD_UNITS=""${@:-/lib/systemd/system/*.service}""ENABLED_TIMEOUT=""3min""DISABLED_TIMEOUT=""0""replace_timeout() {  sed -i ""s/WatchdogSec=$2/WatchdogSec=$3/"" ""$1""}if [[ ""$TARGET_STATE"" == ""off"" ]] ; then  for f in $SYSTEMD_UNITS ; do    replace_timeout ""$f"" ""$ENABLED_TIMEOUT"" ""$DISABLED_TIMEOUT""  done  systemctl daemon-reloadelif [[ ""$TARGET_STATE"" == ""on"" ]] ; then  for f in $SYSTEMD_UNITS ; do    replace_timeout ""$f"" ""$DISABLED_TIMEOUT"" ""$ENABLED_TIMEOUT""  done  systemctl daemon-reloadelse  echo ""Usage: $0 on|off [unit files]""fi```",t3_10keh50,0.0006096352008171,2.629054506542161e-06,7.461327186319977e-05,8.746437379159033e-05,0.0001078102723113,2.4569402739871293e-05,2.661924008862115e-05,2023-01-25 08:00:56+00:00
AsahiLinux,nyancient,1675199965.0,"I've been using an M2 Air with Asahi for Rust and Kotlin, and the only thing I'm really missing is external display support. Fortunately that's currently in the pipeline, so hopefully we won't have to wait too long for that.Battery life is great compared to any x86 laptop, decent compared to macOS. Asahi seems snappier than macOS and starts up a lot faster, and compile times seem about the same.Jetbrains' stuff is pretty laggy (not to mention blurry) running under XWayland with fractional scaling, but I would assume it runs just fine if you're using native X. (Nonexistent Wayland support is a known problem with most JVM apps after all, the effects are just more intrusive on a retina display.) No problems whatsoever with VSCode.Except for some base images not being available for arm64, docker is working perfectly as well. (Well, as ""perfectly"" as you can expect from that terrible hackjob at least...)",t3_10puyql,0.0005868979496881,1.6160321365532582e-06,4.640858605853282e-05,8.132451330311596e-05,0.0001375814172206,1.8866456230171025e-05,1.6900448827072978e-05,2023-01-31 21:19:25+00:00
AsahiLinux,nyancient,1675678325.0,"They're comparing their CPU - which is still a year away from release, meaning that it'll be competing with the M3 rather than the M1 - to the three year old 1068NG7, the four year old handheld A13 and the _five_ year old 8750H. On a non-standard metric (""idle-normalised performance per watt""? Seriously?) of their own choosing.I'm not holding my breath.",t3_10topkn,0.0006515565910376,1.6345170479326043e-06,5.026307553634979e-05,8.174795948434621e-05,0.0001409963733749,2.0471208699746057e-05,1.9120017896057107e-05,2023-02-06 10:12:05+00:00
AsahiLinux,nyancient,1675705850.0,"You asked whether the 8cx gen 4 would be an M1 killer, and the available data suggests that's not going to happen. No amount of wishful thinking about competition or anti Apple ranting is going to change that, unfortunately.",t1_j7ghq2v,0.0027349358424544,2.592591044958681e-06,7.791604730300605e-05,0.0002150986692868,0.00040675260243,0.0001321861054748,4.176276343059726e-05,2023-02-06 17:50:50+00:00
AsahiLinux,nyancient,1675757108.0,"You can also create _two_ Asahi installs and use one to set up FDE on the other, instead of booting from an ISO. Then you can remove the one you just used for setup afterwards.",t1_j7jhsbn,0.0005446167197078,2.3468039671570295e-06,4.7008208639454097e-05,9.196616883855312e-05,7.733319216640666e-05,2.6514553610468283e-05,2.4506711270078085e-05,2023-02-07 08:05:08+00:00
AsahiLinux,nyancient,1675974079.0,"From an end user perspective, I don't think there is anything Asahi does objectively better than macOS. Any reason to use it would either be subjective or specific to some particular use case, so any ""Asahi is better at X"" list would necessarily be nothing but an opinion piece.",t3_10y0khq,0.0004926230758428,1.8242162695969455e-06,3.5250504879513755e-05,9.369745384901762e-05,8.723614155314863e-05,1.8917262423201464e-05,1.75532404682599e-05,2023-02-09 20:21:19+00:00
AsahiLinux,nyancient,1676019914.0,"That's why I hedged with ""objectively"" and ""from an end user perspective"". :)I don't think there is anything that would matter to a user who'd need such a list that Asahi does objectively better, is probably a better way to express it.For my particular use case Asahi does almost everything better, but that's all features that I know I need/want and not things someone would find in a casual ""10 things that Asahi does better"" list and go ""huh, maybe I should give Asahi a try"".",t1_j7xfctg,0.000604367989581,2.6126558623218443e-06,7.03014520695433e-05,8.279096073238179e-05,8.210882515413687e-05,2.5825971533777192e-05,3.121727058896795e-05,2023-02-10 09:05:14+00:00
AsahiLinux,nyancient,1676020274.0,"For me the biggie is that macOS is absolutely terrible at handling windows and workspaces. Or partition USB sticks (which, I recently found out, it simply can't do). Or doing anything at all with 5k2k monitors.I do think that a year or two down the line, such a list might actually make sense. However, an end user that sees ""Asahi has better performance"" on such a list, tries it, and gets to discover the hard way that speakers and external monitor support are actually features too - ones that Asahi currently doesn't have - and not intrinsic properties of the machine, are not going to be very pleased. Which is why I'm generally pretty negative when it comes to marketing towards a general audience, which is what I perceive such a list to be.",t1_j7ygm0d,0.0004292947996873,1.3350954759516751e-06,3.1178860808722675e-05,6.778680108254775e-05,0.0001083100360119,1.6308302292600274e-05,1.3240969565231351e-05,2023-02-10 09:11:14+00:00
AsahiLinux,nyancient,1676852124.0,"Asahi doesn't support the video decoding hardware yet, so that flag will unfortunately do nothing.",t1_j981cdm,0.0004464593657758,1.2385768286549137e-06,2.4973091058200225e-05,7.755223487038165e-05,0.0001153913108282,2.0455341655178927e-05,1.206682009069482e-05,2023-02-20 00:15:24+00:00
AsahiLinux,nyancient,1676852623.0,"I'm getting somewhere around 10-15 hours out of the M2 Air for my normal use case (software development). Less than what I get with macOS, but still good enough that it doesn't really matter. If your workload is more CPU-intensive the difference will be smaller, and if it involves video the difference will be larger.Standby time is a bit more inconvenient. Expect to get around three days of sleep on a full charge right now; about one tenth of what you'd get with macOS. I recommend shutting down instead of just folding up if you know you're not going to use your computer for a while. Fortunately Asahi boots _way_ faster than macOS.EDIT: as for heat, I think the laptop is _slightly_ warmer when idling in Asahi than when idling in macOS (which makes sense, since it's consuming more power). During load the temperature is exactly the same with both OSes.",t3_116jpdk,0.0003759948303923,1.2686963373198523e-06,2.7712243536370806e-05,6.102223778725602e-05,0.000105874161818,1.699882523098495e-05,1.3242207387520466e-05,2023-02-20 00:23:43+00:00
AsahiLinux,nyancient,1676926122.0,"I should probably clarify that this use case is mostly text editing and light web browsing, at close to minimum screen brightness, using a relatively lightweight environment (swaywm, vscode, konsole and Vivaldi).I get somewhere around eight hours of 1080p video streaming (either from YouTube or a local media server) at the same brightness, using Bluetooth headphones.I think the video part is even more amazing. Any old CPU can idle fairly efficiently (which is really what most of my primary use case is), but doing 1080p H265 decoding in software using only 5 watts? That's insane.",t1_j99zjal,0.0067521044984459,3.2123573419085005e-06,0.0002735108719207,0.0001649093755986,0.001206547836773,4.318482388043776e-05,6.805131124565378e-05,2023-02-20 20:48:42+00:00
AsahiLinux,nyancient,1676976846.0,"Most likely not. As far as I understand, the single external monitor restriction is a hardware thing. The SoC needs one display controller per supported output, and the non pro/max/ultra/whatever M1/M2 only has two to save on die space.",t1_j9ek0tg,0.0006885680486448,1.8748638694887632e-06,4.086268745595589e-05,9.514035627944396e-05,0.0001244721061084,4.65676021121908e-05,2.218770532635972e-05,2023-02-21 10:54:06+00:00
AsahiLinux,nyancient,1677806486.0,"Works for me with Konqueror, but not with Chromium, Vivaldi or Firefox. No special hacks, just installed `xdg-desktop-portal-wlr`.",t3_11fxhm0,0.0006933747790753,2.1160867618164048e-06,6.094634591136128e-05,8.198309660656378e-05,0.0001234650699188,3.169766932842322e-05,2.5922548957169056e-05,2023-03-03 01:21:26+00:00
AsahiLinux,nyancient,1677952807.0,Yes.,t1_javf0tz,0.0004895130987279,1.1128174719488015e-06,1.815144241845701e-05,0.0001082970193237,0.0001192418058053,1.873326618806459e-05,9.906643754220568e-06,2023-03-04 18:00:07+00:00
AsahiLinux,nyancient,1678127844.0,It's obviously [UwUntu](https://uwuntuos.site/).,t3_11jfrrs,0.0004510323633439,1.5773374570926535e-06,4.054296368849464e-05,7.756428385619074e-05,9.56603471422568e-05,1.694515231065452e-05,1.381253150611883e-05,2023-03-06 18:37:24+00:00
AsahiLinux,nyancient,1679002874.0,"The two major drawbacks for me are high battery drain during sleep (expect something like three days of standby, compared to 30 under macos) and the lack of external display support.The first one could be solved fairly easily (marcan has floated the idea of writing a simple cpuidle driver to fix the issue until a proper, upstreamable implementation can be negotiates with the kernel maintainers), and the second one is being actively worked on by Sven.I guess you could also say that the lack of speaker (also being worked on and apparently close to release) and webcam support are drawbacks, but for me they're features. No speakers means not accidentally blasting the entire office with weeb jpop metal when I accidentally disconnect my headphones, and no webcam means I can attend morning meetings without having to fix my bedhead.",t3_11t2yt9,0.0054601212032139,3.880271833622828e-06,0.000411514280131,0.0002243613998871,0.0020100923720747,4.843101123697125e-05,0.0001311447995249,2023-03-16 21:41:14+00:00
AsahiLinux,nyancient,1679182032.0,IIRC hibernate will not work due to issues with restoring the state of some devices after resume.,t3_11ujr4q,0.0003911097010131,1.351963419438107e-06,2.486197445250582e-05,7.626579463249072e-05,9.980880713555962e-05,1.7893144104164094e-05,1.3046784260950515e-05,2023-03-18 23:27:12+00:00
AsahiLinux,nyancient,1679182726.0,"Most things work really well on Asahi. Performance is great and battery life is on par with the best x86 laptops. Just make sure to use the edge kernel and graphics driver, to get a hardware accelerated laptop.However, if you don't actively dislike macOS I would suggest sticking with that as your daily driver for another few months or so. While macOS support for external displays is generally terrible (whoever came up with their algorithm for window/workspace handling in multiple display scenarios needs to stop doing meth), Asahi doesn't support them at all yet. Battery life during sleep is also an issue (though not worse than most x86 implementations of s2idle), and the webcam is not supported yet.Those last two points are moot for the Mac mini, but keep in mind that the M2 mini currently doesn't work with external displays and likely won't until that support is implemented for the laptops. HDMI supposedly works on the M1 mini however, if you don't want to wait for driver support.",t3_11uvqgi,0.0003711773315444,1.2632284551727937e-06,2.7606840376392935e-05,6.322545959847048e-05,0.0001074008614523,1.660921952861827e-05,1.2445204447431024e-05,2023-03-18 23:38:46+00:00
AsahiLinux,nyancient,1679415099.0,"&gt; FEX doesn’t work on standard Asahi Linux kernel builds since we use 16K pages, but 4K page support is not actually that difficult to add… so starting this week, I’m going to be adding 4K support to the Asahi GPU driver and fixing whatever issues I run into along the way, and then we’re going to try running Steam and Proton on it!Does this mean a 4k kernel will be required for FEX for the foreseeable future? Wasn't there a pretty hefty (like 10-20%) performance penalty for 4k pages on Asahi compared to 16k?",t3_11wn2d1,0.0062364372424781,2.80933927570004e-05,0.0009981370531022,0.0004409583634696,0.0002281117922393,6.169571133796126e-05,0.004110924899578,2023-03-21 16:11:39+00:00
AsahiLinux,nyancient,1680000870.0,"Is that since the last update, or have I been unnecessarily compiling patched DCP modules for month?",t1_jdwbjpw,0.0003924329066649,1.57177998971747e-06,2.9396805985015817e-05,7.788187213009223e-05,8.705705840839073e-05,2.020302417804487e-05,1.4180000107444355e-05,2023-03-28 10:54:30+00:00
AsahiLinux,nyancient,1680196731.0,"It's daily drivable if you don't need:- built-in speakers and microphone (if you're a Bluetooth person, you probably won't mind)- external monitor (ngl, this one hurts a lot)- built-in webcam (convenient excuse to keep video off during meetings, or get a USB webcam)- some proprietary software that doesn't work on ARM (like most games, and the shitty cisco VPN client corporate it is so fond of)All of those issues (except for the webcam?) are actively being worked on, but if you need any of them right now, Asahi is not going to work for you.",t3_1265viu,0.3349087834358215,0.0002163424360333,0.3240413665771484,0.0008627873030491,0.035669457167387,0.0001891356514533,0.0011154419044032,2023-03-30 17:18:51+00:00
AsahiLinux,nyancient,1680607130.0,No rams were harmed in the making of this product.,t3_12avms7,0.0012447787448763,2.254421360703418e-06,6.323058914858848e-05,0.0001304371544392,0.0002087793400278,5.0265618483535945e-05,4.6879904402885586e-05,2023-04-04 11:18:50+00:00
AsahiLinux,nyancient,1680640715.0,"~~I'm pretty sure the displaylink Linux drivers are x86 only.~~The official driver package seems to include aarch64 binaries, so it should work.",t1_jexkifi,0.0005975984968245,2.469789933456923e-06,4.8750738642411307e-05,0.0001104726688936,8.159025310305879e-05,2.825055707944557e-05,2.77155741059687e-05,2023-04-04 20:38:35+00:00
AsahiLinux,nyancient,1680856999.0,"Bluetooth is currently known to break on suspend. As a workaround, try disabling Bluetooth on suspend and re-enabling it on wakeup. Works for me on M2 Air.",t3_12dxusz,0.0004692284855991,1.5467375078515031e-06,3.137084058835171e-05,7.519304926972836e-05,0.0001037457259371,2.45797164097894e-05,1.5971370885381475e-05,2023-04-07 08:43:19+00:00
AsahiLinux,nyancient,1680883871.0,Because the driver is proprietary and DisplayLink has no incentive whatsoever to spend time and money porting it to aarch64?,t1_jfbtrr9,0.0005297611933201,1.1851303725052276e-06,2.7830841645481996e-05,8.002891263458878e-05,0.0001391855621477,2.016114376601763e-05,1.2813487046514638e-05,2023-04-07 16:11:11+00:00
AsahiLinux,nyancient,1680940423.0,"I already read that entire thread - and nowhere does it give the impression that there's an aarch64 binary.However, in an effort to be an annoying contrarian on the Internet, I went and checked the release notes for the latest version of their driver and what do you know, there actually seems to be an aarch64 binary in there now. Thanks for making me triple check!",t1_jfem2ig,0.0005997684784233,1.9386536678211996e-06,4.96370812470559e-05,8.316872117575258e-05,9.786459850147368e-05,2.3640537619940005e-05,1.9114730093861e-05,2023-04-08 07:53:43+00:00
AsahiLinux,nyancient,1681214909.0,"It does, but their own Ultimate packages (at least for IDEA) are laggy af. Might be related to performance problems in their bundled JVM, but I haven't dug further into it. They also only seem to run on XWayland, so fractional scaling (which you _really_ want on the MBA screen) produces blurry text.",t1_jfsue0m,0.0004389208334032,1.8690760725803557e-06,4.048173286719248e-05,8.109126792987809e-05,8.639157022116706e-05,1.737303136906121e-05,1.7947915694094263e-05,2023-04-11 12:08:29+00:00
AsahiLinux,nyancient,1681215107.0,"I'm getting roughly twice that with a Sway-based setup. Is it Hyprland that makes the difference, or are you just using more power hungry editors, compilers, etc. than I am (vscode, python, rust, haskell)?",t1_jfqqbal,0.0009119866299442,2.542298034313717e-06,7.438621832989156e-05,0.0001089285942725,0.0001191247574752,3.3543263270985335e-05,3.2934112823568285e-05,2023-04-11 12:11:47+00:00
AsahiLinux,nyancient,1681243835.0,"Sounds like the brightness might be the culprit. I generally prefer keeping it fairly low, and reviews of the M2 Air indicate that maxing out the brightness can easily more than double power consumption compared to lower brightness levels.",t1_jfu8dlp,0.0003920924500562,1.3198671240388649e-06,2.4870298148016445e-05,7.541997183579952e-05,0.0001054110689437,2.0127505194977857e-05,1.2935454833495896e-05,2023-04-11 20:10:35+00:00
AsahiLinux,nyancient,1681686161.0,"I did the exact same thing to my M2 Air the other day, and the process to restore it was basically:- Build libidevicerestore, libimobiledevice, libimobiledevice-glue, libirecovery, libplist, libusbmuxd, usbmuxd, and idevicerestore from source. The latest release is ancient and doesn't support M2 devices; not sure about M1.- Use `sudo usbmuxd -f -U root -v` to start usbmuxd as root.- Use `idevicerestore --latest --erase --debug` to start idevicerestore.- Connect your macbook to the machine running usbmuxd and idevicerestore.- Put your macbook into DFU mode (NOT recovery mode). Step 2 of [this guide from Apple support](https://support.apple.com/en-gb/guide/apple-configurator-mac/apdd5f3c75ad/mac) shows you how to do that. The macbook screen will be completely dark in DFU mode; if it's showing the circled exclamation point, you're still in the wrong mode.- Select a firmware in idevicerestore, then wait for it to download and install.",t3_12mteo7,0.0006735996576026,2.6955078737955773e-06,7.003253267612308e-05,0.0001014939625747,0.0001165506764664,2.6519634047872387e-05,3.002127596118953e-05,2023-04-16 23:02:41+00:00
AsahiLinux,nyancient,1682201322.0,"It's really easy: get involved and start working on those features yourself.Don't fret if you can't; you can still hire a developer to work on those features. Someone with the right skillset will probably cost you around 100 euros per hour. Plus VAT.If you can't afford that, well, you don't expect to get a say in what the devs do with their time if you're not paying them for it, do you?",t3_12v76a9,0.0005851951427757,1.4407572734853602e-06,3.949792153434828e-05,6.648001726716757e-05,0.0001285155012737,2.3856664483901113e-05,1.741388587106485e-05,2023-04-22 22:08:42+00:00
AsahiLinux,nyancient,1682243846.0,Some of the Asahi devs are currently only able to work on it in their spare time. I'm sure one or two of them would love being able to quit their day job to work on Asahi full time.,t1_jhdaj1u,0.0006684006657451,1.4669335541839246e-06,4.331395757617429e-05,8.100687409751117e-05,0.0001442224456695,2.4062144802883267e-05,1.9793158571701497e-05,2023-04-23 09:57:26+00:00
AsahiLinux,nyancient,1682583043.0,The Asahi/Debian page has instructions on how to install to USB: https://git.zerfleddert.de/cgi-bin/gitweb.cgi/m1-debian/,t3_12zzft0,0.0004388804954942,2.4439088974759215e-06,5.013373083784245e-05,8.016334322746843e-05,7.263173756655306e-05,2.24611703742994e-05,2.268398748128675e-05,2023-04-27 08:10:43+00:00
AsahiLinux,nyancient,1682584434.0,"Oh, I see. Sorry, I didn't read your original post carefully enough.If you can provide the crash log (easier said than done I guess), it might be easier to figure out what's going wrong?",t1_jhw8set,0.0006558103486895,1.7935826690518295e-06,4.386861837701872e-05,7.517368794651702e-05,0.0001136888968176,2.814337676682044e-05,1.9722087017726153e-05,2023-04-27 08:33:54+00:00
AsahiLinux,nyancient,1683307495.0,"I did the same thing to my M2 Air, here's how I fixed it. You might be particularly interested in step 1, which lists all dependencies you need to compile from github. https://www.reddit.com/r/AsahiLinux/comments/12mteo7/comment/jgjiw1m/",t3_138i3im,0.0003803311556112,1.4309814559965162e-06,3.312401531729847e-05,6.256857159314677e-05,9.843533916864544e-05,1.8039927454083227e-05,1.391966907249298e-05,2023-05-05 17:24:55+00:00
AsahiLinux,nyancient,1683734779.0,"How much battery life do you get on Asahi and on macOS respectively, and are you using the edge kernel or not? Also, are you perhaps playing YouTube videos while working?I'm getting almost the same battery life as on macOS on my M2 Air (except when in sleep mode; still a huge diff there), so you might be able to get some improvements there with some minor tweaks.",t3_13dlt7l,0.0004708003834821,1.549887088003743e-06,3.6020159313920885e-05,7.547436689492315e-05,0.0001038877890096,2.0808176486752927e-05,1.6478661564178765e-05,2023-05-10 16:06:19+00:00
AsahiLinux,nyancient,1683908575.0,"It is, for certain use cases. Video decoding, for instance, is not hardware accelerated on Asahi yet, so YouTube and video calls are still much more efficient on macOS.Even without HW decoding I get something like 6-8 hours of Teams meetings on a charge though, which is much better than what I'm getting on my Ryzen laptop _with_ hardware decoding.",t1_jjvyan8,0.0003700692614074,1.5017681107565295e-06,2.9990627808729187e-05,6.983972707530484e-05,9.04381595319137e-05,1.7494181520305574e-05,1.4274105524236802e-05,2023-05-12 16:22:55+00:00
AsahiLinux,nyancient,1684011809.0,There's currently no hardware video acceleration at all. Worth noting that I get better battery life playing YouTube videos with Asahi on my M2 Air than with Debian on my similarly specced Ryzen ultraportable _with_ hardware acceleration.,t3_13gqyrt,0.0004103342071175,1.7139574310931494e-06,3.7301393604138866e-05,7.143345283111557e-05,9.031267836689948e-05,2.1277437554090284e-05,1.718283601803705e-05,2023-05-13 21:03:29+00:00
AsahiLinux,nyancient,1684067072.0,"[This laptop](https://www.notebookcheck.net/Asus-Zenbook-S-13-OLED-laptop-review-Subnotebook-impresses-with-fast-AMD-Ryzen-7-6800U.633487.0.html), but without the touch screen. Similar idle time to the M2 with the current Asahi edge kernel, but both CPU usage and battery drain is higher with HW accelerated YouTube than with SW YouTube on the M2. With mpv or vlc, battery life is about equal between the two.EDIT: this is for 1080p content. Haven't tried playing any 4k.",t1_jk3mo0h,0.0004452513239812,1.6271745835183538e-06,4.1620191041147336e-05,7.214074139483273e-05,0.0001083032184396,1.819789395085536e-05,1.6387954019592144e-05,2023-05-14 12:24:32+00:00
AsahiLinux,nyancient,1684181425.0,"You get accelerated rendering, just like with the rest of the desktop, but that's about it unfortunately. Decoding is still 100% software.",t1_jk9hd31,0.0003729509771801,1.4675492820970248e-06,2.899692663049791e-05,6.605825910810381e-05,9.282963583245872e-05,1.80285769602051e-05,1.359621364827035e-05,2023-05-15 20:10:25+00:00
AsahiLinux,nyancient,1684317876.0,My money is still on [UwUntu](https://uwuntuos.site/).,t3_13jmspa,0.0006366479210555,1.8674317061595504e-06,5.783816231996752e-05,9.027204214362428e-05,0.0001141376123996,2.3367463654722087e-05,1.957932545337826e-05,2023-05-17 10:04:36+00:00
AsahiLinux,nyancient,1684318375.0,Did you get it to work by fudging the GL version or by forcing software rendering?I had to resort to SW rendering when I made an attempt a few months back. Watching terminal output completely dominate CPU usage when building with Gradle was a surreal experience.,t1_jjlrxli,0.0003976763109676,1.7037638144756784e-06,3.2210729841608554e-05,7.979405927471817e-05,8.612703823018819e-05,1.9884766516042873e-05,1.72450872923946e-05,2023-05-17 10:12:55+00:00
AsahiLinux,nyancient,1684343880.0,"I mean, one of them is literally an anime girl, so...",t1_jkhhupg,0.0100651932880282,1.3837173355568666e-05,0.0002993348171003,0.0037721686530858,0.0013416383881121,9.289233275922017e-05,0.0013375786365941,2023-05-17 17:18:00+00:00
AsahiLinux,nyancient,1684582257.0,"This is caused by the systemd watchdog getting confused by the system clock not stopping in s2idle and starting to kill things. I believe this will be fixed in the next release with the introduction of a cpuidle driver. Until then, here is a workaround: https://www.reddit.com/r/AsahiLinux/comments/10keh50/comment/j5sppwd/",t1_jkvu88f,0.0018217389006167,3.6864171306660865e-06,9.117018635151908e-05,0.0001377264416078,0.0001823779166443,0.0003532246919348,3.456202830420807e-05,2023-05-20 11:30:57+00:00
AsahiLinux,nyancient,1684627338.0,"Right now you'd get about three days of standby with Asahi, compared to the ~30 with macOS. The next update looks like it will include cpuidle drivers so at least in theory there should be a massive improvement in standby time by then. It's unlikely standby time will be anywhere near a month even after that update (as far as I understand, there's still a lot to optimize), but hopefully enough that it'll be somewhat useful.",t3_13n3169,0.0003439714200794,1.3986369822305278e-06,2.9780894692521542e-05,6.108109664637595e-05,9.303931437898429e-05,1.7060910977306776e-05,1.321979743806878e-05,2023-05-21 00:02:18+00:00
AsahiLinux,nyancient,1685059356.0,"Did you try this out in Windows as well? I got an AMD laptop to use while waiting for external display support to arrive in Asahi (hard requirement for doing my job ergonomically), and it's obscenely slow when connected to an external monitor using DP over USB. Trying to figure out if it's fixable or if AMD iGPUs are just bad with external monitors.",t1_jkjc8u8,0.0005715346196666,1.5303425016099936e-06,4.4584965507965535e-05,7.340679439948872e-05,0.0001265067839995,1.989958218473475e-05,1.7841564840637147e-05,2023-05-26 00:02:36+00:00
AsahiLinux,nyancient,1685083670.0,"I'm pretty sure your hardware does support it, but the capability isn't used when connecting to a DisplayLink dock. If you have a (non-DisplayLink) USB3 dock or USB-C to DP cable available, you could try it and it would most likely work. DisplayLink tends to be awful on Linux, so chances are your problem would be solved by ditching DisplayLink.In my case, I'm using a non DisplayLink dock but still getting terrible performance (though not as bad as when I last tried DisplayLink), so I guess I'll have to keep hunting for leads. :(",t1_jlo075e,0.0004518263449426,1.506895500824612e-06,3.6774239561054856e-05,7.000055484240875e-05,0.0001058269335771,2.002591463678982e-05,1.5045337931951508e-05,2023-05-26 06:47:50+00:00
AsahiLinux,nyancient,1685361200.0,"I have a Zenbook S13 with a Ryzen 7, so it does about as good as it gets without Thunderbolt. 5120x2160 @ 60Hz with a USB->DP 1.4 adapter cable, or 5120x2160 @ 50Hz with  a flaky HP USB3 dock which bills itself as DP1.4 and USB3.2x2 but starts flickering unless I lower the refresh rate a bit.It might be that the AMDGPU driver just isn't very good and the problem wouldn't even be solved by TB3 support, but if that is the case I feel like I should have seen more complaints about poor performance in AMDGPU.",t1_jlqyqog,0.0004131797759328,1.494270804869302e-06,3.740872489288449e-05,6.699449295410886e-05,0.0001036744288285,1.9034019715036266e-05,1.520144724054262e-05,2023-05-29 11:53:20+00:00
AsahiLinux,nyancient,1685515114.0,RMS? Is that you?,t1_jm994r6,0.0104951011016964,5.399612291512312e-06,0.0003122306952718,0.0002924504515249,0.0009560584439896,0.0002954733208753,0.0001512437011115,2023-05-31 06:38:34+00:00
AsahiLinux,nyancient,1685528788.0,"He's slamming them on the facts though. Considering that he didn't even mention the whole ""let's invite uncle sex pest back in and hope nobody will notice"" thing, I'd say the slamming is remarkably restrained.",t1_jmbcrf1,0.4024057388305664,0.0001578165247337,0.0112088155001401,0.0031264531426131,0.0162608548998832,0.0003784167347475,0.476895660161972,2023-05-31 10:26:28+00:00
AsahiLinux,nyancient,1685830657.0,"I'll just chime in to offer whatever help I can with external displays. It's the one feature still missing for me to ditch my Ryzen laptop for good. I don't have any practical reverse engineering experience, but I'm pretty good with development and testing (professional dev, CS PhD, been coding for two decades).Unfortunately I think this might be a case where more hands don't help so much as they hinder (lots of interconnected, moving parts, doing USB things the kernel hasn't been doing before), but I'd love to be wrong on this one.",t3_13zjwo4,0.0004238706314936,1.4810692618993926e-06,3.800483682425693e-05,5.823731407872401e-05,0.0001026924655889,1.8357697626925074e-05,1.6253510693786666e-05,2023-06-03 22:17:37+00:00
AsahiLinux,nyancient,1686085080.0,"They probably didn't install the edge kernel and mesa driver. Software rendered desktop is probably terrible för battery life, and brightness control is only in edge IIRC.",t1_jn5nzap,0.0003965071809943,1.398395511387207e-06,2.670518006198108e-05,7.65924560255371e-05,0.0001002287317533,1.907012119772844e-05,1.4030927559360862e-05,2023-06-06 20:58:00+00:00
AsahiLinux,nyancient,1686085933.0,"Getting plenty of battery (10-ish hours) from my 13"" M2 Air. However:- You need to install the edge kernel and mesa packages, or your desktop will be rendered in software and thus very power hungry. - Standby time is not very good. Expect something like three days of sleep, compared to 30 with macOS.- No hardware acceleration for video decode or encode, so expect that to be power hungry compared to macOS. However, I get significantly better battery life watching (h264, 1080p) YouTube videos with Asahi than with my more or less equivalent Ryzen laptop _with_ hardware decoding.",t3_142mz73,0.0004112548776902,1.5878403019087273e-06,3.6376164644025266e-05,6.834031228208914e-05,9.712068276712672e-05,2.0270375898689963e-05,1.5263038221746683e-05,2023-06-06 21:12:13+00:00
AsahiLinux,nyancient,1686097684.0,"Also happens on MBA M2.Can be worked around by unloading brcmfmac_wcc and brcmfmac before suspending (for instance, in a script in /lib/systemd/system-sleep) and loading brcmfmac_wcc again after wakeup.With the workaround I get a complaint in dmesg that sleep state 0xf could not be reached (current sleep state is apparently 0x24f), but at least it seems like screen and userspace are properly asleep.",t1_jn5lb3u,0.0004802281036972,1.836137130339921e-06,4.6209195716073737e-05,7.17188959242776e-05,9.53196140471846e-05,1.9022676497115754e-05,1.9995553884655237e-05,2023-06-07 00:28:04+00:00
AsahiLinux,nyancient,1686098045.0,"Power consumption during operation is almost as good as on macOS by now, but sleep is not quite there yet (as in, 10x higher standby power draw than with OSX).This latest update seems to include marcan's quick and dirty cpuidle driver which should help with standby, but I don't have any concrete numbers on that yet.",t1_jn6a09x,0.0004688969347625,1.440702249055903e-06,3.3860706025734544e-05,7.593234477099031e-05,0.0001218183897435,1.9237326341681182e-05,1.7405383914592676e-05,2023-06-07 00:34:05+00:00
AsahiLinux,nyancient,1686120944.0,"I'm still seeing ""PS mca0: Failed to reach power state 0xf (now: 0x24f)"" from apple-pmgr-pwrstate in dmesg when suspending after updating. Is this expected?",t1_jn71m4q,0.000518815300893,1.788337272046192e-06,4.384402927826159e-05,8.451966277789325e-05,0.0001138811567216,1.9758268535952084e-05,2.012825461861212e-05,2023-06-07 06:55:44+00:00
AsahiLinux,nyancient,1686171606.0,"At least on the MBA M2, the impact on standby time seems to be negligible. I'm getting around two percentage points battery drain per hour after the update, which is about the same as (maybe even a tiny bit more than) before the update.Unloading the WiFi driver seems to improve this somewhat (down to ~1.5 percentage points per hour), but the WiFi firmware sometimes refuses to initialize after unloading and reloading the driver, so I guess I'll have to settle for around two days of standby for now.",t1_jn89zer,0.0003532388363964,1.310212951466383e-06,2.8500729968072847e-05,6.170018605189398e-05,9.84009966487065e-05,1.64349221449811e-05,1.2907433301734272e-05,2023-06-07 21:00:06+00:00
AsahiLinux,nyancient,1686302380.0,That's my definition as well.,t1_jnhq3h2,0.0003705917915794,1.2785664011971676e-06,2.273382051498629e-05,7.564939005533233e-05,9.649810817791148e-05,1.825292201829143e-05,1.2186561434646135e-05,2023-06-09 09:19:40+00:00
AsahiLinux,nyancient,1686320834.0,"I was getting around 50h of suspend on the M2 MBA before the cpuidle update. Seeing about the same numbers after the update. I was expecting cpuidle to make a pretty large difference, but I guess the single die machines already were pretty efficient even without it.",t1_jnidjey,0.0004914437886327,1.7029270793500473e-06,3.837712210952304e-05,7.451841520378366e-05,0.000101396930404,2.8480408218456432e-05,1.8066752090817317e-05,2023-06-09 14:27:14+00:00
AsahiLinux,nyancient,1686321042.0,"I wouldn't say Asahi standby time is ""way better"", but I have yet to see an x86 laptop that's capable of more than three days of s2idle either under Linux or Windows so it's at least on par with the competition.Once you get a taste of those sweet 30 days of macOS standby though...",t1_jnioeum,0.0004037674516439,1.441889821762743e-06,3.104730058112182e-05,7.165483839344233e-05,9.82630590442568e-05,1.835640250646975e-05,1.368545326840831e-05,2023-06-09 14:30:42+00:00
AsahiLinux,nyancient,1686340116.0,"Oh dear, is it _that_ bad? I've avoided 12th and 13th gen Intel specifically because of the horrific runtime battery life, opting for AMD CPUs instead (which are surprisingly good at power management), but I didn't expect Intel to be equally terrible while powered down.",t1_jnjco8d,0.0008102942956611,1.6096182662295178e-06,4.588044612319209e-05,9.516394493402912e-05,0.0001586405996931,2.9198436095612124e-05,1.938047898875084e-05,2023-06-09 19:48:36+00:00
AsahiLinux,nyancient,1686380440.0,"I'm probably misremembering my old numbers then. 33% is huge, coming from only that one driver!",t1_jnm9hn5,0.0004884308436885,1.2040391084156e-06,2.6438627173774876e-05,8.989578054752201e-05,0.0001227309694513,2.0549976397887804e-05,1.3839377061231062e-05,2023-06-10 07:00:40+00:00
AsahiLinux,nyancient,1686425481.0,jemalloc doesn't work on Asahi unless it's compiled with 16k page size. The bundled rg binary probably uses a smaller page size for jemalloc.,t1_jnouomu,0.0008403626852668,4.864046786678955e-06,9.846716420724988e-05,0.0001447045797249,6.640949141001329e-05,3.866357656079345e-05,5.3477146138902754e-05,2023-06-10 19:31:21+00:00
AsahiLinux,nyancient,1687770502.0,From the vermagic field it looks like the module was built against the non-edge headers. Did you install the correct ones?,t3_14djlfo,0.0004515354521572,1.2463260645745322e-06,2.309342380613089e-05,9.771549957804382e-05,0.0001105524497688,1.9931356291635893e-05,1.2062356290698515e-05,2023-06-26 09:08:22+00:00
AsahiLinux,nyancient,1688827473.0,ArmCord works well as a Discord replacement. You're probably out of luck wrt Skype I'm afraid.,t1_jr5137d,0.001473716343753,1.931583710756968e-06,9.064917685464025e-05,0.0001039796625263,0.0003530127578414,3.606288373703137e-05,4.1678733396111056e-05,2023-07-08 14:44:33+00:00
AsahiLinux,nyancient,1689090328.0,"Just get a pair of Bluetooth headphones. That way we'll be spared your complaining, and everyone around you will be spared listening to... whatever it is people use laptop speakers to listen to.",t1_jrhgvb0,0.0004364787600934,1.3181778513171594e-06,2.6537116355029863e-05,7.187794835772365e-05,0.0001097097847377,1.948089266079478e-05,1.3868417227058671e-05,2023-07-11 15:45:28+00:00
AsahiLinux,nyancient,1689091080.0,"You don't even need the kernel patch anymore, there's a show_notch module parameter for apple_dcp. See https://www.reddit.com/r/AsahiLinux/comments/11g8rvf/comment/jb0lrrb/.",t1_jr6fpxf,0.000531418249011,1.7103994878198137e-06,4.6548917453037575e-05,7.3836105002556e-05,0.0001118912914535,2.1521242160815746e-05,1.788783811207395e-05,2023-07-11 15:58:00+00:00
AsahiLinux,nyancient,1689091132.0,"Laptop speakers are not supported yet. It looks like they will be very soon, but for now you would need to use bluetooth.",t1_jr6d5ye,0.0003900254669133,1.4454282108999903e-06,2.7765310733229853e-05,6.81765450281091e-05,9.671395673649386e-05,1.970599259948358e-05,1.4483962331723887e-05,2023-07-11 15:58:52+00:00
AsahiLinux,nyancient,1689091224.0,"Battery life is almost on par with macOS now though, except for suspend.",t1_jr5zkbz,0.0005996395484544,1.426370886292716e-06,2.687402411538642e-05,0.0001069462887244,0.0001282582961721,2.858184052456636e-05,1.5626445019734092e-05,2023-07-11 16:00:24+00:00
AsahiLinux,nyancient,1689426649.0,"If you don't have the edge kernel, you want to install that. The package should be called something like linux-asahi-edge, and you also need mesa-asahi-edge for the GPU drivers.Unfortunately you won't be able to upgrade to a newer mainline version, since a lot of Asahi patches haven't been upstreamed yet.",t3_14zb4db,0.0003983911883551,1.3949963886261685e-06,2.898638922488317e-05,7.464451482519507e-05,9.890984802041204e-05,1.896728281280957e-05,1.3253096767584792e-05,2023-07-15 13:10:49+00:00
AsahiLinux,nyancient,1689440071.0,"If Asahi/Debian uses the edge kernel and mesa by default, then you're already as up to date as you can be.",t1_js2chrc,0.0005321060307323,1.3101117701808107e-06,2.9837094189133495e-05,8.037851512199268e-05,0.0001249038177775,1.742378663038835e-05,1.3826107533532196e-05,2023-07-15 16:54:31+00:00
AsahiLinux,nyancient,1689451970.0,"If the edge kernel is installed, there should be an entry called ""something something edge something"" in the grub boot menu. There should also be a bunch of files with names containing ""edge"" in /boot, and at least one directory with ""edge"" in the name on /lib/modules.If it's there, you should be able to make it the default by changing the default entry in /etc/default/grub and running `sudo update-grub`.",t1_js3m23g,0.0005274266586638,2.7129881345899776e-06,5.955237429589033e-05,8.957515092333779e-05,7.432176789734513e-05,2.731260610744357e-05,2.7443673388916068e-05,2023-07-15 20:12:50+00:00
AsahiLinux,nyancient,1689524605.0,External display support is also not done yet. That's a far bigger showstopper than laptop speakers (who even uses those?!) in my book.,t1_js765oz,0.0010096773039549,1.2083089586667484e-06,3.900569208781235e-05,7.854312570998445e-05,0.000305800786009,1.9599930965341628e-05,1.7444202967453748e-05,2023-07-16 16:23:25+00:00
AsahiLinux,nyancient,1689529462.0,"I've pretty much always lived with other people (parents, flatmates, partners) and kept odd hours, so using anything but headphones at home was never really an option.Using speakers at the office is obviously a hard no, and the innermost circle of hell is reserved for people who use speakers in cafes or on public transit.Most people I know are the same in this regard, so I just have a hard time imagining any use case that's not served far better by headphones.",t1_js7hg8o,0.0007445055525749,1.7462128880652017e-06,5.473225610330701e-05,8.177891140803695e-05,0.0001562269317219,2.3490683815907687e-05,2.0523009879980236e-05,2023-07-16 17:44:22+00:00
AsahiLinux,nyancient,1689550295.0,"Yeah, considering how vocal everyone is about the speakers, I'm definitely the odd one out here.",t1_js7uavs,0.0004319214785937,1.191901560559927e-06,2.3486227291869e-05,7.883923535700887e-05,0.0001144805355579,1.8154940335080028e-05,1.231021360581508e-05,2023-07-16 23:31:35+00:00
AsahiLinux,nyancient,1689726496.0,"You're right that acquiring the necessary skills takes a lot of time. Which is why the people who possess those skills are really expensive to hire. A decent salaried developer rakes in 80k+ euros per year in western Europe, and six figure sums in the US. A senior freelancer will be significantly more expensive, starting at 80€/hr or so.Now, most Asahi devs have day jobs that pay this kind of money. How much money do you think you'd need to put on the table to incentivise them to give up _even more_ of their valuable spare time than what they're already giving?As marcan says, you could of course hire your own developers, but since getting up to speed on any project takes time even for seasoned developers - and building a reverse engineered driver is about as hard to get up to speed with as it gets - I would be surprised if that approach would be any faster than just waiting for the team to work their magic.",t1_jsg7nx5,0.000469088263344,1.1542341553649749e-06,2.9261991585372016e-05,6.8895191361662e-05,0.0001339188893325,1.6796859199530445e-05,1.264994170924183e-05,2023-07-19 00:28:16+00:00
AsahiLinux,nyancient,1689772994.0,"I'm not assuming anything about your intentions, just laying out why your incentive scheme couldn't work _even if_ market incentives in general were a major factor.",t1_jskmhyv,0.0004538928042165,1.231431269843597e-06,2.5952826035791077e-05,7.527096022386104e-05,0.0001173584387288,1.7782555005396716e-05,1.3088631931168491e-05,2023-07-19 13:23:14+00:00
AsahiLinux,nyancient,1690363085.0,"Why should it be concerning? All it means is that people are trying Asahi. There are many reasons to uninstall software, and I don't think ""i hate this software"" is even in the top five of those reasons. You yourself presumably uninstalled it at least once when switching to Asahi Ubuntu, no?Uninstalling something is not the statement of disapproval you seem to think it is.",t1_jthrcxw,0.0010487784165889,1.7600661976757692e-06,6.373796350089833e-05,0.0001004608711809,0.0001862930657807,2.3468630388379097e-05,2.1184279830777086e-05,2023-07-26 09:18:05+00:00
AsahiLinux,nyancient,1690373054.0,"You can install Asahi Ubuntu (stock Ubuntu won't work) to an external SSD just fine, but the boot loader still needs to be installed to the internal SSD. The easiest way is probably to just move your root file system to your external SSD and update grub accordingly. I guess whether this is good enough or not depends on your particular reason from wanting to boot from an external SSD.Dual booting with macOS is actually the default (and, I think, only supported) configuration.",t3_15a0scw,0.0003814951633103,1.4185313830239463e-06,2.9002234441577457e-05,6.966784712858498e-05,9.766351286089048e-05,1.8293107132194564e-05,1.391221030644374e-05,2023-07-26 12:04:14+00:00
AsahiLinux,nyancient,1690747176.0,"Unless you hired the lot of them while the rest of us weren't looking, you don't get a say in what they're ""supposed"" to do.",t1_ju3ooin,0.0006879497668705,1.316597149525478e-06,3.5044169635511935e-05,8.560749847674742e-05,0.0001502736704424,2.587702874734532e-05,1.5478248315048404e-05,2023-07-30 19:59:36+00:00
AsahiLinux,nyancient,1690753383.0,"Compare all you like, but do remember that your constant whining about their ""poor communication skills"" is almost certainly counter productive. Entitled little shits who try to tell devs what they're ""supposed"" to do, and who can't even keep their praise free from disparaging comments, don't make progress happen faster; they cause devs find another hobby.Why don't you contribute yourself, if you find the communication so lacking? Start lurking the IRC channel, look at the commit logs, and produce the weekly newsletter you want to see? I'm sure the devs would love to talk to you about what they're doing, if you approach them about it in a civil and constructive manner.",t1_ju4g96a,0.7533270120620728,0.000720931100659,0.6485112309455872,0.0018184130312874,0.2342290431261062,0.0001885008387034,0.0015159624163061,2023-07-30 21:43:03+00:00
AsahiLinux,nyancient,1690754608.0,"A word of advice: ranting about your maga culture war bullshit is _not_ a good way to be civil and constructive. I'll go out on a limb and say that the only pondering anyone will be doing over your ""feedback"" is whether to ban your annoying ass or not.",t1_ju4jlyc,0.9744840264320374,0.0178652890026569,0.8852846026420593,0.0088741816580295,0.5480566620826721,0.0008243301417678,0.6036880612373352,2023-07-30 22:03:28+00:00
AsahiLinux,nyancient,1690756077.0,"Dude, I'm neither a mod nor an asahi dev. If I were you'd have been banned the first time you started demanding timely reports from the people who make your OS without charging you a single cent.",t1_ju4lj7p,0.003497454104945,5.397321274358546e-06,0.0004196658846922,0.0001920073264045,0.000343860592693,8.401910599786788e-05,0.0001094478284358,2023-07-30 22:27:57+00:00
AsahiLinux,nyancient,1690762894.0,"Mind sharing what open source projects you've been involved in that work like this? It doesn't match my experience, to say the least.",t1_ju4o66m,0.0004508965357672,1.476621036999859e-06,3.2762731279945e-05,7.405264477711171e-05,0.0001011983331409,1.8596474546939135e-05,1.590337160450872e-05,2023-07-31 00:21:34+00:00
AsahiLinux,nyancient,1691000377.0,"Macbook displays all have a pixel density around 220 ppi, so they're not really intended to be used without scaling. I find that a scaling factor between 1.25 and 1.5 works well for the 13"" Air.Unfortunately, applications running under Xwayland (as opposed to native Wayland) might have blurry text with scaling. At least they do with swaywm; apparently KDE had fixed this. No idea about foot.",t1_jui7g8r,0.0003810571797657,1.353005586679501e-06,2.876043799915351e-05,6.779655814170837e-05,0.0001003482757369,1.633241117815487e-05,1.3240136468084527e-05,2023-08-02 18:19:37+00:00
AsahiLinux,nyancient,1692016445.0,"Do you have the edge kernel and GPU drivers installed? If not, all that scaling is happening in software which might be a tad heavy for 4k. (Also, listen to marcan and switch to Wayland. Scaling is broken af on X.)",t3_15q6d8s,0.000503024784848,1.7449576716899171e-06,3.679079600260593e-05,9.304357809014618e-05,0.0001003733486868,2.3458627765649e-05,1.7847385606728494e-05,2023-08-14 12:34:05+00:00
AsahiLinux,nyancient,1692105830.0,"External displays don't work yet. When they do, it looks like DP alt mode over USB3 will arrive before Thunderbolt. As far as I understand, the team already has DP alt mode itself working well on some dev branch, but poor support for USB role switching in the mainline kernel (apparently most of this is implemented in firmware on Intel/AMD, whereas on Apple it has to happen in the driver) is what's preventing it from being ready for users.Assuming that you have a 14""+ MBP (i.e. M1/M2 pro and not the regular M1/M2) and DP 1.4-compatible gear, that'll give you 2x4K@60Hz or a single 8K@60Hz monitor. With the regular M1/M2 you're limited to only a single 8K monitor at 60Hz, since they only have two display controllers (one for the internal display, one for an external one).I don't know how much extra work TB3 needs once the general USB stuff is worked out, but I think it's safe to say that it won't be ready immediately on the heels of DP alt mode.",t3_15rrwuw,0.0004793230618815,1.7608535927138291e-06,4.8417339712614194e-05,6.92074463586323e-05,0.0001133435944211,2.02525425265776e-05,1.9639654055936265e-05,2023-08-15 13:23:50+00:00
AsahiLinux,nyancient,1692634936.0,"How is the performance? It would be nice to have a working stopgap measure until DP/TB support lands, but my experience with Display link is that the Linux driver is so bad you can expect your desktop to run at a snappy 5 FPS.",t1_jx11foo,0.0006717715295962,1.7046772882167716e-06,4.401180194690824e-05,9.977891750168057e-05,0.0001356916036456,2.8926799132023007e-05,2.3348082322627303e-05,2023-08-21 16:22:16+00:00
AsahiLinux,nyancient,1692711331.0,"Thanks for checking! I suspected as much, but wishful thinking is one hell of a drug. :/",t1_jx5olw0,0.0374615415930748,2.338882040930912e-05,0.0089061167091131,0.0004691159992944,0.0041347043588757,0.0004615389625541,0.000381959718652,2023-08-22 13:35:31+00:00
AsahiLinux,nyancient,1692774005.0,Not all of the Asahi changes are in mainline yet. Check the [feature support matrix](https://github.com/AsahiLinux/docs/wiki/Feature-Support). Anything marked `linux-asahi` or `asahi-edge` has yet to be upstreamed.,t3_15yqmc5,0.0004307473718654,1.6828917068778535e-06,3.471897798590362e-05,7.285093306563795e-05,8.815257024252787e-05,1.9521212379913777e-05,1.6435471479780972e-05,2023-08-23 07:00:05+00:00
AsahiLinux,nyancient,1692774120.0,"1Password works on M1/M2, and as far as I can tell has a pretty sensible security architecture.",t3_15ygg3s,0.0003940664464607,1.4194299637892982e-06,2.801236041705124e-05,6.904304609633982e-05,0.0001001062846626,1.9089826309937052e-05,1.3299563761393074e-05,2023-08-23 07:02:00+00:00
AsahiLinux,nyancient,1693231519.0,"Can confirm, I even did the thermal pad mod on the MBA and I _still_ can't get the machine uncomfortably hot.",43419259338,0.0006517944857478,1.846707164077088e-06,4.912871736451052e-05,7.92761129559949e-05,0.0001272901718039,2.7441059501143172e-05,2.588964343885891e-05,2023-08-28 14:05:19+00:00
AsahiLinux,nyancient,1694415359.0,"This may come as a surprise to you, but not everyone is on mastodon. Just ignore these threads if you are, they're obviously for the people who turn up asking for updates and not for you.",t1_k02o7k4,0.0007077522459439,1.410389245393162e-06,3.1776751711731777e-05,9.147462697001174e-05,0.0001381548499921,2.9373744837357663e-05,1.4863932847219983e-05,2023-09-11 06:55:59+00:00
AsahiLinux,nyancient,1694467854.0,"You wouldn't get this particular update unless you knew to check Janne's Mastodon specifically. Same goes for a lot of Lina's updates. Are you saying you don't deserve the latest news unless you a) know the main devs by name, b) have a rough idea of what each of them is working on, and c) know which Mastodon server they're on? People like you and me may compile custom feeds of anyone even tangentially related to the project, relentlessly refreshing them again and again in a superstitious attempt to will external display support into existence by the sheer force of our F5 keys, but most people have better things to do with their time.I, for one, think it's great that someone takes the time to aggregate updates spread across half a dozen accounts on 3-4 different instances here. Stop being a douchy gatekeeper.",t1_k05d8be,0.1365239322185516,4.603813795256429e-05,0.0286487601697444,0.0010623706039041,0.0550926402211189,0.0001917440531542,0.0010943651432171,2023-09-11 21:30:54+00:00
AsahiLinux,nyancient,1694533537.0,Webcam support was news to me! Just waiting for the USB-C fuckery blocking DP alt mode to be resolved before I'll be able to retire my AMD laptop then.,t1_k04yzlk,0.7187811732292175,0.0017774750012904,0.5524247288703918,0.0032312418334186,0.0307823754847049,0.0008528237813152,0.0144938370212912,2023-09-12 15:45:37+00:00
AsahiLinux,nyancient,1694533679.0,"As I understand it, DP alt mode itself is pretty much done, and the only thing blocking it (on laptops) is getting the USB controller to play nice with the Linux USB subsystem in the presence of USB alt modes.",t1_k09q456,0.000558050291147,2.9636162253154907e-06,5.345359386410564e-05,0.0001047041005222,6.706800195388496e-05,3.075922359130345e-05,2.9439224817906503e-05,2023-09-12 15:47:59+00:00
AsahiLinux,nyancient,1694635059.0,"You need a kernel with 4k page size, which isn't available for general consumption yet. I'm afraid waiting is your only option.",t3_16hwm1t,0.0015370534965768,4.463902314455481e-06,9.71131885307841e-05,0.0001966950949281,0.0001011019703582,5.526912718778476e-05,6.200187635840848e-05,2023-09-13 19:57:39+00:00
AsahiLinux,nyancient,1694668946.0,"Oh, right, I mixed them up. I think I recall box64 not working for some other reason though, but perhaps that was just page size emulation bring unusably slow?",t1_k0gea8r,0.0010917426552623,3.994459802925121e-06,9.084033081308009e-05,0.0001332722604274,8.486912702210248e-05,3.49572510458529e-05,5.811066512251273e-05,2023-09-14 05:22:26+00:00
AsahiLinux,nyancient,1694705244.0,"If you install the Fedora remix now, you will *not* need to reinstall when the official release drops. The only difference between the official release and the current Fedora remix is whether or not they call it official (and, of course, a bunch of updates), as far as I understand.However, if you install Asahi Arch, now or at any other time, you *will* need to reinstall in order to switch to Asahi Fedora.",t3_16hzz1z,0.0004609019379131,1.6938925000431482e-06,3.667904456960969e-05,7.60471957619302e-05,8.875253115547821e-05,1.9928449546569027e-05,1.5098318726813886e-05,2023-09-14 15:27:24+00:00
AsahiLinux,nyancient,1694900238.0,"The answer would be specific to the compositor you're using. If it's Sway, the output config (and swaymsg subcommand) accepts a scale parameter you can use.",t3_16kh8xy,0.0003992437268607,1.3749612435276504e-06,2.7490143111208457e-05,7.067464321153238e-05,0.0001017404792946,1.855525260907598e-05,1.4506658772006633e-05,2023-09-16 21:37:18+00:00
AsahiLinux,nyancient,1695900316.0,"Yes, it's on an M2 MBA. I installed Chromium just this morning, so I assume the package is up to date.",t1_k2jrwhw,0.000386259460356,1.3757521628576797e-06,2.7394802600611e-05,6.989622488617897e-05,9.904179023578764e-05,1.914914173539728e-05,1.3286328794492874e-05,2023-09-28 11:25:16+00:00
AsahiLinux,nyancient,1696185651.0,"If you're on Asahi Arch, install the edge kernel and mesa drivers. It should fix this particular issue, and make your desktop experience much better in general.",t3_16vo2wf,0.0004053762531839,1.4996713844084295e-06,2.762045551207848e-05,8.271141268778592e-05,9.727250289870426e-05,2.1674359231838025e-05,1.4284945791587234e-05,2023-10-01 18:40:51+00:00
AsahiLinux,nyancient,1696232175.0,"Looking at https://git.zerfleddert.de/cgi-bin/gitweb.cgi/m1-debian/blob/HEAD:/patch_kernel_config.pl, it seems the edge changes are baked into the default Asahi Debian kernel now.However, if you don't have apple_dri.so, you're missing the Asahi mesa packages. Not sure if these are separate packages on Debian or if they've somehow gotten replaced by upstream Debian packages on your system, but at least it's somewhere to start looking.",t1_k31ichb,0.0005382366944104,2.1275986910040956e-06,5.287431849865243e-05,8.619909931439906e-05,9.18191290111281e-05,2.054788092209492e-05,2.2338363123708405e-05,2023-10-02 07:36:15+00:00
AsahiLinux,nyancient,1696232387.0,Seems to work fine now. Good job!,t1_k2yr2b1,0.0005126039613969,1.465979835302278e-06,3.270123852416873e-05,8.30171411507763e-05,0.0001097149142879,2.5505194571451284e-05,1.6798028809716925e-05,2023-10-02 07:39:47+00:00
AsahiLinux,nyancient,1697109606.0,"What to expect:- great performance- battery life more or less on par with macOS- built-in speaker support not done yet, use headphonesAnnoyances:- external monitor support not done yet- suspend time ~3 days instead of 30 on macOS- some proprietary packages not available on arm- installer does not support disk encryption yet, you'll have to convert your system manually post-install",t3_1761wdd,0.0003721474204212,1.3755002328252883e-06,2.7421177946962416e-05,6.727824074914679e-05,9.850858623394744e-05,1.770968083292246e-05,1.3674728506885003e-05,2023-10-12 11:20:06+00:00
AsahiLinux,nyancient,1697233225.0,"The GPU is supported well enough for most non-gaming use, but OpenGL support is only up to 3.1 (I think) so far, and Vulkan support is still in the works. Definitely well enough for photo editing and graphical design work.Are you conflating hardware video encoding and decoding with GPU support?",t1_k4lnzj8,0.0003824411833193,1.529445171399857e-06,3.0062445148359984e-05,7.19037270755507e-05,9.269420843338594e-05,1.8002274373429827e-05,1.4939023458282463e-05,2023-10-13 21:40:25+00:00
AsahiLinux,nyancient,1697233347.0,"With the M1 mini you can.External displays are implemented differently on the M2 mini and the laptop models however, so anyone with those models will still have to wait a bit.",t1_k4qb8n1,0.0004070495197083,1.6028232039388968e-06,3.117080268566497e-05,7.055424066493288e-05,9.155963198281825e-05,2.004909583774861e-05,1.6114727259264328e-05,2023-10-13 21:42:27+00:00
AsahiLinux,nyancient,1697233425.0,"You can just grab the deb used by the AUR package, unpack it, and run Signal from the resulting directory. That's pretty much what the AUR package does.",t1_k4mx3y9,0.0005405561532825,1.5549311456197756e-06,3.583131911000237e-05,8.592131052864715e-05,0.0001131242970586,2.537730870244559e-05,1.670575511525385e-05,2023-10-13 21:43:45+00:00
AsahiLinux,nyancient,1697461605.0,"Edge kernel and Mesa doesn't live in separate repositories. You just need to install linux-asahi-edge and mesa-asahi-edge, if I recall the package names correctly.",t1_k53og8t,0.0003894059627782,1.3779686014459005e-06,2.4587896405137144e-05,8.322743087774143e-05,9.99753101496026e-05,1.9121987861581147e-05,1.3173083061701618e-05,2023-10-16 13:06:45+00:00
AsahiLinux,nyancient,1697576836.0,This matches my experience. Arch would start up again something like two shutdowns out of three. I switched to Fedora and haven't had the problem since.,t1_k5az9tp,0.0003536853182595,1.4300114798970751e-06,2.6592573703965172e-05,6.898407445987687e-05,9.009547648020089e-05,1.7585694877197966e-05,1.3382133147388233e-05,2023-10-17 21:07:16+00:00
AsahiLinux,nyancient,1698043664.0,Can confirm that this is a GNOME issue rather than an Asahi one. I'm using notch with fractional scaling on Sway and it's working just fine.,t3_17dqerc,0.000359513942385,1.5003179214545526e-06,2.816523010551464e-05,6.90206652507186e-05,9.0067733253818e-05,1.7884136468637735e-05,1.4630086297984237e-05,2023-10-23 06:47:44+00:00
AsahiLinux,nyancient,1698327330.0,"There's probably something else that's going wrong if mpv can't do 1080p h264 in software on your machine. My M2 air takes about 20% of a single core for that workload (while streaming the video over an SSH connection, no less), and the M2 isn't that much faster than the M1.",t3_17gu352,0.0004276623949408,1.509044068370713e-06,3.570786793716252e-05,6.581284833373502e-05,0.0001032727377605,1.899160997709259e-05,1.5870313291088678e-05,2023-10-26 13:35:30+00:00
AsahiLinux,nyancient,1698782997.0,"You can, with idevicerestore (at least the M2 Air; haven't tried any other models), but you have to build it (and a whole bunch of dependencies) manually from git, in the correct order, to make it work since the latest published version is severely outdated.Not a fun experience, but it's doable.",t1_k79uoc7,0.0006631832802668,2.506052851458662e-06,6.340350955724716e-05,8.656714635435492e-05,0.0001033470180118,2.24850246013375e-05,2.3294751372304745e-05,2023-10-31 20:09:57+00:00
AsahiLinux,nyancient,1699404531.0,"What type of program are we talking about? Is it something that runs until a specific task is completed and then stops, or is it something that runs forever?If it's the former, you probably shouldn't bother. Performing the task as fast as possible and then going back to sleep tends to be more power efficient than running slower for a longer period of time.If it's the latter, you could use [taskset](https://serverfault.com/a/363391) to pin your program to one of the efficiency cores. Performance will be way worse, but the process will use less watts per minute (though probably _more_ watts per unit of work performed).",t3_17q72tw,0.0003739287203643,1.3552939890359994e-06,2.829488403222058e-05,6.257960922084749e-05,9.732558100949972e-05,1.6970332580967806e-05,1.3436404515232423e-05,2023-11-08 00:48:51+00:00
AsahiLinux,nyancient,1699523558.0,"The CPU reaching temps of 100C occasionally (or even frequently) does not cause it to wear out noticeably faster. Your battery will die just from shelf life degradation long before CPU longevity becomes an issue.If you're still concerned about CPU temps, it should be enough to make sure the workload runs single threaded. When only a single core is being stressed, the CPU doesn't reach high enough temperatures to start throttling even in the passively cooled Airs.",t1_k8g6i2c,0.0003916971618309,1.412692540725402e-06,2.791677979985252e-05,7.361092139035463e-05,9.97569368337281e-05,2.10960006370442e-05,1.4093878235144077e-05,2023-11-09 09:52:38+00:00
AsahiLinux,nyancient,1699557371.0,That setup would leave your disk wide open to any attacker that could access your macOS install or boot to grub.Half the point of full disk encryption is not having to enumerate and mitigate all possible ways someone might gain access to your machine. Just set up FDE and spare yourself the worry and headache.,t3_17rh5t8,0.0013189372839406,2.265760940645123e-06,7.700426067458466e-05,0.0001033419030136,0.0002190340164816,7.903653022367507e-05,3.1362465961137787e-05,2023-11-09 19:16:11+00:00
AsahiLinux,nyancient,1699558125.0,"Quoting the linked article:> Presumably, other failure mechanisms would likely become relevant long before the maximum operating temperature would become of concern.Any laptop you buy today will be obsolete long, long before the effects of running at 100C for a couple of minutes a day become even theoretically noticeable, assuming the SSD, battery or monitor doesn't die before that for entirely unrelated reasons.",t1_k8iwhmh,0.0003687859571073,1.3689322031495976e-06,2.608592330943793e-05,6.757870869478211e-05,9.592644346412273e-05,1.7805121387937106e-05,1.3006335393583868e-05,2023-11-09 19:28:45+00:00
AsahiLinux,nyancient,1699564163.0,"Yeah, I'm really looking forward to Asahi supporting this from the installer. Still, if you're comfortable enough with partitioning that you could move to separate partitions for root and home on your own, setting up FDE is pretty easy. At least it's easy enough to be worth it if you're a tinfoil enjoyer like me who is constantly worrying about forgetting their laptop somewhere and the unsavory people who might pick it up. :)",t1_k8ju0d6,0.0079316012561321,2.6638961116987048e-06,0.000305667577777,0.00020620370924,0.0033150527160614,3.377408211235888e-05,5.784715176559985e-05,2023-11-09 21:09:23+00:00
AsahiLinux,nyancient,1699604918.0,"> I'm uncomfortable about how partitions are handled in the Macintosh ecosystem, im not even sure if i have a real ext4 here or its some kind of logical partition all part of a bigger thing. Even if Asahi installer had a LUKS option, I wouldn't sue it yet due to not knowing how I can recover an installation. It's a real partition, with a fixed partition number. Partitions don't work differently on disk, it's just the macOS tools being weird. As for recovery, you could set up a separate Asahi install with no encryption or other frills, just to use as a recovery environment.> If it were up to me I'd skip grub entirely and have an Asahi script chainload a kernel through U-BootYou can actually build the kernel and initrd into m1n1. I did this before switching over to the Fedora version, and it really speeds up the boot process. The main drawback is that you need to remember to regenerate the m1n1 binary whenever you update your kernel, kernel args, or initrd, and that you can no longer use the grub shell to fix minor boot problems on the fly.",t1_k8lcwh2,0.0004587561415974,1.4741785889782475e-06,3.9187565562315285e-05,6.927525828359649e-05,0.0001148798983194,1.848931242420804e-05,1.5837988030398265e-05,2023-11-10 08:28:38+00:00
AsahiLinux,nyancient,1699605092.0,"Oh wow. There definitely _not_ normal, but I can see why you'd want to be extra careful with temps after that experience!",t1_k8lgpjd,0.0008148207562044,1.8626168412083643e-06,4.882383291260339e-05,0.0001242901780642,0.0001375880965497,3.3466996683273464e-05,2.7260979550192133e-05,2023-11-10 08:31:32+00:00
AsahiLinux,nyancient,1699705690.0,"Fedora also uses grub as the bootloader, so the method described in the post you found works. You could also use a modprobe.d config file for apple_dcp and rebuild your initrd.",t3_17sssyu,0.00055243546376,2.528648337829509e-06,5.751464777858928e-05,8.608360076323152e-05,8.3831517258659e-05,2.4466873583151028e-05,2.8556749384733848e-05,2023-11-11 12:28:10+00:00
AsahiLinux,nyancient,1699918665.0,Just ALARM being ALARM. Being broken is pretty much its default state.,t1_k94e3f1,0.0004621024709194,1.3173457773518749e-06,2.2490254195872698e-05,9.999627945944668e-05,0.0001135654893005,2.12132708838908e-05,1.1636313502094708e-05,2023-11-13 23:37:45+00:00
AsahiLinux,nyancient,1699954879.0,"Widevine only allows 480p on (non-chromebook) laptops and desktops, so if YouTube had been using widevine you wouldn't even be able to pick 720p.",t1_k96cq44,0.0003783523279707,1.4043159808352357e-06,2.531798782001715e-05,7.700594142079353e-05,9.802955173654482e-05,1.8012526197708212e-05,1.4299665963335428e-05,2023-11-14 09:41:19+00:00
AsahiLinux,nyancient,1700035247.0,"I see! I tried to find the fedi post where I got the 480p idea from, but it seems I misremembered. That'll teach me to trust my memory. :P",t1_k96yqy1,0.0006880895234644,1.811416950658895e-06,5.59179243282415e-05,6.804540316807106e-05,0.0001468156260671,2.5190922315232456e-05,2.7056164981331676e-05,2023-11-15 08:00:47+00:00
AsahiLinux,nyancient,1700208305.0,"If you had such important data lying around, why on earth would you think to start deleting partitions without first backing it up?Always keep backups (you never know when your machine will get stolen or just decide to break on its own), and _never_ do things you don't understand to mission critical hardware.",t1_k9k4hl5,0.0494982525706291,2.665058127604425e-05,0.0076977922581136,0.0005579149583354,0.0026065995916724,0.0003463399480096,0.0004588645824696,2023-11-17 08:05:05+00:00
AsahiLinux,nyancient,1700468359.0,"This only affects 2.4 GHz networks. I haven't tried any of those in a while (they're getting increasingly hard to find), but listening to music streamed over a 5GHz network using a bluetooth headset works flawlessly.",t1_k9z2k5x,0.000398436182877,1.4677633544124546e-06,3.2762200135039166e-05,6.59559082123451e-05,9.556753502693029e-05,1.687176882114727e-05,1.4357384316099342e-05,2023-11-20 08:19:19+00:00
AsahiLinux,nyancient,1700740027.0,"Whoever downvoted this needs a reality check. There's a reason all phones, tablets and non-Linux laptops are encrypted by default._Always_ use full disk encryption for any device you're going to store credentials or other important data on. You'll be glad you did when you inevitably have a device lost or stolen, or you want to securely wipe your device before selling or recycling it.",t1_kaei1yx,0.0009002755978144,1.7548019286550698e-06,5.285304723656736e-05,8.29230630188249e-05,0.0001796767901396,3.3812368201324716e-05,2.343088090128731e-05,2023-11-23 11:47:07+00:00
AsahiLinux,nyancient,1700864713.0,"Then why not officially drop Arch support? Less headache for you, more clarity for the Arch users who are currently in some sort of ""kind of supported but still broken and low prio"" limbo state. Even the ALARM forums seem to agree that the project is pretty much dead.",t1_kajssct,0.0015748746227473,2.3793454602127895e-06,8.057666127569973e-05,0.0001285796170122,0.0002120581630151,6.697258504573256e-05,2.4981569367810152e-05,2023-11-24 22:25:13+00:00
AsahiLinux,nyancient,1700905519.0,"Yeah, but there hasn't really been a clear ""there is no Arch-based Asahi anymore, we will only support Fedora"" announcement, so a lot of people seem to be clinging to the hope that they will in fact be receiving all the new features (and that you will be doing the work), just a little bit later than Fedora.",t1_kan3ndd,0.0003991040866822,1.4202979627953027e-06,2.9213366360636428e-05,7.023276702966541e-05,9.526372741675004e-05,1.8580483811092563e-05,1.3679842595593072e-05,2023-11-25 09:45:19+00:00
AsahiLinux,nyancient,1700905584.0,I've been running 39 for months and have had zero issues with it.,t3_181hulj,0.0003598427865654,1.375148713123053e-06,2.6934807465295307e-05,6.49883077130653e-05,9.28404406295158e-05,1.8432323486194942e-05,1.3362901881919242e-05,2023-11-25 09:46:24+00:00
AsahiLinux,nyancient,1701029450.0,"They also engage in link hijacking and cryptocurrency grifts. Brave including their own crypto wallet in the browser, and launching their own scam token, was what pushed me to drop them.",t1_kavidpf,0.0018857105169445,2.2575754883291665e-06,8.621874439995736e-05,0.0001154458950622,0.0003203440573997,8.409053407376632e-05,3.60834201273974e-05,2023-11-26 20:10:50+00:00
AsahiLinux,nyancient,1701044707.0,"For one, I'm simply used to Linux and work more efficiently with it. It's easy to customize a lot of things to your liking, which are hard or outright impossible to change at all under macOS.The most annoying example is window and workspace management in the presence of multiple monitors. There is a simple and obviously correct way to deal with this: there is an arbitrary amount of workspaces, each window belongs to one workspace, and each monitor displays one workspace. Which workspace is displayed on a monitor is changeable without affecting any other workspaces (except if you switch to a workspace which is already displayed on another monitor). When a monitor is removed, the workspace on that monitor is simply not visible anymore. When a monitor is added, some currently not visible workspace is displayed on it. That's it. No windows are moved to other workspaces, no workspaces are created or destroyed, the only thing that changes is the amount of viewports.For whatever reason, Windows, macOS and GNOME all fail to implement this (I have no idea if KDE is similarly broken or if it's the one major DE that actually has some thought behind it), but on Linux I can at least switch to a WM that _can_ handle window management....but I won't be able to benefit from that until DP alt mode support is done. 🥲",t3_184kz6x,0.0004954211763106,1.5721950603619916e-06,4.0476792491972446e-05,6.581158959306777e-05,0.0001115042323363,1.801201142370701e-05,1.8549731976236217e-05,2023-11-27 00:25:07+00:00
AsahiLinux,nyancient,1701045917.0,"Cryptocurrencies are inherently suspect.- From a technical perspective, they are an extremely inefficient proof of concept of a toy version of technology that has been around for ages, and do not solve the problems they claim to solve.- From a user perspective, they are hard to use and easy to lose without any kind of recourse. You also cannot use them for any sort of everyday transaction, or even convert them back into real money in many jurisdictions.- From an economic perspective, they do not have the properties required to make neither a usable currency nor a proper asset, their ""value"" being based purely on speculation on a ""market"" which is so rife with manipulation that even calling it a market is being extremely charitable.- From a social perspective, not only to cryptocurrencies inherit some extremely problematic ideas about ""sound money"", but the monetization of all human interaction which is the goal of the ""web3"" crowd is the stuff of nightmares.- From a legal standpoint, given all the above points, cryptocurrencies are basically only used for money laundering, ransomware operations and investment scams. Considering that pretty much all cryptocurrencies are at the very least marketed as dividend-bearing investments, it is safe to say that they are all, inherently, unregistered securities (i.e. investment scams) even before we get to the scams layered on top.Given all of these points, any company which tries to push their own cryptocurrency on users is also inherently suspect. Especially when that company also quietly change referral links to cryptocurrency to include _their own_ referrer ID instead of the referrer ID of the URL the user intended to visit.tl;dr most people don't trust a browser adjacent to financial crime, with a history of rewriting your traffic for their own profit, to handle their identity and banking details.",t1_kavnyqc,0.000814325932879,1.6778037661424603e-06,5.086227611172944e-05,8.722291386220604e-05,0.0001646181044634,1.9355560652911663e-05,2.0353942090878263e-05,2023-11-27 00:45:17+00:00
AsahiLinux,nyancient,1701074066.0,"Yeah, I tried running yabai for a while, but it doesn't do much to fix the broken workspace handling. Or at least it didn't a year ago. I had to resort to writing a bunch of scripts that would run every time a window changed workspaces to keep a separate state which would be restored on hotplug events.In the end that was just too error prone so I'm currently using a backup laptop while waiting for external display support to land in Asahi.",t1_kay9mb3,0.0004084139945916,1.4369165910466108e-06,3.317914888611995e-05,6.339522951748222e-05,0.0001005605590762,1.6582107491558418e-05,1.480036553402897e-05,2023-11-27 08:34:26+00:00
AsahiLinux,nyancient,1701080567.0,"Yeah, I'm pretty sure the macOS implementation is a concession to non-workspace users. Considering the weird semantics of multiple monitors on macOS, it looks a lot like they started out with the correct semantics, and then changed it around a bit after realizing that the correct semantics is confusing to users who don't use workspaces.That's why I prefer Linux; I can go be rabid about window management together with a few dozen other weirdos like me, without making the default install confusing for the vast majority of normal people who just want to see where their windows are at all times.",t1_kaybcr8,0.029119161888957,3.956520231440663e-06,0.0004663041327148,0.0005332395085133,0.0177384335547685,3.716678111231886e-05,9.305413550464436e-05,2023-11-27 10:22:47+00:00
AsahiLinux,nyancient,1701183972.0,"Just a wild guess: could it be that Twitch streams are protected with Widevine DRM, and that you either don't have that installed (so they limit you to a lower resolution) or you do have it installed but Twitch limits playback resolution on Widevine L3 (which is the only security level supported on Asahi)?",t3_185u3ad,0.0003739805833902,1.3723346228289302e-06,2.643623338371981e-05,7.252403884194791e-05,9.75416842265986e-05,1.709638672764413e-05,1.292936303798342e-05,2023-11-28 15:06:12+00:00
AsahiLinux,nyancient,1701200114.0,"TLP should be started automatically by systemd. If you are unsure if this is the case, run `sudo systemctl enable --now tlp`. This will enable TLP to start automatically every boot, as well as start it immediately if it isn't already running.",t1_kb529sq,0.0004935873439535,1.6525466435268754e-06,3.4383519960101694e-05,7.198824459919706e-05,0.0001020757335936,2.6382891519460827e-05,1.805448846425861e-05,2023-11-28 19:35:14+00:00
AsahiLinux,nyancient,1701200332.0,"I wouldn't be surprised if they did add DRM to their streams. It feels like everyone and their grandmother is trying their best to lock their content down nowadays, even in scenarios where doing so is very silly indeed.",t1_kb4qusx,0.6361313462257385,5.615815553028369e-06,0.0005273969727568,0.000521367881447,0.5652313232421875,4.834822175325826e-05,7.392029510810971e-05,2023-11-28 19:38:52+00:00
AsahiLinux,nyancient,1701566187.0,It doesn't seem to make any difference on the M2 Air at least.,t3_18995pb,0.0003813664370682,1.2094515113858506e-06,2.467264494043775e-05,7.159132655942813e-05,0.0001068344718078,1.743354368954897e-05,1.0666184607543984e-05,2023-12-03 01:16:27+00:00
AsahiLinux,nyancient,1701684501.0,"> There's still quite a bit of work left to tie things together and properly support dynamic display controller assignment and stuff like that, yes. All that introduces a lot of complexity over just a single HDMI port. But we're working on it!- Asahi Mastodon account, yesterday, when asked if there's a lot of work left until DP alt mode or TB will be released",t1_kbx8v03,0.000445249635959,1.6439655610156478e-06,3.655434557003901e-05,7.342969183810055e-05,9.331689216196536e-05,2.0051274987054057e-05,1.636203160160221e-05,2023-12-04 10:08:21+00:00
AsahiLinux,nyancient,1702766494.0,"As soon as dp alt mode lands, my M2 Air is going to be the awesomest laptop ever!...and then I'll probably get an M3 MBP and start the wait all over again, because god forbid I let myself just enjoy something working for once. 😅",t3_18jzzc3,0.0013973980676382,4.330802312324522e-06,0.0001836144801927,0.0001170258692582,0.0001361141912639,5.578945274464786e-05,5.703874194296077e-05,2023-12-16 22:41:34+00:00
AsahiLinux,nyancient,1702818103.0,100% agree. I just wish Apple would stop dangling _even longer_ battery life right before my eyes all the time.,t1_kdqiu1v,0.0007310437504202,1.6965517488642945e-06,3.365496013429947e-05,0.0001228761830134,0.000139552357723,4.0749491745373234e-05,1.992531360883731e-05,2023-12-17 13:01:43+00:00
AsahiLinux,nyancient,1702839605.0,"Yeah, I'm aware that I'm a battery life junkie. Residual anxiety from the 2000s when battery life was actually a problem. Fortunately I've been jaded by shitty company laptops to the point where I can now avoid buying everything in sight with a high battery rating.",t1_kdr5qtq,0.4616556465625763,0.0004000735352747,0.4559897482395172,0.0010665048612281,0.038345068693161,0.0002666458603926,0.0019558437634259,2023-12-17 19:00:05+00:00
AsahiLinux,nyancient,1702895299.0,"The Arch version was never ""ready"" either (it was explicitly in alpha), so in that respect nothing has changed. If that was ready enough for you, the Fedora version is too.",t1_kdsac3d,0.0004399347235448,1.8482294308341809e-06,3.438728890614584e-05,7.930000720079988e-05,7.940329669509083e-05,2.0334211512818e-05,1.6932812286540866e-05,2023-12-18 10:28:19+00:00
AsahiLinux,nyancient,1703031687.0,Maybe it has to do with memory pressure? I've noticed Asahi seems to use a lot less memory than macOS.,t3_18m9oz7,0.0003935279673896,1.408699404237268e-06,2.423287514830008e-05,7.446932431776077e-05,0.0001009013503789,1.7934125935425982e-05,1.684243034105748e-05,2023-12-20 00:21:27+00:00
AsahiLinux,nyancient,1703059426.0,"Unfortunately displaylink tops out at 4k@60hz, so those of us with larger ultrawide displays are out of luck there. 🥲",t1_ke2baw2,0.0008403739193454,1.7630397906032158e-06,6.451931403717026e-05,9.075980051420628e-05,0.0001720395666779,2.7391250114305876e-05,2.5638491933932528e-05,2023-12-20 08:03:46+00:00
AsahiLinux,nyancient,1703607983.0,"To be fair, the Slack desktop app is also a pretty subpar experience...",t1_kezkwhw,0.0008506086305715,1.4027431234353571e-06,4.162554978393018e-05,8.935164078138769e-05,0.0002047012094408,2.1828649551025592e-05,2.1260459106997587e-05,2023-12-26 16:26:23+00:00
AsahiLinux,nyancient,1703951307.0,"M3 support is several months away, and docking station compatibility is zero as neither DP alt mode nor Thunderbolt is supported yet.",t3_18ufpdg,0.0004062660445924,1.402955945195572e-06,2.647632391017396e-05,7.579019438708201e-05,0.0001001601413008,1.9775894543272443e-05,1.347225497738691e-05,2023-12-30 15:48:27+00:00
AsahiLinux,nyancient,1703976461.0,"If you have a spare machine or s friend who's a regular Linux user, try to test the displaylink dock with an actual Linux machine or two and see how it works. In my experience DL has severe performance issues (even for normal desktop use) on Linux, but I haven't used a DL dock in years so YMMV.",t1_kfktuu6,0.0005101591814309,1.6776228903836454e-06,4.027272734674625e-05,8.166755287675187e-05,0.0001030836428981,2.2826929125585593e-05,1.974937731574755e-05,2023-12-30 22:47:41+00:00
AsahiLinux,nyancient,1704296205.0,"Unfortunately, DL adapters is limited to 4k (or even 1080p for most models), so they won't work for us ultrawide junkies. :(",t1_kg4go8p,0.0048180017620325,4.183363216725411e-06,0.0004394300922285,0.0002398711221758,0.0010257472749799,4.992571484763175e-05,9.32129260036163e-05,2024-01-03 15:36:45+00:00
AsahiLinux,nyancient,1704305506.0,"Because ""dual displayport mode"" is not a thing. I've never even seen a monitor that could present one logical display over multiple DP connections, and I strongly suspect the DP protocol doesn't support it. If you look at the specs of other docks with the same chipset you'll also see that the 5k ""support"" is Windows only, so I suspect some special interaction between the Windows driver and some particular monitors. Even if this were to ""work"" (i.e. display a picture), DL performance is terrible already at 2x1080p. Pushing 3x as many pixels just wouldn't be usable.I'd love to be proved wrong though, because external displays support is the last blocker before I can use Asahi as my daily driver.",t1_kg51zgs,0.0004108497232664,1.3843265378454817e-06,3.360569826327264e-05,6.891208613524213e-05,0.0001095120314857,1.689121563686058e-05,1.510194761067396e-05,2024-01-03 18:11:46+00:00
AsahiLinux,nyancient,1704399622.0,"The only ""misinformation"" here is you claiming that a non-standard feature, only available on Windows and only if you happen to have a long-discontinued display which implemented it as a workaround for DP 1.4 not being out yet, is somehow applicable to a discussion about using DisplayLink with Asahi.",t1_kg5rnkx,0.0005163832684047,1.8229361558042e-06,4.060630817548372e-05,7.667985482839867e-05,9.220414358424024e-05,1.995269485632889e-05,1.9720506315934472e-05,2024-01-04 20:20:22+00:00
AsahiLinux,nyancient,1704623083.0,And here I was hoping I'd be able to use my TB3 monitor using it's USB3 fallback as soon as DP alt mode was implemented. TIL. 🥲,t1_kgnbxy3,0.0009403429576195,4.5669544306292664e-06,0.0001270009961444,8.353474549949169e-05,8.542523573851213e-05,6.558679888257757e-05,6.1024042224744335e-05,2024-01-07 10:24:43+00:00
AsahiLinux,nyancient,1704717199.0,I'd say performance and battery life. Any OLED display blows Apple's laptop displays out of the water.,t1_kfzl11m,0.0004549085278995,1.4821248441876378e-06,2.7870255507878028e-05,8.80793813848868e-05,0.0001096107516787,2.2790321963839233e-05,1.5256373444572093e-05,2024-01-08 12:33:19+00:00
AsahiLinux,nyancient,1704756689.0,"[The last time this was asked](https://www.reddit.com/r/AsahiLinux/comments/190383c/nvme_enclosure_not_detected/)(two days ago and still on the first page), marcan stated that USB3 fallback wont work due to the firmware dictating the USB mode. Since the firmware doesn't know that Asahi doesn't support TB3 yet, the firmware will tell any plugged in TB3 devices that ""yes, of course I support TB3"", preventing them from realising that they need to downgrade to USB3.",t1_kgyo8ip,0.0004000628541689,1.579410195517994e-06,3.567009116522968e-05,6.479733565356582e-05,9.185451199300589e-05,1.8117132640327327e-05,1.44965370054706e-05,2024-01-08 23:31:29+00:00
AsahiLinux,nyancient,1704756764.0,Neither will work until Thunderbolt support is implemented. See my other comment for clarification.,t1_kgyp9u9,0.0003741232503671,1.4433454680329303e-06,2.3531087208539248e-05,8.005249401321635e-05,9.600642079021782e-05,2.04258303710958e-05,1.2462282938940916e-05,2024-01-08 23:32:44+00:00
AsahiLinux,nyancient,1704757582.0,"> I don't know why there's this whole ""tuning"" culture on other platforms. All that stuff should just work. On every x86 laptop I've owned - including a Zen 3+ one so this isn't just me not being caught up with the times - just installing `tlp` has generally doubled battery life (during light use) for me. This mostly comes from setting a more aggressive PCIe link power saving mode and less aggressive CPU frequency scaling hints, neither of which is enabled by default when on battery.",t1_kgr3le4,0.0004526050470303,1.749810166984389e-06,3.952542465412989e-05,7.422133785439655e-05,9.137576853390784e-05,2.065741500700824e-05,1.817850352381356e-05,2024-01-08 23:46:22+00:00
AsahiLinux,nyancient,1704794981.0,"If I were to guess, I'd say it's a combination of not wanting to use slower defaults even on battery (which seems stupid to me), and one obscure SSD corrupting data once 15 years ago when link power management was enabled so now we're stuck forever with bad defaults just in case.",t1_kh119z2,0.460509717464447,1.7410879081580788e-05,0.0091348085552454,0.0002892813645303,0.3067809641361236,5.599876385531388e-05,0.0001743924512993,2024-01-09 10:09:41+00:00
AsahiLinux,nyancient,1704891759.0,I believe Eileen is already working on it: https://github.com/eiln/avd,t1_kh6rial,0.0003683002141769,1.3950988204669557e-06,3.127412128378637e-05,6.309536547632888e-05,9.616392344469205e-05,1.6466863598907366e-05,1.308813261857722e-05,2024-01-10 13:02:39+00:00
AsahiLinux,nyancient,1705192901.0,"If you have a pro you actually do have external display support now, over HDMI. Or does the M1 pro not have a HDMI port?",t1_khqwc8f,0.0004417219315655,1.3863585763829178e-06,2.9242437449283894e-05,8.206952770706266e-05,0.0001075750042218,1.877153590612579e-05,1.5506171621382236e-05,2024-01-14 00:41:41+00:00
AsahiLinux,nyancient,1705193565.0,"Depending on what you want to run, the gpu is pretty relevant. Games is a pretty major category of x86 only proprietary software and seems to be the driver behind most of the x86-on-arch work, which is why you'll see DRM pop up all the time in those discussions.",t1_khovzid,0.0004809326492249,1.855475602496881e-06,4.302926754462533e-05,7.74147265474312e-05,8.901638648239896e-05,2.2116935724625364e-05,1.9077724573435265e-05,2024-01-14 00:52:45+00:00
AsahiLinux,nyancient,1705263600.0,"Not any more silly than getting an Intel/AMD laptop and only run Linux on it.Do check that the features you want are supported, however, or that you're prepared to wait for them. I was overly optimistic about the DP alt mode timeline when I bought an MBA a year ago, and ended up also buying a 14"" MBP when HDMI support dropped just to finally be able to use my external display. That *was* silly of me.",t3_196del9,0.5903686285018921,1.2054882063239347e-05,0.003411452518776,0.0003360547125339,0.4859187602996826,5.295601658872329e-05,0.0001151841861428,2024-01-14 20:20:00+00:00
AsahiLinux,nyancient,1705273051.0,"That sounds about right. I'm getting 12-15h on the 13"" M2 MBA and 10-12h on the 14"" M2 MBP.",t1_khttz1h,0.0004217497771605,1.8375508261669893e-06,4.264340168447234e-05,7.301736332010478e-05,8.979245467344299e-05,2.419655174890067e-05,1.904507735162042e-05,2024-01-14 22:57:31+00:00
AsahiLinux,nyancient,1705307457.0,"Do you get the same problem if you have the USB devices directly plugged into the machine instead of through a hub, or if you use a different hub? Would be interesting to know if the issue is booting with an external USB hub plugged in, or if it's some particular device that u-boot doesn't like.",t1_khvd5z7,0.0004504692624323,1.3920553101343105e-06,3.0071390938246623e-05,7.63617135817185e-05,0.0001109297445509,2.0822071746806617e-05,1.5455740140168928e-05,2024-01-15 08:30:57+00:00
AsahiLinux,nyancient,1705364997.0,"Apple says the hardware supports up to 6k60. I've run 5k60 over thunderbolt on macOS, and it works fine. DP over non-thunderbolt is probably called to 4k60, as the USB controller only implemented 10 Gbps USB 3.1. I'm not sure why the HDMI output on the M2 mini and pro laptops is capped to 4k60 though. The hardware is HDMI 2.1, so it should also be able to do 6k60.",t1_khz3bvd,0.00044834552682,1.6075151734185056e-06,4.288617492420599e-05,7.657273818040267e-05,0.000107262385427,1.9951743524870835e-05,1.5905039617791772e-05,2024-01-16 00:29:57+00:00
AsahiLinux,nyancient,1705429767.0,"Without the YouTube video you will easily get >10 hours of light work from an M1 Air. I have an M2 Air and I'm getting something like 12 hours of light work from it. The YouTube video will probably bring you down to 6-8 hours though. No hardware video decoding yet, so the video decoding will keep a p-core pretty busy. Maybe you could get better battery life without frame drops if you pin your browser to the e-cores, but I haven't tried it.Not convinced that Zen+ is faster than the M1 though. Looking at benchmarks (except the ones that have hand-rolled amd64 optimizations - looking at you, CineBench), the M1 at 9W performs on par with the 6800U at 25W. I also happen to own a machine with the 6800U, and the M2 Air handily outperforms it while lasting way longer on a single charge despite having a battery with 25% less capacity. And the M2 is slightly less efficient than the M1.",t1_ki5aq07,0.0004320674634072,1.5470340031242813e-06,4.192429332761094e-05,6.004999522701837e-05,0.0001144568523159,2.1262771042529497e-05,1.7091022527893074e-05,2024-01-16 18:29:27+00:00
AsahiLinux,nyancient,1705431940.0,"ALARM is so broken and unmaintained, the only activity on the official ALARM forums is people complaining about ALARM being broken and unmaintained. It might work fine for you at the moment, but I really wouldn't count on it going forward.",t3_197wgih,0.0004457249888218,1.4340142797664155e-06,2.753091393969953e-05,7.860014011384919e-05,0.0001045083918143,2.065483568003401e-05,1.4484044186247049e-05,2024-01-16 19:05:40+00:00
AsahiLinux,nyancient,1705441581.0,"I don't think you can set a hard power limit on M1, but I might be wrong. I'm also not convinced it would be a good idea, since it may well be more efficient to burst for a short while and then go back to sleep, than keep the CPU awake for longer.",t1_ki6bguu,0.0005586189217865,1.5702486280133598e-06,3.533966446411796e-05,8.338909537997097e-05,0.0001219271580339,2.8060538170393556e-05,1.943485585798044e-05,2024-01-16 21:46:21+00:00
AsahiLinux,nyancient,1705501217.0,"Did you build idevicerestore and its dependencies from source, in the correct order? The released version is extremely out of date.[Here](https://www.reddit.com/r/AsahiLinux/comments/12mteo7/comment/jgjiw1m/) is how I restored my M2 Air from DFU. Make sure to build everything in the correct order, or things will probably not work.",t3_198u2qo,0.0004104089457541,1.5110025515241432e-06,3.4567499824333936e-05,6.43785169813782e-05,9.506227070232852e-05,1.8237940821563825e-05,1.395600975229172e-05,2024-01-17 14:20:17+00:00
AsahiLinux,nyancient,1705653026.0,"Oh. Yeah, then the Macbook display wins hands down. I've had my share of cheap Lenovo displays.",t1_kigzyzs,0.0005794874159619,1.359000748379913e-06,3.3389340387657285e-05,8.26554314699024e-05,0.0001369043020531,2.333510565222241e-05,1.5799940229044296e-05,2024-01-19 08:30:26+00:00
AsahiLinux,nyancient,1705805582.0,"Since your free space looks like it's contiguous with your Fedora partition, you should be able to use it relatively easily.1. Write down the start of your Fedora partition.2. Delete your Fedora partition.3. Re-create your Fedora partition using all available space. When asked where you want it to start, enter the value you wrote down in step one. Failure to do this correctly will result in you losing there data on the partition.4. Resize the file system to use the entire partition.If you mess up any of the steps you will probably lose all data on your Linux partition (or other partitions, if you delete the wrong one in step 2), so make a backup before you start and don't even attempt this if you're not comfortable with potentially rendering your laptop unbootable and having to recover it through DFU.",t3_19awzm4,0.0004377508885227,1.3958866702523665e-06,3.271362220402807e-05,6.0906659200554714e-05,0.0001055108295986,1.8355614884058017e-05,1.4225753147911746e-05,2024-01-21 02:53:02+00:00
AsahiLinux,nyancient,1705805922.0,"Oh, and step 4 is a little more involved for btrfs then for, say, ext4, so you might want to do some googling on ""fedora resize root partition"" or similar first.",t1_kiu2aig,0.0004287328920327,1.5033500631034258e-06,3.522754923324101e-05,7.33032647985965e-05,0.0001042427538777,2.039995888480917e-05,1.5375031580333598e-05,2024-01-21 02:58:42+00:00
AsahiLinux,nyancient,1705806173.0,Wrong. Take a look at the end of nvme0n1p6 and the start of nvme0n1p7. There's half a terabyte of free space lurking right after the end of OP's root partition.,t1_kipy8xz,0.000556604063604,2.03897411665821e-06,4.25900834670756e-05,0.000105820770841,9.049103391589596e-05,2.15334803215228e-05,1.9927403627661988e-05,2024-01-21 03:02:53+00:00
AsahiLinux,nyancient,1706119996.0,No. The macOS install is still required for firmware updates. Removing it is unsupported.,t3_19emw9g,0.0004321881278883,1.4075271792535204e-06,2.317969483556226e-05,8.614256512373686e-05,0.000101937315776,2.2947324396227486e-05,1.3298118574311957e-05,2024-01-24 18:13:16+00:00
AsahiLinux,nyancient,1706216120.0,"No, Asahi runs natively on the hardware. macOS is not involved at all. The only reason you need to keep macOS installed is that Asahi does not yet have the capability to update firmware on its own, so you need to boot into macOS to do that.",t1_kjgz2mq,0.0005124168237671,1.4166264463710831e-06,3.1688752642367035e-05,7.391070539597422e-05,0.0001166140355053,2.481060073478147e-05,1.61419520736672e-05,2024-01-25 20:55:20+00:00
AsahiLinux,nyancient,1706216599.0,"The machines with an HDMI port do have external display support now. Suspend breaks it until you reboot, the resolution is limited to 4k, and it's inconvenient to have to plug in monitor, power and peripherals separately, but the support is there.I'm really looking forward to Thunderbolt support though, so I can get rid of the MBP and go back to using the MBA. The MBP is nice, but the MBA is definitely the better machine.",t1_kjikt2k,0.0003838421253021,1.4412231621463434e-06,2.981553552672267e-05,6.831112114014104e-05,9.892041271086782e-05,1.852574132499285e-05,1.4317651221062988e-05,2024-01-25 21:03:19+00:00
AsahiLinux,nyancient,1706261039.0,You're using the wrong architecture. Try the ARMv8 aarch64 build instead.,t3_1abe4t7,0.0005819224752485,2.3684740426688222e-06,4.4369033275870606e-05,0.0001035662280628,7.725093746557832e-05,3.234801988583058e-05,2.3275164494407363e-05,2024-01-26 09:23:59+00:00
AsahiLinux,nyancient,1706444239.0,"The USB controller gets reset on suspend/resume, so there's a good chance you'll need to reconnect any peripherals after resume. It's a known issue.",t3_1ac3ema,0.0004062794323544,1.4063638218431151e-06,2.4909060812206008e-05,7.610654574818909e-05,9.837585093919188e-05,2.1132364054210484e-05,1.4255794667406008e-05,2024-01-28 12:17:19+00:00
AsahiLinux,nyancient,1706482919.0,"Unfortunately, I don't think there is a good way to make any Linux environment behave as macOS wrt keyboard shortcuts. Just swapping control and command certainly isn't it.",t3_1ad63qv,0.0004664057050831,1.4084281474424645e-06,2.9172832000767812e-05,6.903481698827818e-05,0.0001113799080485,2.0701196262962185e-05,1.619842259970028e-05,2024-01-28 23:01:59+00:00
AsahiLinux,nyancient,1706483076.0,"It might be that those other peripherals detect that the connection was reset and initiate a reset themselves, while the magic trackpad expects the host to drive any resets. Not all peripherals will react the same to their connection suddenly being in another state than what they expect.",t1_kjzhcip,0.0003720723907463,1.3748681340075564e-06,2.4096956622088328e-05,8.077831444097683e-05,9.717247303342448e-05,1.8647939214133658e-05,1.3452841812977567e-05,2024-01-28 23:04:36+00:00
AsahiLinux,nyancient,1706534948.0,"This sounds like expected behaviour to me. The USB connection used for DisplayLink devices isn't fast enough to drive your display ""normally"", so it relies on compression to give you a best effort. When the contents of your screen aren't easily compressed (say, if you're viewing a complex image) you'll experience lower frame rates. The higher your resolution, the worse this problem becomes.",t3_1aduy6q,0.0004492240259423,1.2791931567335268e-06,2.6636098482413217e-05,7.173866470111534e-05,0.0001128941148635,1.8881450159824453e-05,1.419558611814864e-05,2024-01-29 13:29:08+00:00
AsahiLinux,nyancient,1706535091.0,"Sounds like GC is triggering too often, which could be caused by high memory pressure. If you're on an 8GB model and are running lots of stuff in the background, this seems pretty likely. Increasing swap might help, and running less stuff in the background certainly will.",t1_kk3gigq,0.0004588319861795,1.599407369212713e-06,3.1834319088375196e-05,7.688802725169808e-05,0.0001007421451504,2.116039649990853e-05,1.9237255401094444e-05,2024-01-29 13:31:31+00:00
AsahiLinux,nyancient,1706574197.0,"The ports do, but DisplayLink devices don't. Asahi also doesn't support TB3/USB4 yet so you're stuck with 10 Gbit/s, which means you're out of bandwidth even before reaching 4k@60Hz.",t1_kk4km71,0.0004555904888547,1.5519178759859642e-06,3.778334939852357e-05,7.061630458338186e-05,0.0001045428798533,1.8340550013817847e-05,1.6600492017460056e-05,2024-01-30 00:23:17+00:00
AsahiLinux,nyancient,1706574425.0,Then I'd say it's very unlikely that memory pressure is the culprit unless you have an obscene amount of tabs open.,t1_kk4kiw8,0.0006499700830318,1.4655156519438606e-06,3.0449742553173564e-05,9.046722698258236e-05,0.0001337032590527,2.4624479920021255e-05,2.2036299924366176e-05,2024-01-30 00:27:05+00:00
AsahiLinux,nyancient,1707050898.0,"There's nothing magical about apfs subvolumes. As long as you have free space immediately following your Asahi partition, you can enlarge it just like you would on any other Linux system. If you don't you're out of luck.",t3_1ai9w30,0.0085141286253929,3.4409333693474764e-06,0.0003475834673736,0.0003412268706597,0.0019724015146493,8.313106081914157e-05,8.038441592361778e-05,2024-02-04 12:48:18+00:00
AsahiLinux,nyancient,1707065421.0,"I used to only go for ThinkPads, but from 12th generation on Intel CPUs are so ridiculously power hungry they don't even come close to decent battery life anymore.If you're OK with some things being a bit wonky (suspend breaking HDMI until next reboot for instance) and waiting a bit longer for display output over USB, you're going to love Asahi. Otherwise you're better off with an AMD based laptop.",t3_1aino4j,0.0114693269133567,4.347972662799293e-06,0.0008217111462727,0.0002207367942901,0.0034295353107154,5.594928370555863e-05,8.275323489215225e-05,2024-02-04 16:50:21+00:00
AsahiLinux,nyancient,1707135371.0,"I don't own a 12th+ gen Intel laptop myself, but check any review and compare with gen 11. Battery life has taken a nosedive across the board for Intel based machines. It especially doesn't help that Lenovo (and most other manufacturers of ultraportables) has chosen to go with the power hungry p series CPUs for most machines instead of the u series like they used to.",t1_kowgj77,0.0005154366372153,1.5034747775644064e-06,3.985387957072817e-05,7.37422305974178e-05,0.0001270022185053,2.2211799659999087e-05,1.785201493476052e-05,2024-02-05 12:16:11+00:00
AsahiLinux,nyancient,1707135632.0,"Subjectively Asahi is snappier, but that might be because I'm using Sway which is pretty lightweight. Especially boot times are much better with Asahi.On the flip side, you never notice boot times on macOS since you can just put the laptop to sleep until you need it next. Asahi still had worse power consumption during sleep (three days standby instead of thirty), so you will probably turn it off more.",t1_koxc529,0.0005810958100482,1.4960160115151666e-06,4.0654198528500274e-05,7.746324263280258e-05,0.0001318460854236,2.159453470085282e-05,1.79772778210463e-05,2024-02-05 12:20:32+00:00
AsahiLinux,nyancient,1707155920.0,"If you're new to Arch, you should really switch over to Fedora. The Arch version is deprecated, and the only people who should use it are people who just can't stand anything but Arch. And even they are better off switching.",t3_1aifye1,0.0006876066909171,1.5406544662255328e-06,2.9820172130712308e-05,0.0001261193101527,0.0001240108977071,2.276047962368466e-05,1.42210610647453e-05,2024-02-05 17:58:40+00:00
AsahiLinux,nyancient,1707330874.0,"Out of the box, security for data at rest is strictly worse since disk encryption is not supported by the installer. You can enable disk encryption yourself, but unless you use a FIDO token or similar, or a truly random password, to unlock your disk, security will still be worse than macOS since Asahi does not yet support using the secure enclave for disk encryption. Even if you use a random password or hardware toke, your data at rest will still be more at risk from evil maid attacks, as Asahi also doesn't support secure boot yet; tamper proof your machine by sealing the screws with glitter nail polish or similar.Note that this only applies to data at rest. I don't think you can say that either is more secure than the other in a more general sense.",t3_1akxgro,0.0005705815856344,1.573915824337746e-06,3.705388735397719e-05,7.874035509303212e-05,0.0001288409112021,2.4209084585891105e-05,1.6978929124888964e-05,2024-02-07 18:34:34+00:00
AsahiLinux,nyancient,1707379160.0,"Secure enclave and secure boot support is planned, but it will probably be a while (I would not expect it to happen before 2025).If all you want is to isolate the installs from each other you should be fine with plain disk encryption as long as you use a decent password. Without secure boot there is a theoretical risk of macOS being able to interfere with Asahi since the boot and EFI partitions are not encrypted, but that's highly unlikely to be a problem in practice. Unless someone is out to get you specifically, developing malware that infects a Linux kernel or bootloader from macOS just doesn't make economic sense.You might want to look into having more than one macOS install if this is your only reason for wanting to use Asahi. Then you get secure boot and encryption out of the box.",t1_kpfdzpy,0.0003945803327951,1.2663500683629536e-06,2.7425568987382576e-05,6.382853462127969e-05,0.0001077976339729,1.8413875295664184e-05,1.323175456491299e-05,2024-02-08 07:59:20+00:00
AsahiLinux,nyancient,1707483031.0,"You may want to make sure you say no when macOS asks you if you want to allow Apple to be able to unlock your Mac remotely. That's the one blatant security hole with macOS, bit fortunately it's optional.",t1_kplxzp7,0.0007240649429149,1.838295702327741e-06,5.274499562801793e-05,7.266256579896435e-05,0.0001460446219425,2.8437607397791e-05,2.2934220396564345e-05,2024-02-09 12:50:31+00:00
AsahiLinux,nyancient,1707583240.0,Telemetry is literally spying unless you can at least opt out of it. Whether it's helpful or not is besides the point.,t1_kps6ufw,0.0003779368416871,1.3070829254502314e-06,2.271841003675945e-05,7.727009506197646e-05,0.0001017049653455,1.78673435584642e-05,1.287610848521581e-05,2024-02-10 16:40:40+00:00
AsahiLinux,nyancient,1707900171.0,"> What do I do to get my pacman working?You don't. Arch is no longer supported, and the underlying ALARM distro seems to be more or less unmaintained. Install Asahi Fedora instead.",t3_1aq7q48,0.0006950392853468,2.004063389904331e-06,7.804878987371922e-05,7.843377534300089e-05,0.0001177690792246,2.8776872568414547e-05,1.953814171429258e-05,2024-02-14 08:42:51+00:00
AsahiLinux,nyancient,1707930693.0,"No, makepkg is specific to Arch, and pacman (and the packages you'd install with it) will most likely not work very well (or at all) with Fedora.I'm afraid you won't have much luck with that guide, as it's almost a year old and was written long before the Fedora switch was even planned. Unfortunately I don't have a better one for you, but maybe you'll have better luck on the Asahi section of the Fedora forums.",t1_kqeeiti,0.0004091042792424,1.285765961256402e-06,4.093905954505317e-05,5.682142364094034e-05,0.0001071270453394,1.909286766021978e-05,1.147305556514766e-05,2024-02-14 17:11:33+00:00
AsahiLinux,nyancient,1708170921.0,"This is why I stopped working on open source projects that people actually use. Impatient, entitled little shits who don't realize that what they're getting for free normally costs 100€ per hour.",t3_1asvk44,0.8804394602775574,0.0019054373260587,0.7706438899040222,0.0037521058693528,0.3282861113548279,0.0002592988894321,0.0031423533800989,2024-02-17 11:55:21+00:00
AsahiLinux,nyancient,1708171036.0,Good.,t3_1asvuzg,0.0003846501931548,1.0968935839628102e-06,2.277596104249824e-05,6.643634696956724e-05,0.0001117039937525,1.6436160876764916e-05,1.0612267033138778e-05,2024-02-17 11:57:16+00:00
AsahiLinux,nyancient,1708891279.0,"It's been said time and time again, the display driver does not - and will not - do fake display modes. Any patches to that effect would most likely be rejected out of hand.Personally, I have no idea why you'd want screen mirroring for presentations. What you want is the presenter's view with notes, etc. on your laptop screen and the audience view on the big screen. Or ideally, learn your material well enough beforehand and set your presentation up so that you can do it all with only a clicker. It's more work, but it does a *lot* for the quality of your presentation.",t3_1azkb4o,0.0005714820581488,1.610581080058182e-06,5.690444231731817e-05,5.820500155095942e-05,0.0001349039812339,1.878966031654272e-05,2.0643412426579744e-05,2024-02-25 20:01:19+00:00
AsahiLinux,nyancient,1709021533.0,Same for me on 1.20.1.,t1_ksaillb,0.0007437992608174,3.31088449456729e-06,9.985068027162924e-05,8.05698218755424e-05,8.795491885393858e-05,3.6462817661231384e-05,3.818094774032943e-05,2024-02-27 08:12:13+00:00
AsahiLinux,nyancient,1709468062.0,Wrong. https://github.com/eiln/avd,t1_kt4vfge,0.0004268106131348,1.2331458947301144e-06,3.329436367494054e-05,7.135924533940852e-05,0.0001157963779405,1.5139540664677044e-05,1.0308941455150489e-05,2024-03-03 12:14:22+00:00
AsahiLinux,nyancient,1709509011.0,"Just stop. Entitled fuckers going ""IS THIS PROJECT DEAD??? WHERE ARE THE UPDATES??? WILL SOMEONE ELSE BE PICKING THIS UP???"" whenever progress on the software they're receiving for free is not as quick as they want it to be, is a major reason why people stop doing free software.Giving ""feedback"" (i.e. thinly veiled complaints) on what ""people"" (i.e. you) are reading into the commit stats is not as helpful as you think it is.",t1_kt6gyrl,0.9807763695716858,0.0227592624723911,0.9363763332366944,0.0146198878064751,0.5224565267562866,0.0018682975787669,0.0184538718312978,2024-03-03 23:36:51+00:00
AsahiLinux,nyancient,1709641029.0,"As long as the software you need to use exists for ARM (I know that VSCode does, don't know about the others) you shouldn't have any trouble. This includes any drivers for external flashers. Anything that's not proprietary and works on x86 Linux is very likely to work on Asahi as well.Note that the M2 pro would also work for your use case, since it also has an HDMI port. Currently HDMI resolutions are limited to around 4k though, which might be relevant if you're into ultrawide screens.",t3_1b704rt,0.000426768703619,1.4902418570272855e-06,3.37850688083563e-05,7.276033284142613e-05,9.997893357649446e-05,1.83190841198666e-05,1.4532304703607224e-05,2024-03-05 12:17:09+00:00
AsahiLinux,nyancient,1709670822.0,"Right, maybe that's only on the 14"" model. I didn't even consider the 13"" pro since it's effectively just a worse 13"" air.",t1_ktfyeas,0.0006274852203205,1.539356162538752e-06,3.971892147092149e-05,8.84784894878976e-05,0.0001268390769837,2.2996200641500764e-05,2.1702613594243303e-05,2024-03-05 20:33:42+00:00
AsahiLinux,nyancient,1709828804.0,"Not KDE per se, but you really want to use something Wayland-based instead of Awesome on Asahi. X is basically unsupported and doesn't work well with the GPU driver.As for KDE specifically, unlike most other compositors it handles fractional scaling of XWayland apps gracefully instead of turning them into a blurry mess. If you're using a lot of those, that's a significant advantage.",t3_1b8ukwx,0.0004272667574696,1.5129822941162274e-06,3.3836626244010404e-05,7.523142267018557e-05,9.748570300871506e-05,1.726079972286243e-05,1.416751001670491e-05,2024-03-07 16:26:44+00:00
AsahiLinux,nyancient,1709838368.0,"With Chromium, that's fixable. Try starting it with the argument `--ozone-platform=wayland` and see if it helps. The same workaround should help with any electron-based apps as well.",t1_ktsjrss,0.0003760468098334,1.405796638209722e-06,2.6380022973171435e-05,7.207370072137564e-05,9.91123670246452e-05,1.822672493290156e-05,1.3042927093920298e-05,2024-03-07 19:06:08+00:00
AsahiLinux,nyancient,1709997334.0,"1. You can run virtualization software on Asahi (at least KVM), but we're still some ways away from having efficient x86 emulation, if that's what you're after. I wouldn't be surprised to see it arrive sometime later this year however, as some amazing work is being done to enable x86 gaming on Asahi.2. Most x86 laptops will have significantly worse battery life than Asahi, especially on non-pro machines. There are some fairly recent Ryzen laptops that can compete - I'm using a Ryzen Asus Zenbook S13 while waiting for external display support in Asahi, and its battery life is roughly equivalent to me M2 Air after installing TLP, albeit at a significant performance cost - but gen 12+ Intel laptops are absolutely terrible in this regard.3. This is the big one. If you absolutely have to use x86 only software and it won't work well with emulation, there's not much you can do but switch to x86. However, a lot of proprietary software that doesn't support ARM has compatible alternatives (like ArmCord for Discord) or a web app alternative.All in all, unless either x86 only software or external display support is a hard requirement for you, stay with Asahi. It's surprisingly polished, stuff works out of the box to a greater degree than on any other Linux laptop I've used (except for disk encryption, which is a bit of a hassle to set up on Asahi), and the display driver in particular is _amazing_.",t3_1bahter,0.0004573680052999,1.879202955024084e-06,4.586390787153505e-05,7.736697443760931e-05,9.182639769278468e-05,1.7399526768713258e-05,2.0261215468053703e-05,2024-03-09 15:15:34+00:00
AsahiLinux,nyancient,1709998356.0,"You can just install the sway package and then add whichever screen locker, app launcher, notification daemon, etc. you like. It will work just as well with Asahi as any of the more intrusive packages.",t3_1baioeu,0.0004634790821,1.4625514950239449e-06,2.731218955887016e-05,8.05696690804325e-05,0.0001071953083737,2.438720548525453e-05,1.5432351574418135e-05,2024-03-09 15:32:36+00:00
AsahiLinux,nyancient,1709998434.0,"You need an USB-C to USB-C cable. Not sure about the exact specs, but you won't be able to DFU restore without one.",t1_ku2cjmf,0.000495507614687,1.6315829043378471e-06,4.1436986066401005e-05,6.831731298007071e-05,0.0001124255140894,2.6658919523470104e-05,1.699266431387514e-05,2024-03-09 15:33:54+00:00
AsahiLinux,nyancient,1710010043.0,That's why I explicitly mentioned external display support as a caveat.,t1_ku3p148,0.0003510794485919,1.440478399672429e-06,2.4146966097760018e-05,7.380823080893606e-05,9.044988837558776e-05,1.8784912754199468e-05,1.3545661204261704e-05,2024-03-09 18:47:23+00:00
AsahiLinux,nyancient,1710010315.0,"The only difference in repairability between an X1 Carbon and a MacBook is that you can replace the SSD on the X1. RAM and WiFi are soldered on both, battery is replaceable on both.",t1_ku3oma6,0.0004950534785166,1.6686699382262304e-06,3.3850472391350195e-05,8.103646541712806e-05,0.0001027084363158,2.5117040422628634e-05,1.7079290046240203e-05,2024-03-09 18:51:55+00:00
AsahiLinux,nyancient,1710010490.0,"Neither does any x86 laptop, to be fair. Since S3 suspend stopped being a thing, every x86 laptop I've tried has gotten similar suspend battery life as a MacBook running Asahi. It's only compared to macOS on a MacBook that Asahi does poorly when suspended.On the other hand most x86 laptops support hibernation, which is a decent workaround.",t1_ku3o62q,0.000469737307867,2.0126842628087616e-06,4.201894989819266e-05,8.501509000780061e-05,8.326434181071818e-05,2.156683331122622e-05,1.9555478502297777e-05,2024-03-09 18:54:50+00:00
AsahiLinux,nyancient,1710015629.0,WiFi: soldered on bothBattery and monitor: replaceable on bothMicrophone and camera: when was the last time you had one of those break on you?,t1_ku3y5ai,0.0005540644051507,1.3457989780363278e-06,3.0460547350230627e-05,7.65741933719255e-05,0.0001288095809286,2.6316500225220807e-05,1.630890983506106e-05,2024-03-09 20:20:29+00:00
AsahiLinux,nyancient,1710015982.0,"Yeah, if you drop the ultraportable requirement you can get a lot more repairable laptops than any MacBook, but then you're mich better off going for a framework laptop than any ThinkPad.",t1_ku3zc9u,0.0008646617643535,1.7177194422401951e-06,6.808714533690363e-05,8.552092185709625e-05,0.0001813997514545,2.561097426223569e-05,1.9925770175177604e-05,2024-03-09 20:26:22+00:00
AsahiLinux,nyancient,1710061829.0,"Yeah, as I already said, if you don't care about portability you can get a much more repairable laptop than any MacBook.",t1_ku4j8dl,0.0011917770607396,2.418469875919982e-06,6.304946873569861e-05,0.0001438062317902,0.000141064840136,4.521778100752272e-05,3.14112585328985e-05,2024-03-10 09:10:29+00:00
AsahiLinux,nyancient,1710069745.0,"Upgrade to Fedora, ALARM is broken beyond repair.",t3_1bb3g86,0.0004216446250211,1.3721265759158996e-06,2.281818160554394e-05,8.758030162425712e-05,0.0001047315672622,2.4894834496080875e-05,1.2145374057581648e-05,2024-03-10 11:22:25+00:00
AsahiLinux,nyancient,1710069745.0,"Upgrade to Fedora, ALARM is broken beyond repair.",t3_1bb3g86,0.0004216446250211,1.3721265759158996e-06,2.281818160554394e-05,8.758030162425712e-05,0.0001047315672622,2.4894834496080875e-05,1.2145374057581648e-05,2024-03-10 11:22:25+00:00
AsahiLinux,nyancient,1710155605.0,"Any business that deals in trade secrets or medical information, for example. Using US cloud providers for that can be outright illegal in Europe due to the US lacking sufficient privacy protections. Of course you could use a local cloud provider instead, but there are advantages to not giving all your data to random sysadmins you've never even met.Don't assume that self hosting means consumer grade internet connection. Bandwidth guarantees and SLAs aren't even expensive, and if you're located in a place with decent infrastructure you're going to be using the same cables as everyone else anyway.",t1_kucar3w,0.0005141990259289,1.316589759881026e-06,3.1134615710470825e-05,7.988252036739141e-05,0.0001251240028068,1.772285941115115e-05,1.449930186936399e-05,2024-03-11 11:13:25+00:00
AsahiLinux,nyancient,1710161753.0,"> I do not want to host secrets on OPs ""used old hardware"".Yeah, I'm not saying OP is doing it properly, just that there's nothing wrong with self hosting per se, as long as you know what you're doing. In fact it seems like OP is doing it completely wrong.> You can use encrypted VMs so noone has access to it.Except your cloud provider. If you don't control the hardware, you have to trust that your cloud provider isn't lying to you about it.",t1_kucu5g8,0.0015302874380722,2.178329395974288e-06,8.502530545229092e-05,0.0001261650177184,0.0002438830706523,2.5274277504649945e-05,3.455227488302626e-05,2024-03-11 12:55:53+00:00
AsahiLinux,nyancient,1710395291.0,"Generally, you don't. Asahi is not a Debian-based distribution, so Debian packages are not made for it. Even if you manage to install the package by repackaging it as an RPM, as another reply suggests, it's likely the package will be broken in subtle or not so subtle ways due to the different way the distributions are set up.You should always prefer to install your distribution's packages over packages made for another distribution, especially if you're not an experienced user. If you tell us which package you're trying to install, someone will probably be able to point you to an Asahi-compatible package.",t3_1be0wp2,0.0004732524103019,1.35291782044078e-06,3.255266710766591e-05,6.933288386790082e-05,0.0001113745893235,1.7732327250996605e-05,1.3349986147659363e-05,2024-03-14 05:48:11+00:00
AsahiLinux,nyancient,1710527024.0,"Did you make sure to download the Linux arm64 package and not the one just called ""Linux""?",t3_1bfcflc,0.0003774151264224,1.3531307558878325e-06,2.3110542315407656e-05,8.505790901836008e-05,9.754847269505262e-05,2.019541534536984e-05,1.2507074643508531e-05,2024-03-15 18:23:44+00:00
AsahiLinux,nyancient,1710667620.0,"Depends on your needs, just like every other time this question has been asked.",t3_1bgswax,0.0008356171892955,1.5167962601481122e-06,3.4583725209813565e-05,9.783753921510652e-05,0.0001710096985334,3.962611663155258e-05,2.160197254852392e-05,2024-03-17 09:27:00+00:00
AsahiLinux,nyancient,1710749952.0,"You don't need to ""confirm"" removing your macOS partitions with disk utility. If you remove it using the command line diskutil, then it's gone. Removing partitions using diskutil is part of the Asahi uninstallation process, so losing your macOS partitions is \_not\_ hard at all.If you follow the instructions to the letter you will be fine, but if you're not careful you're one wrong partition number away from removing your macOS partition.",t1_kve8v9w,0.0005867088912054,1.6856721458680113e-06,4.1979103116318583e-05,8.032395999180153e-05,0.0001084098548744,2.2990321667748503e-05,1.726954178593587e-05,2024-03-18 08:19:12+00:00
AsahiLinux,nyancient,1710750977.0,"If you care about those files you should always keep periodic backups, regardless of whether you intend to install Asahi or not. I've personally lost data to all of the following:* accidental deletion* malware* botched data recovery attempt* botched computer upgrade* disk failure* water damage* USB controller failure* lost storage medium* getting hit by a car while carrying my laptop* lost encryption keys* forgotten passwords* botched OS install* botched OS uninstall* botched code merge* botched database migrationFor most of those incidents I either had backups or the data was unimportant, but my point is that data loss happens to everyone sooner or later. Do yourself a favor and back your stuff up.",t3_1bgx1lx,0.0029157802928239,3.0322562452056445e-06,0.0002128834894392,0.0001287244958803,0.0004621837579179,6.300715904217213e-05,5.104969386593439e-05,2024-03-18 08:36:17+00:00
AsahiLinux,nyancient,1710751187.0,"Speakers and HDMI output have been supported since december. Still no DP alt mode however, and HDMI doesn't work well with hotplug or suspend.",t1_kvc5iq7,0.0004636635421775,1.3465295296555269e-06,2.9618238841067068e-05,7.753692625556141e-05,0.0001167932132375,1.831674308050424e-05,1.4844695215288084e-05,2024-03-18 08:39:47+00:00
AsahiLinux,nyancient,1710751501.0,"* 1Password and VSCode have ARM versions that work perfectly.* Docker works flawlessly but some images you want to use might not have ARM versions.* Slack and Spotify work well in the browser and there are third party clients for Spotify if you don't like the web app.* Chrome does not have a public ARM version, but Chromium and a bunch of browsers based on it do.* No idea about Android Studio.",t1_kvboozo,0.0004546007548924,1.6011182424335857e-06,3.965548967244104e-05,6.947643851162866e-05,9.50877438299358e-05,1.678222542977892e-05,1.625186632736586e-05,2024-03-18 08:45:01+00:00
AsahiLinux,nyancient,1710751983.0,"HDMI over USB-C is not a thing though, that's a DisplayPort signal which your dongle then converts to HDMI. When you see this sub going euphoric over ""DP alt mode"" support (which is expected sometime this year), your dongle will work as well.And yeah, battery life in standby is not great compared to macOS unfortunately.",t1_kvegco8,0.0007037815521471,1.7672786043476665e-06,6.329930329229683e-05,7.635675865458325e-05,0.0001625826989766,2.639018748595845e-05,2.2970511054154485e-05,2024-03-18 08:53:03+00:00
AsahiLinux,nyancient,1710770496.0,"If you know the starting address and size of the partition you might be able to recreate it in place and get your data back, depending on how disk encryption is implemented on macOS.In practice, I'd strongly suggest backing up any data you care about regularly, and especially when you know you're going to mess around with partition tables.",t1_kvep3gn,0.0004008313408121,1.4260810985433636e-06,2.951101487269625e-05,6.848866905784234e-05,9.796862286748365e-05,1.9159168004989624e-05,1.446482929168269e-05,2024-03-18 14:01:36+00:00
AsahiLinux,nyancient,1710841230.0,"The models without HDMI are by far the more popular ones, so for most people it's the only way to get external display support.Even for the models that do have HDMI, connecting an external display, peripherals and charging with a single cable is a lot more convenient than having to plug in all three separately.",t1_kvhm6ix,0.0003612744039855,1.3563309266828585e-06,2.4797616788418964e-05,7.34161731088534e-05,9.634869638830423e-05,1.824620267143473e-05,1.3419168681139126e-05,2024-03-19 09:40:30+00:00
AsahiLinux,nyancient,1710841282.0,HDMI has been supported since December.,t1_kvghunu,0.0004079175123479,1.3181011127016973e-06,2.777717418211978e-05,6.615388701902702e-05,0.0001088413773686,1.880545460153371e-05,1.1776846804423258e-05,2024-03-19 09:41:22+00:00
AsahiLinux,nyancient,1710864288.0,"Thunderbolt is basically just USB but faster in this regard. In fact, USB4 _is_ Thunderbolt 3. You can send multiple data streams (plus power) over a single USB3 cable at the same time, including both DP and ""normal"" USB, but you'll be limited to lower resolutions and data speeds (IIRC you can get max 5k2k@60Hz plus one Gbit or so for peripherals with USB3.2 gen 2) than with Thunderbolt.",t1_kvk77we,0.000409590487834,1.479690013184154e-06,3.616958565544337e-05,6.972307164687663e-05,0.0001024402299663,1.6948903066804633e-05,1.4885181371937506e-05,2024-03-19 16:04:48+00:00
AsahiLinux,nyancient,1710870902.0,"That still won't work. HDMI output is only supported over the HDMI port on the models that have one.The feature you're waiting for is DisplayPort alt mode (which is not supported yet), since your dongle receives DisplayPort signals over an USB connection from your Mac and then outputs HDMI. HDMI support on your Mac is not involved in that process at all.",t1_kvk2nok,0.0004000481567345,1.3849221431883052e-06,3.0430961487581953e-05,6.619648047490045e-05,0.0001014673543977,1.7759064576239325e-05,1.3652030247612856e-05,2024-03-19 17:55:02+00:00
AsahiLinux,nyancient,1711039108.0,"Considering the ""Japanese"" and ""Chinese"" tattoos som people get, I honestly wouldn't have been surprised to see a human produce text like this if they were trying to sell something ""exotic"".",t1_kvw21gc,0.0279693473130464,8.687945410201792e-06,9.591902926331386e-05,0.0416572429239749,0.0021932276431471,0.0001306361955357,0.0001278546114917,2024-03-21 16:38:28+00:00
AsahiLinux,nyancient,1711039144.0,"Not until the hardware support is there, no.",t1_kvvuuvq,0.0004472674918361,1.3735470929532312e-06,2.422816032776609e-05,8.426440035691485e-05,0.0001041363357217,2.5421126338187605e-05,1.2764944585796911e-05,2024-03-21 16:39:04+00:00
AsahiLinux,nyancient,1712350742.0,"macOS support for workspaces and multiple monitors is absolute garbage, and there is no way to get tiling window management working even halfway decently. Unfortunately, pretty much everything I do depends heavily on both.",t3_1bwd2ws,0.4271986782550812,7.189716143329861e-06,0.0012447703629732,0.000409749627579,0.3526348769664764,5.1025992434006184e-05,8.950155461207032e-05,2024-04-05 20:59:02+00:00
AsahiLinux,nyancient,1712406356.0,"Sounds like something apart from the known issue is wrong with your setup. You should be getting at least 3 days of sleep. Not very good compared to macOS, but a lot better than what you're seeing.",t1_ky5rtlj,0.000601478095632,1.4506897514365846e-06,3.3585642086109146e-05,7.77315508457832e-05,0.0001333980035269,2.581777334853541e-05,1.8387554518994875e-05,2024-04-06 12:25:56+00:00
AsahiLinux,nyancient,1713386270.0,"Avoid the smallest SSD option, both for M1 and M2. SSDs depend on parallelism for performance, and the base options don't have enough flash chips to get decent parallelism. Check out some reviews of the M2 Air with 256 and 512 GB SSD respectively. You'll see a massive difference in SSD performance.",t1_l017mxg,0.0003812234208453,1.4350773653859503e-06,2.8960334020666775e-05,7.449078111676499e-05,9.81840057647787e-05,1.8071301383315586e-05,1.3734116691921372e-05,2024-04-17 20:37:50+00:00
AsahiLinux,nyancient,1713530415.0,"Intel has been pretty shit with power management lately, but I actually get the same battery life on a Zen 4 ThinkPad Z13 with a 51Wh battery than with Asahi on a 13"" M2 Air.To be fair, you need TLP to get that kind of battery life on AMD whereas you get it out of the box on Asahi, but any properly configured x86 laptop will definitely get more than 3-4 hours. (Unless you have a discrete GPU or you're constantly pushing the CPU.)",t1_l0736iw,0.69841068983078,0.0008458186639472,0.691551923751831,0.000917323923204,0.0623315051198005,0.0002632099494803,0.0013050639536231,2024-04-19 12:40:15+00:00
AsahiLinux,nyancient,1714422977.0,"No, people will think it's dead if the first thing they see when they Google it is a constant stream of you people asking ""is Asahi dead?!11"" like toddlers asking ""are we there yet?"" every five minutes.",t1_l1rosd2,0.0268668308854103,9.336678886029404e-06,0.0004753755929414,0.0012008928461,0.0024737124331295,0.00122087134514,0.0001120327578973,2024-04-29 20:36:17+00:00
AsahiLinux,nyancient,1714456820.0,"TLP does work on Asahi, it just doesn't do much good because the SoC handles pretty much everything TLP does internally. Whoever said it has something to do with trying to load Radeon drivers doesn't know what they're talking about.",t1_l1cdieb,0.0004796224238816,1.291305693484901e-06,3.552181806298904e-05,6.771062908228487e-05,0.0001259910641238,1.8063221432385035e-05,1.4812762856308836e-05,2024-04-30 06:00:20+00:00
AsahiLinux,nyancient,1714679064.0,"Don't forget that Brave is also neck deep in crypto bullshit. Oh, or that time they got caught replacing certain affiliate links with their own.",t1_l295jgh,0.8825655579566956,0.002489439677447,0.8231781125068665,0.0021489688660949,0.1565905958414077,0.0004349647497292,0.0052073490805923,2024-05-02 19:44:24+00:00
AsahiLinux,nyancient,1714834399.0,"USB-C to HDMI adapters dont speak HDMI with the computer. They speak DisplayPort over USB-C and convert that signal into HDMI. DP over USB-C is not supported yet, but is being worked on and is expected to be released sometime this year.",t3_1cjxmyr,0.0004336197162047,1.545683176118473e-06,3.830351852229797e-05,6.183477671584114e-05,0.0001042735675582,1.8847538740374148e-05,1.6785666957730427e-05,2024-05-04 14:53:19+00:00
AsahiLinux,nyancient,1714902504.0,"Four main gotchas:- M3 series is not supported yet, make sure to get an M1 or M2.- Poor standby time (about four days) and no hibernation, turn the machine off if it's going to be unused for more than a couple of hours.- No external display support yet on the models without an HDMI port, support is expected to arrive sometime this year.- HDMI hotplugging is really flaky, expect having to reboot after connecting an external monitor.If any of those is a deal breaker, I've had good experiences lately running Linux on the ASUS Zenbook S13 and the ThinkPad Z13 gen 2.",t3_1cknhql,0.0005095189553685,1.5111812672330416e-06,4.454060035641305e-05,6.388351903297007e-05,0.0001328853541053,1.809311652323231e-05,1.6892327039386146e-05,2024-05-05 09:48:24+00:00
AsahiLinux,nyancient,1714917036.0,"Depends entirely on your expectations. The same machine with macOS will get 30 days, my Z13 gets about 12, and my S13 gets three. I didn't find it all that annoying when I was daily driving Asahi.",t1_l2o7dk6,0.0005604938487522,1.545584495943331e-06,3.9114125684136525e-05,8.310989505844191e-05,0.0001240417768713,2.6329051252105273e-05,1.787606925063301e-05,2024-05-05 13:50:36+00:00
AsahiLinux,nyancient,1714923185.0,"That's a you problem, not an Asahi problem. At least the M2 is plenty fast enough to decode 1080p h264 and h265 in software, without even getting close to its limit.",t1_l2p3vuu,0.0006743411649949,1.5758594145154348e-06,4.519846697803587e-05,7.828298839740455e-05,0.0001341323077213,2.4025388484005816e-05,1.9545148461475037e-05,2024-05-05 15:33:05+00:00
AsahiLinux,nyancient,1714926521.0,"Thanks for pointing these out, especially Slimbook and Tuxedo seem very nice!",t1_l2o8i0l,0.0004238421097397,1.508199488853279e-06,2.8597818527487107e-05,7.787199865560979e-05,9.590567788109185e-05,2.118335214618128e-05,1.2394345503707882e-05,2024-05-05 16:28:41+00:00
AsahiLinux,nyancient,1714931111.0,The guy who doesn't even use Asahi clearly knows best: video is broken and me and everyone who has been daily driving Asahi for better than a year are just hallucinating that it's not.,t1_l2phwlz,0.0007976958877407,2.766797479125671e-06,0.0001021891948767,0.0001163365886895,0.000205848555197,5.362882802728563e-05,2.112279435095843e-05,2024-05-05 17:45:11+00:00
AsahiLinux,nyancient,1715160797.0,"Either ThinkPad or one of the smaller manufacturers that specialize in Linux laptops. You can get most ThinkPads without an OS or with Linux preinstalled, and they officially support at least Ubuntu LTS on even more models.",t1_l31v62a,0.0003972199338022,1.3452895473164972e-06,2.832342215697281e-05,7.034873124212027e-05,0.0001065387332346,1.7120777556556277e-05,1.3362978279474191e-05,2024-05-08 09:33:17+00:00
AsahiLinux,nyancient,1716380601.0,"What do you mean by ""normally""?",t1_l55lhg5,0.0004516086482908,1.2767179669026518e-06,2.3527027224190533e-05,8.659835293656215e-05,0.0001099331566365,1.953240280272439e-05,1.4194368304742966e-05,2024-05-22 12:23:21+00:00
AsahiLinux,nyancient,1716381674.0,"There's no such thing as a proper way for a computer to sleep, it varies by architecture and operating system.Asahi, like all modern Windows and Linux systems, uses the standard suspend-to-idle method. This method basically stops userspace and puts all hardware into their lowest power states.At the moment, power efficiency during sleep is not very good, only giving something like 3-4 days of standby time. This is not because suspend-to-idle is bad, but because Asahi still has a lot of work to be done on enabling all those lowest power states for all hardware.MacOS on the other hand, implements something more like what you would probably call ""proper"" sleep. This may or may not be supported by Asahi at some point in the future, depending on whether it saves significant power over suspend-to-idle once Asahi supports the lowest possible power states for relevant hardware.",t1_l55sgmi,0.0004455149755813,1.3508073379853158e-06,3.162580469506793e-05,6.59670404274948e-05,0.0001164439163403,1.920697104651481e-05,1.4124476365395822e-05,2024-05-22 12:41:14+00:00
AsahiLinux,nyancient,1716711535.0,https://www.linuxatemyram.com/,t1_l5nko31,0.0003786032611969,1.0740121751950935e-06,2.5643650587880984e-05,6.383193976944312e-05,0.0001065188262145,1.373253053316148e-05,9.022243830258958e-06,2024-05-26 08:18:55+00:00
AsahiLinux,nyancient,1716886182.0,"Sway is probably the one with the largest user base, that usually equates to better docs.",t3_1d2elg7,0.000478521164041,1.3158704632587614e-06,2.9180650017224252e-05,7.985038246260956e-05,0.0001164240457001,1.770674134604633e-05,1.4675558304588776e-05,2024-05-28 08:49:42+00:00
AsahiLinux,nyancient,1716890808.0,You can keep hyprland around. Just select the Sway session from the login screen before typing in your password.,t1_l601o6p,0.0005729221738874,1.617529278519214e-06,3.309988824184984e-05,9.925073391059414e-05,0.0001178566963062,2.5977191398851573e-05,1.7186932382173836e-05,2024-05-28 10:06:48+00:00
AsahiLinux,nyancient,1718218049.0,"Why do you need VeraCrypt? Unless you need Windows/macOS interoperability, LUKS will likely to the job at least as well.",t3_1dec3v9,0.0005025670398026,1.388296709592396e-06,2.8533284421428107e-05,9.717812645249067e-05,0.0001173961500171,2.062351995846257e-05,1.5149549653870054e-05,2024-06-12 18:47:29+00:00
AsahiLinux,nyancient,1718230114.0,> Any practical recommendations regarding VeraCrypt?Use Google if you insist on using VeraCrypt. It took me 15 seconds to find multiple different aarch64 binaries - including _on their official downloads page_.,t1_l8bc6tt,0.0005136817344464,2.22487165046914e-06,4.563159745885059e-05,8.844474359648302e-05,7.74468426243402e-05,2.3896396669442765e-05,2.1514717445825227e-05,2024-06-12 22:08:34+00:00
AsahiLinux,nyancient,1718366088.0,"How often is ""every few minutes"" exactly, and at what screen brightness? You should easily be getting 10-12 hours of idle time, so battery dropping by one percentage point every 6-7.5 minutes sounds about right.",t3_1dfovs0,0.0004179969837423,1.5493135379074374e-06,3.149332042085007e-05,7.05566635588184e-05,9.963630145648494e-05,2.425007551210001e-05,1.5608631656505167e-05,2024-06-14 11:54:48+00:00
AsahiLinux,nyancient,1718899349.0,"That's why I remove exact percentages from the battery indicator, the same way macOS does. I'm a huge battery life nut, even though I don't think I've ever actually needed to go more than 3-4 hours without access to an outlet. Having a number that ticks down every other minute constantly reminds me that I now have ONE WHOLE PERCENTAGE POINT less time until I need to recharge, which is extremely distracting.",t1_l9h0nji,0.0004945574910379,1.5325331332860517e-06,4.272371006663889e-05,6.379171827575192e-05,0.000119827913295,2.0013010725961067e-05,1.6474890799145214e-05,2024-06-20 16:02:29+00:00
AsahiLinux,nyancient,1718899551.0,http://linuxatemyram.com/,t1_l9h1bom,0.0004032725701108,1.1597543334573857e-06,2.8502498025773093e-05,6.554646824952215e-05,0.0001061230213963,1.5145286852202844e-05,9.62886588240508e-06,2024-06-20 16:05:51+00:00
AsahiLinux,nyancient,1720625813.0,"Not this shit again...If you want an open source project to have more exposure on Twitter, then go be that exposure instead of complaining that someone else should do it. This is not rocket science.",t3_1dzwkn8,0.9217297434806824,0.0034513350110501,0.8661721348762512,0.0027940629515796,0.1725179105997085,0.0005349548882804,0.002431591739878,2024-07-10 15:36:53+00:00
AsahiLinux,nyancient,1720626163.0,> It's important to help this project grow for exposure to potential contributorsThen go help the project grow instead of complaining about it here.,t1_lcilpvw,0.0004248283221386,1.3766117490376928e-06,2.8393329557729885e-05,7.161208486650139e-05,0.000102096273622,2.0265990315238017e-05,1.4792885849601587e-05,2024-07-10 15:42:43+00:00
AsahiLinux,nyancient,1720637568.0,Of course the team will ignore you when you ask to buy progress on your pet feature despite them explicitly saying that's not how they work over and over again.,t1_lcj4zji,0.0007343181059695,1.248150738319964e-06,3.142387140542269e-05,9.262608364224434e-05,0.0001652662322157,2.4718237909837623e-05,1.5801175322849303e-05,2024-07-10 18:52:48+00:00
AsahiLinux,nyancient,1720637757.0,"They also have a full time job which is not related to Asahi, so there is no amount of donations that would make them work faster. Accepting donations with the explicit goal of speeding up TB work would be kind of dishonest under those circumstances.",t1_lcjsddq,0.000479331734823,1.3531165450331173e-06,2.9704595363000408e-05,7.335354166571051e-05,0.0001140720050898,1.916317160066683e-05,1.657638313190546e-05,2024-07-10 18:55:57+00:00
AsahiLinux,nyancient,1720909137.0,"If OP only has 8 gigs of RAM they probably have the 256 gig SSD as well, which is quite slow by modern standards.",t1_lcwymqx,0.000560745014809,1.4611475762649206e-06,3.275901326560415e-05,9.038539428729564e-05,0.0001153326666099,1.9733486624318175e-05,1.5743537005619146e-05,2024-07-13 22:18:57+00:00
AsahiLinux,nyancient,1721438949.0,"> This is as much as when i use the laptop continuously with a light load (web browsing mainly).It most definitely is not. That would mean 50 hours of battery life, or a power draw of less than 1.5 Watts. A 14"" M1 Pro manages less than 14 hours of browsing with Safari on macOS, which should tell you that your measurements are _way_ off.",t3_1e748gt,0.0006377954850904,2.365568889217684e-06,6.0951690102228895e-05,9.639428026275708e-05,9.37512595555745e-05,2.6595795134198852e-05,2.923119973274879e-05,2024-07-20 01:29:09+00:00
AsahiLinux,nyancient,1721439639.0,"Disregard every word of that ""explanation""; they're confused about what standby even is.Asahi implements suspend to idle, like every Linux distribution does by default nowadays. As does Windows. The ACPI S3 state they're referring to as ""standby"" has been unsupported by most hardware for years. MacOS alone implements an even deeper sleep state, which is probably what is responsible for the crazy standby times, but Asahi doesn't support that sleep state yet and it is unclear if it ever will as even suspend to idle should be able to give 2+ weeks of standby according to marcan.The reason why you're seeing so much worse power draw than that right now is that proper power management is not supported by all devices yet. Especially on pro/max machines, idle power draw is much higher than it should be. Unfortunately, 2% per hour matches my experience with the 14"" pro models so I don't think there is much you can do but wait.However, as I stated in another comment, your standby power consumption is _not_ the same as during active use, not even close. I don't know how you're measuring power draw during use, but you're doing it wrong.",t1_ldzsdfb,0.0005314967711456,1.193673938360007e-06,3.2649480999680236e-05,6.340036634355783e-05,0.0001542094978503,1.7067257431335747e-05,1.3827847396896686e-05,2024-07-20 01:40:39+00:00
AsahiLinux,nyancient,1722807408.0,Please learn how Patreon works before you start whining.,t1_lggts8q,0.0569376349449157,1.06198704088456e-05,0.0023858344648033,0.0005242504412308,0.0233070403337478,0.0002047275629593,0.000400589313358,2024-08-04 21:36:48+00:00
AsahiLinux,nyancient,1722810004.0,Lina's having some pretty serious personal stuff to deal with at the moment. She posted about it on her fedi account if you want details.,t1_lgfgpb7,0.0006177915493026,1.5966444379955649e-06,5.461218461277895e-05,5.93653749092482e-05,0.0001362041657557,1.983947731787339e-05,2.745545316429343e-05,2024-08-04 22:20:04+00:00
AsahiLinux,nyancient,1722813028.0,You don't need an account just to read: https://vt.social/@lina,t1_lgisbf6,0.0008965299930423,1.2943127103426375e-06,3.8650930946459994e-05,8.9660519734025e-05,0.0001954710605787,2.2909080144017935e-05,1.611343577678781e-05,2024-08-04 23:10:28+00:00
AsahiLinux,nyancient,1724432089.0,"Not just unsupported, it is not possible to boot an Apple Silicon Mac from anything other than the internal SSD.",t1_ljicr4p,0.0004353084368631,1.5666109902667813e-06,2.923817010014318e-05,7.9392921179533e-05,9.54586939769797e-05,2.0604866222129203e-05,1.4605662727262825e-05,2024-08-23 16:54:49+00:00
AsahiLinux,nyancient,1724446119.0,Not unless you have m1n1 installed on the internal SSD it isn't.,t1_ljlsamo,0.0006317836814559,1.8952644040837183e-06,4.226107193971984e-05,9.954968118108808e-05,0.0001084366231225,2.5452418412896805e-05,1.9758910639211535e-05,2024-08-23 20:48:39+00:00
AsahiLinux,nyancient,1724446449.0,"Did _you_ check the links? The very first step of ""booting from USB"", as described in your second link, is _booting into GRUB on the internal SSD_.You can then chainload to wherever, but the first boot loader must reside on the internal SSD.",t1_ljlguzl,0.0006623627850785,2.1718244624935323e-06,4.7145807911874726e-05,0.0001069448553607,0.000101525321952,3.3678912586765364e-05,2.520425732654985e-05,2024-08-23 20:54:09+00:00
AsahiLinux,nyancient,1725963211.0,That's significantly better than when I was using an MBA M2. I got like 12 hours of pretty light use (browsing and coding). As soon as DP Alt mode gets merged I'm so getting a new one!,t1_lm6cpf0,0.0004263927403371,1.579114950800431e-06,3.527024091454223e-05,6.902639142936096e-05,9.694681648397818e-05,2.1219502741587348e-05,1.6313575542881154e-05,2024-09-10 10:13:31+00:00
AsahiLinux,nyancient,1726558648.0,"The MBA loses about 30% performance from throttling when using all cores and it can sustain maximum boost on a single core indefinitely, so it's not as bad as you make it out to be. I've never had any issues with dev work on it either.I wouldn't recommend _any_ laptop for AAA gaming though, so my use case skews light.",t1_lni0kdy,0.0004644168366212,1.721430521683942e-06,3.9987618947634473e-05,7.538668432971463e-05,9.311280882684514e-05,2.0824038074351847e-05,1.8324779375689104e-05,2024-09-17 07:37:28+00:00
AsahiLinux,nyancient,1727020638.0,"Sleep is implemented, but unfortunately gives only like three days of standby time due to not all drivers being great at minimizing their respective hardware's power consumption during sleep yet.There is no such thing as a ""real"" sleep mode or ""pseudo"" sleep.",t1_loc8qwq,0.0005708772223442,1.5588537962685225e-06,3.462018503341824e-05,9.447414777241649e-05,0.0001280896249227,2.6806272217072543e-05,2.0202985979267396e-05,2024-09-22 15:57:18+00:00
AsahiLinux,nyancient,1727250755.0,Two years? Last commit was _six_ years ago.,t1_loip41m,0.000471592269605,1.40706015372416e-06,3.620509596657939e-05,6.419674173230305e-05,0.0001078566492651,2.408641012152657e-05,1.4096915947447997e-05,2024-09-25 07:52:35+00:00
AsahiLinux,nyancient,1727263228.0,"What's the deal with all the 14 year old Arch fanboys popping up to whine about Fedora lately? If they're too inept to install a Rust package with Cargo, or see the difference between Arch and ALARM, how did they even manage to install Arch in the first place?",t3_1fnj21a,0.1540841162204742,7.2201969487650786e-06,0.0008859593654051,0.0011844430118799,0.1253339499235153,6.012460289639421e-05,0.0001114176047849,2024-09-25 11:20:28+00:00
AsahiLinux,nyancient,1728244751.0,"I'm not an expert on how Mesa releases are normally organized, but `asahi-20241006` sounds a lot more like a nightly build than an actual release to me. The existence of a git tag pointing to some particular commit does not imply that commit is part of any release.",t1_lqk614j,0.000705265731085,4.100173555343645e-06,8.863497350830585e-05,0.0001006286547635,7.543242099927738e-05,3.274520713603124e-05,3.906897836714052e-05,2024-10-06 19:59:11+00:00
AsahiLinux,nyancient,1730117926.0,"> What do you think?I think this post is in clear violation of the ""no FUD"" rule.",t3_1ge0f3c,0.0007305506733246,1.618840997252846e-06,4.16427428717725e-05,9.22713370528072e-05,0.0001482663647038,2.776592009468004e-05,1.5995850844774395e-05,2024-10-28 12:18:46+00:00
AsahiLinux,nyancient,1730707606.0,"> and YouTube openVideo playback eats a ton of energy, especially in the browser. While the pro models do have more problems with energy savings, you should see something like 10 hours without YouTube. With YouTube running, ~5h currently sounds about right unfortunately.",t3_1gj27fn,0.0003678533539641,1.415949782312964e-06,2.7298388886265457e-05,6.90859233145602e-05,9.57586380536668e-05,1.837565105233807e-05,1.3502815818355884e-05,2024-11-04 08:06:46+00:00
AsahiLinux,nyancient,1730731239.0,"I have no idea what you're doing to get those terrible numbers or if Asahi has had some power efficiency regressions lately. I got rid of it because I couldn't wait for external display support anymore, but I easily got 10-12 hours of battery life from my M2 Pro, for software development workloads, like half a year ago.",t1_lvckmgh,0.0008173881797119,1.5102619954632246e-06,4.701856232713908e-05,8.329206320922822e-05,0.0001703228190308,2.6237739803036675e-05,1.9890456314897165e-05,2024-11-04 14:40:39+00:00
AsahiLinux,nyancient,1736383350.0,"Are you by any chance constantly using maximum brightness on the screen? The the sky is the limit for MacBook screen brightness, and the difference in power draw for typical coding work (except for long compiles) between, say, 20% and 100% is easily 2x.I easily got a workday and a half out of both my M2 Air and the M1 Air I was using for a client, on stock settings and low-ish screen brightness.",t1_m62dd10,0.0005086008459329,1.4207477079253297e-06,4.1275405237684026e-05,6.813669460825622e-05,0.0001305019686697,1.954613799171057e-05,1.5718784197815694e-05,2025-01-09 00:42:30+00:00
AsahiLinux,nyancient,1738309430.0,May I ask what you yourself have done to improve palm rejection in libinput?,t1_ma4au8l,0.0006801377166993,1.4308014897324028e-06,3.3581865864107385e-05,0.0001040069255395,0.0001461508945794,2.112829315592535e-05,2.2331376385409385e-05,2025-01-31 07:43:50+00:00
AsahiLinux,nyancient,1738402040.0,"Even if anyone were to believe your ""trust me bro"" BS, you may still want to hold off on telling people what to do with their free time.OP was kind enough to share a tool they wrote that provides a workaround for the problem right now. It's pretty fucking entitled to respond to that by complaining that they didn't spend their free time contributing to the long term solution instead.",t1_ma7pcdn,0.7179675698280334,0.0009190040291287,0.6821324229240417,0.0012266979319974,0.0765841677784919,0.0003014943795278,0.0030001469422131,2025-02-01 09:27:20+00:00
AsahiLinux,nyancient,1748628386.0,"ChatGPT is terrible for beginners, since it's prone to generate bullshit that will be happily accepted as useful facts by a beginner. Like, I don't know, bogus repo URLs, just to pick a completely arbitrary example.Get off your lazy ass and read the actual documentation instead.",t1_mv27sxo,0.9880237579345704,0.0360505878925323,0.9306284785270692,0.0100550167262554,0.7822430729866028,0.0008811765583232,0.6123301386833191,2025-05-30 18:06:26+00:00
AsahiLinux,nyancient,1748651023.0,"> when I’ve already gotten this far within 3 hoursAnd by ""this far"" you mean installing Asahi and then getting stuck trying to apply it's nonsensical advice to solve a ""problem"" that  ChatGPT itself made up? Ah yes, truly amazing.> Also, I read the documentationApparently you did not.> Is this even a problem you could solve?Nobody has helped you because the ""problem"" you've asked about is completely made up by your precious bullshit generator. Try telling us what you actually want to accomplish instead.",t1_mv41zir,0.7707027196884155,0.001071638893336,0.5513790249824524,0.0026948649901896,0.1128239408135414,0.000429921405157,0.0047072041779756,2025-05-31 00:23:43+00:00
AsahiLinux,nyancient,1754293350.0,"Aww, did the completely reasonable policy of not allowing you to contribute plagiarized material hurt your little techbro feelings?The policy is not saying you're not allowed to use a garbage generator to ""learn"" and then contribute. It's saying your _contributions_ must not contain or be based on ""AI"" slop. How is that restricting your use of technology?",t3_1mh66zr,0.1817332208156585,1.9249146134825423e-05,0.0075182449072599,0.0006619270425289,0.1172130778431892,7.962850213516504e-05,0.0005260361358523,2025-08-04 07:42:30+00:00
AsahiLinux,nyancient,1754293486.0,"> woah, what a superiority complex.Stop projecting, Mr. ""I'm from an AI background"". ",t1_n6u07b1,0.0013209581375122,1.3118896049491011e-06,3.859520074911416e-05,0.00014485270367,0.0002405605191597,4.6045079216128215e-05,1.8559145246399567e-05,2025-08-04 07:44:46+00:00
AsahiLinux,nyancient,1754294009.0,"Only when replying to someone who gets so offended over the (by now we'll established) term ""AI slop"" that they wipe their laptop while proudly posting about it on the internet.",t1_n6u0vnu,0.2139642685651779,6.493156251963228e-05,0.0466611124575138,0.000916515418794,0.1082625240087509,0.0001784274063538,0.002087386092171,2025-08-04 07:53:29+00:00
AsahiLinux,nyancient,1754294434.0,"If you don't understand that LLMs frequently generate misleading garbage without having Reddit explain it to you, I don't think your ""AI background"" is as impressive as you think it is.",t1_n6u1z7d,0.5534214377403259,6.559170287800953e-06,0.0008030345779843,0.0004267115727998,0.4793941676616668,5.495306322700344e-05,9.917902207234874e-05,2025-08-04 08:00:34+00:00
AsahiLinux,nyancient,1754294872.0,"You've explained - at length - that your only issue here is with the term ""AI slop"" being used. You don't need to be a rocket surgeon to realize that _wiping your laptop_ over that is objectively funny.",t1_n6u29by,0.016980055719614,7.220919542305637e-06,0.0018837552051991,0.000245492090471,0.0071696317754685,4.34496505477e-05,0.0002542147994972,2025-08-04 08:07:52+00:00
AsahiLinux,nyancient,1755027655.0,> Any updates on DisplayPort Alt Mode?> this isn't a 'status update' post¯\\_(ツ)_/¯,t3_1moanmu,0.0004171338223386,1.6280019963232917e-06,3.242347156628966e-05,7.545644621131942e-05,8.655360579723492e-05,2.0368757759570144e-05,1.504152260167757e-05,2025-08-12 19:40:55+00:00
AsahiLinux,nyancient,1756540638.0,> I work in AI and I can easily smash together an agent for an LM which can observe and automate the flows to deduce what is happening under the hood.lol,t1_nb9y6ml,0.0014447895810008,3.156175807816908e-06,7.990034646354616e-05,0.0001484267704654,0.0001710809738142,0.0001690446224529,4.37668313679751e-05,2025-08-30 07:57:18+00:00
AsahiLinux,nyancient,1756577111.0,"Have you tried ukify for UKI? I'm using it on F42, with my own cert chain for secure boot, and it works like a dream. That's on x86 though, so you might have to jump through some extra hoops to boot the UKI on aarch64. I'm not super familiar with how the boot process works there. ",t1_naqof55,0.0007371302926912,2.6080329007527325e-06,6.80890298099257e-05,0.0001122071407735,9.90747575997375e-05,3.228890636819415e-05,3.164052759530023e-05,2025-08-30 18:05:11+00:00
AsahiLinux,nyancient,1758450930.0,"That is literally the second dumbest thing I've read on this sub, after the guy who was going to reverse engineer the TB controller by having an LLM do it for him.",t1_nfag8q6,0.8744000196456909,1.699885615380481e-05,0.0012066189665347,0.0005796697223559,0.8340133428573608,0.0001081464506569,9.35743300942704e-05,2025-09-21 10:35:30+00:00
AsahiLinux,nyancient,1758843649.0,"Unfortunately, macOS doesn't expose enough of its windows management functionality for those WMs to be actually useful. In particular, plugging and unplugging monitors in macOS is a complete shitshow no matter what third party WM you're running. ",t1_nfwza0j,0.6306981444358826,0.000561614986509,0.557372510433197,0.0015197080792859,0.1063759922981262,0.0002424264530418,0.0025348351337015,2025-09-25 23:40:49+00:00
AsahiLinux,nyancient,1758959641.0,"That's the exact setup I had (except the monitor is 5120x2160), including the bash scripts, and yeah you can get pretty much all use cases except hotplugging monitors to work well enough.The final straw for me was that macOS does not support fractional scaling on 5120x2160 monitors. When an OS update broke BetterDisplays (which could work around the issue using virtual displays) I was done trying to fix an OS that actively works against the user at every step despite general being regarded as the most user-friendly of them all. ",t1_nge3ymt,0.0004462204524315,1.8797982193063945e-06,4.280751818441786e-05,7.096910121617839e-05,8.528556645615026e-05,2.0653022147598676e-05,1.9269606127636507e-05,2025-09-27 07:54:01+00:00
