Subreddit,username,timestamp,comment_text,parent_id,toxicity,severe_toxicity,obscene,identity_attack,insult,threat,sexual_explicit,date
AsahiLinux,pontihejo,1673290230.0,These are my results:  `native-path:          macsmc-battery`    `model:                bq40z651`    `serial:`                   `power supply:         yes`    `updated:              Tue 10 Jan 2023 02:47:20 (27 seconds ago)`    `has history:          yes`    `has statistics:       yes`    `battery`  `present:             yes`  `rechargeable:        yes`  `state:               fully-charged`  `warning-level:       none`  `energy:              46.215 Wh`  `energy-empty:        0 Wh`  `energy-full:         46.386 Wh`  `energy-full-design:  54.675 Wh`  `energy-rate:         0 W`  `voltage:             12.599 V`  `charge-cycles:       79`  `percentage:          100%`  `temperature:         33.8 degrees C`  `capacity:            84.8395%`  `icon-name:          'battery-full-charged-symbolic'`  Hope this helps.,t3_107ihqi,0.0009455068502575,5.577950560109457e-06,0.0003605645906645,9.062203753273934e-05,0.0001330981467617,2.6620837161317468e-05,6.784719880670309e-05,2023-01-09 18:50:30+00:00
AsahiLinux,pontihejo,1673296706.0,"I don't want to use it, but there is some software that I need that doesn't run natively on aarch64 Linux and graphical MacOS VMs on aarch64 is out of the question from what I have gathered lurking on this subreddit.",t1_j3nj6vw,0.0007229896727949,2.5244989956263453e-06,6.535286229336634e-05,9.214191231876612e-05,9.229544957634062e-05,3.0407867598114535e-05,2.878230770875234e-05,2023-01-09 20:38:26+00:00
AsahiLinux,pontihejo,1673382111.0,"Using the QEMU binaries I compiled on base Asahi, I was able to get a ReactOS running and installed. After that I tried the same with Win10 and was able to start the installation but got stuck on some OOBE errors, which could probably be overcome with enough persistence. Win10 was very slow during installation, so I don't think it will be fast enough for what I'm hoping to do with it. Please post updates if you manage to get Win10/11 working under aarch64 virtualisation",t1_j3prf9i,0.0004148361913394,1.660603743403044e-06,3.6568504583556205e-05,7.108112913556397e-05,9.113958367379382e-05,1.995320781134069e-05,1.5238662854244469e-05,2023-01-10 20:21:51+00:00
AsahiLinux,pontihejo,1680680513.0,"No, I haven't managed it yet. My laptop died from an accident, but I recently replaced it so I'll have another go at some stage. VMs for x86 linux and arm64 linux definitely work from what I have seen on this subreddit, but I've seen nothing so far for arm64 windows or macOS I'm afraid.",t1_jeddysc,0.0005044953431934,2.188657845181297e-06,4.835463550989516e-05,8.337693725479767e-05,8.049694588407874e-05,2.5956191166187637e-05,2.3153581423684955e-05,2023-04-05 07:41:53+00:00
AsahiLinux,pontihejo,1682616646.0,"Install hyprland-git from the AUR and add these lines to your hyprland.conf:    env = MESA_GL_VERSION_OVERRIDE,3.3      env = MESA_GLSL_VERSION_OVERRIDE,330      env = MESA_GLES_VERSION_OVERRIDE,3.1",t3_130xvo0,0.0034294391516596,1.0737328921095468e-05,0.0005181753076612,0.0002860961540136,0.0002677685988601,8.393598545808345e-05,0.0001609550672583,2023-04-27 17:30:46+00:00
AsahiLinux,pontihejo,1682668426.0,Have you made sure you have all the dependencies installed?You can check them here on the Hyprland AUR page: https://aur.archlinux.org/packages/hyprland-git?all\_deps=1#pkgdeps,t1_jhyj9lz,0.0006021374720148,2.2507306312036235e-06,5.8495294069871306e-05,8.455876377411187e-05,9.350144682684912e-05,2.5858773369691335e-05,2.3637448975932784e-05,2023-04-28 07:53:46+00:00
AsahiLinux,pontihejo,1684047915.0,"If you want a workaround for these problems on hyprland, install hyprland-git from the AUR and add these lines to your hyprland config:  env = MESA\_GL\_VERSION\_OVERRIDE,3.3  env = MESA\_GLSL\_VERSION\_OVERRIDE,330  env = MESA\_GLES\_VERSION\_OVERRIDE,3.1  I'm on an M1 Pro and Hyprland works fine for me with blur enabled on the standard install, not the legacy renderer.",t3_13grxq0,0.0008303745416924,3.3562819226062857e-06,0.0001019941046251,0.000126705985167,0.0001257607218576,3.274698610766791e-05,3.8389054680010304e-05,2023-05-14 07:05:15+00:00
AsahiLinux,pontihejo,1686325590.0,What DE are you using? I have an M1 Pro as well and after the update I get about 4.5 hours of use with Hyprland from a full charge. CPU load is around 3% at idle and not often going over 10% load.,t1_jn59fxu,0.0009438992710784,2.4417702206847025e-06,9.118435991695152e-05,8.033069752855226e-05,0.0001474930759286,3.890105290338397e-05,3.714417471201159e-05,2023-06-09 15:46:30+00:00
AsahiLinux,pontihejo,1686918061.0,"I have had something like this happen a couple of times now after the recent update to edge kernel, but I can't remember exactly if anything happened while leading up to it. I'm using Hyprland.Another regression I have noticed after this updates is with Foot terminal. It now has a significant delay while opening and there is a very noticeable hangup whenever foot windows are resized. This doesn't seem to be an issue for other terminals I have tried, so I might switch to another one if I can't find a way to resolve this.",t3_14a9ghk,0.0003836324904114,1.5062677221067131e-06,3.272803587606177e-05,6.26357868895866e-05,9.384965233039112e-05,1.9243767383159135e-05,1.4007291611051189e-05,2023-06-16 12:21:01+00:00
AsahiLinux,pontihejo,1694574042.0,I've been using a HFS+ partition on my M1 laptop that is readable and writable for both operating systems. I haven't had problems with it besides having to fix some permissions on the files.Maybe there's a way to do this with the default APFS partition but I don't think APFS support on linux is good enough yet.,t3_16ha6u9,0.0004253857186995,1.9375188458070625e-06,4.296845872886479e-05,6.847815529908985e-05,8.211406384361908e-05,1.988861731661018e-05,1.885143865365535e-05,2023-09-13 03:00:42+00:00
AsahiLinux,pontihejo,1695449921.0,Have the devs clarified if Asahi Arch will be kept at parity for the future or if that's going to get dropped at some point?,t1_k1srjze,0.000364510284271,1.346998260487453e-06,2.5910241674864665e-05,6.917755672475323e-05,9.766752191353588e-05,1.8455770259606652e-05,1.2644054550037254e-05,2023-09-23 06:18:41+00:00
AsahiLinux,pontihejo,1695489302.0,I'm amazed that it actually works like that. When support is fully fleshed out Asahi will make this hardware very powerful.,t1_k1txiub,0.0003813008370343,1.5016076986285043e-06,2.712679997785017e-05,7.181854016380385e-05,9.074674017028884e-05,2.205271812272258e-05,1.4547140381182544e-05,2023-09-23 17:15:02+00:00
AsahiLinux,pontihejo,1695508856.0,Install the edge kernel,t3_16q8wx3,0.0005406053969636,1.5980931493686512e-06,2.5904559151967987e-05,0.0001125037961173,0.0001114160186261,4.3124164221808314e-05,1.4769260815228336e-05,2023-09-23 22:40:56+00:00
AsahiLinux,pontihejo,1697377653.0,Arch on asahi is good fun and most things will work but you might need to hack around for software because aarch64 isn't always supported.,t3_1771d1p,0.0005730510456487,1.888630094981636e-06,4.984009137842804e-05,7.009219552855939e-05,0.0001026039753924,2.5500499759800732e-05,2.053177922789473e-05,2023-10-15 13:47:33+00:00
AsahiLinux,pontihejo,1698965350.0,Make a HFS+ partition,t3_17mbacf,0.0005735614104196,2.1686205400328618e-06,5.023566700401716e-05,8.250770770246163e-05,9.336852235719562e-05,3.695574923767708e-05,1.7339480109512806e-05,2023-11-02 22:49:10+00:00
AsahiLinux,pontihejo,1700226798.0,"No, from what has been said here by marcan it's just not going to be a priority anymore but that they will still give it some updates.",t1_k9m5ieu,0.0004768228100147,1.3248990171632613e-06,2.5541899958625436e-05,0.0001089320066967,0.0001113950856961,2.1109141016495417e-05,1.332101510342909e-05,2023-11-17 13:13:18+00:00
AsahiLinux,pontihejo,1701170207.0,"I managed to build anki about a year ago on Asahi ALARM using this github project:  [https://web.archive.org/web/20210902012929/https://github.com/infinyte7/anki-arm64](https://web.archive.org/web/20210902012929/https://github.com/infinyte7/anki-arm64)It just 404s now, but maybe the archived github page can help you figure out some kind of solution.",t3_184mcgy,0.0004094764881301,1.681138428466511e-06,4.391022230265662e-05,6.270260200835764e-05,9.605229570297524e-05,1.7890804883791134e-05,1.7545040464028716e-05,2023-11-28 11:16:47+00:00
AsahiLinux,pontihejo,1703246911.0,"Thanks, I have been looking for a way to get Signal on Fedora.",t3_18n9ewr,0.0003850065986625,1.4975204294387368e-06,2.658019730006345e-05,8.418272045673802e-05,9.147567470790818e-05,2.2113392333267257e-05,1.4475951502390672e-05,2023-12-22 12:08:31+00:00
AsahiLinux,pontihejo,1704565120.0,"I found that on ALARM, it was a lot easier to get software since so many packages would compile and install successfully with pacman plus a helper like yay. I have yet to find a nice general solution like that on Fedora",t3_18zyopa,0.0004384589847177,1.4612425047744182e-06,3.610166459111497e-05,6.756466609658673e-05,0.000102867015812,2.0489900634856895e-05,1.4531776287185494e-05,2024-01-06 18:18:40+00:00
AsahiLinux,pontihejo,1704896049.0,"It's possible now to use an experimental implementation of krunvm plus FEXemu to run steam and quite a few games already. Half-life, portal, terraria, the binding of isaac, amnesia the dark descent, and many more games are playable right now with this method.Here's a link to a guide:https://sinrega.org/2023-10-06-using-microvms-for-gaming-on-fedora-asahi/",t1_kh75q8w,0.0005151416989974,1.8804739738698115e-06,4.0213206375483423e-05,0.0001211446651723,0.0001043857919285,1.9378814613446593e-05,2.264236172777601e-05,2024-01-10 14:14:09+00:00
AsahiLinux,pontihejo,1705285712.0,"In my experience, the biggest challenge is that direct aarch64 support is absent for a lot of software I use, so I have to do what I can to compile things, use web apps when available, or just accept that it‘s not possible to use certain software. This is the reason holding me back from switching over completely, but depending on what software you need, this may not be an insurmountable problem.I‘m optimistic about the future though, because the Asahi devs are working on a solution to translate x86\_64, and just recently it has become possible to run Steam and even Proton games (albeit at 1fps). So it’s realistic to expect that 4k paged software, x86\_64, x86\_32, and even Wine will be usable within a year or two.I have experienced a lot of crashes from running out of RAM unexpectedly, so if you are a heavy user, you will want more RAM (16GB+) and it helps to use a lot of swap (32GB+).Beyond that, I‘m very satisfied with Asahi already, the M-series hardware is fast & efficient and when the support is fully matured I believe these will be extremely good linux machines. Used hardware will be good value and new hardware (M3 and beyond) potentially some absolute powerhouses with all the benefits of a fully FOSS driver stack.",t3_196del9,0.000434790039435,1.7557091496200885e-06,4.3115156586281955e-05,6.848017801530659e-05,9.286124986829236e-05,1.8089956938638352e-05,1.8582912161946297e-05,2024-01-15 02:28:32+00:00
AsahiLinux,pontihejo,1705286894.0,I used the steam app on my phone to sign in via the QR code.,t1_khm1d74,0.0004099735233467,1.5295152024918934e-06,2.957378455903381e-05,6.924837362021208e-05,9.365082951262592e-05,2.325153946003411e-05,1.662172144278884e-05,2024-01-15 02:48:14+00:00
AsahiLinux,pontihejo,1705999765.0,This happened to me when I had an inconsistency in my etc/fstab file.,t3_19dgpse,0.0013709997292608,6.594004389626207e-06,0.0001973840408027,0.0001119187218137,8.546239405404776e-05,7.126424316084012e-05,0.0001101178058888,2024-01-23 08:49:25+00:00
AsahiLinux,pontihejo,1705999967.0,"Marcan said it had something to do with the DCP controller. They haven’t figured it out yet and no one is currently working on it, but it is a feature they plan to support eventually.",t3_19d3rq7,0.0003494249249342,1.3172503940950264e-06,2.6311132387490943e-05,6.139761535450816e-05,9.69763204921037e-05,1.560605778649915e-05,1.2675034668063743e-05,2024-01-23 08:52:47+00:00
AsahiLinux,pontihejo,1706386312.0,Binding of Isaac and Amnesia the Dark Descent run well through the asahi-krun steam implementation.,t3_1abjcgv,0.0005743097281083,1.4210158951755147e-06,2.9993516363902017e-05,9.29898233152926e-05,0.0001332641259068,3.0181741749402136e-05,1.5247151168296114e-05,2024-01-27 20:11:52+00:00
AsahiLinux,pontihejo,1707304179.0,Night light is only available on KDE because the colour adjustment uses a special method that works via some colour transformation matrix that hasn't been incorporated by any other night light provider yet,t3_1akz97g,0.0004193277854938,1.5858502138144104e-06,2.6259793230565265e-05,9.40881873248145e-05,9.999113535741344e-05,2.4308887077495456e-05,1.4413604731089436e-05,2024-02-07 11:09:39+00:00
AsahiLinux,pontihejo,1707304596.0,"But it's not mounted on MacOS. MacOS can't mount ext4, only the bootable macos stub that starts asahi. The ext4 partition that contains your linux root and home on a standard asahi install is unencrypted but I'm not sure you would have any way to mount it without login credentials. There are ways to create an encrypted asahi root if you want that",t1_kpbatg5,0.0004258111002855,1.4452903087658342e-06,3.2323136110790074e-05,7.480027852579951e-05,0.0001015149609884,1.856849303294439e-05,1.3857365047442728e-05,2024-02-07 11:16:36+00:00
AsahiLinux,pontihejo,1707304852.0,Would be good if someone could get an asahi community ALARM docker going so we can have the best of both worlds,t1_kpa7jc4,0.0003757481463253,1.4392480807146055e-06,2.471578773111105e-05,9.101218165596948e-05,9.553637210046872e-05,2.007004150073044e-05,1.323942888120655e-05,2024-02-07 11:20:52+00:00
AsahiLinux,pontihejo,1707326194.0,"1. yes2. A lot of software isn't available for aarch64 Linux and there is no painless alternative to rosetta yet. Microphone does not work. No video via USB-C (only HDMI at this stage). Graphics only go up to openGL 3.3 for now.3. Yes it is stable enough if you have lots of ram and swap. 4. M3 support is not available yet, might be another 6 months",t3_1al5tla,0.0004009606491308,1.6228555068664718e-06,3.595292946556583e-05,6.587011012015864e-05,9.027849591802806e-05,1.8615070075611584e-05,1.5768930097692646e-05,2024-02-07 17:16:34+00:00
AsahiLinux,pontihejo,1707617371.0,"This runs really well, probably 5-10x faster than the steam install through asahi-krun and much smoother.Is there any way to get it rendering at resolutions higher than 1920x1080?",t3_1anh9kx,0.0003920333692803,1.4932778640286417e-06,2.939630394394044e-05,7.714404637226835e-05,9.481277083978056e-05,2.0114188373554495e-05,1.4676593309559394e-05,2024-02-11 02:09:31+00:00
AsahiLinux,pontihejo,1707618129.0,Yes,t1_kpv3z86,0.0005544455489143,1.32006596231804e-06,2.0958199456799775e-05,0.0001288271450903,0.0001193712741951,2.180742558266502e-05,1.2031038750137668e-05,2024-02-11 02:22:09+00:00
AsahiLinux,pontihejo,1707689353.0,"Very nice. I’m running it on a M1 pro at 3860x2160 and based on the in-game counter I get around 200fps in the canal section. I’m genuinely shocked by the performance. Keeping vsync on makes gameplay feel smoother though.  Have you come across at xray 16 (stalker), xash3d-fwgs (Half-life 1), and openmw (Morrowind)? Just some other open engine projects that can compile for arm64",t1_kpwg3z3,0.0004681611608248,1.7818223341237172e-06,4.448808613233268e-05,8.278692985186353e-05,0.0001000792690319,2.101908830809407e-05,1.9530727513483725e-05,2024-02-11 22:09:13+00:00
AsahiLinux,pontihejo,1707949415.0,"It’s broken at the moment because of version problems. There was a functional workaround for a while that worked by downgrading some packages, but that doesn’t work properly anymore. Best bet at this stage is to encourage the dev to fix the microvm:https://social.treehouse.systems/@slp@fosstodon.org",t3_1aqyqnu,0.0004257725377101,1.5069472283357754e-06,3.7394813261926174e-05,6.032365854480304e-05,9.814637451199816e-05,1.6329093341482803e-05,1.5937379430397414e-05,2024-02-14 22:23:35+00:00
AsahiLinux,pontihejo,1707949699.0,"RPCS3 can be compiled on aarch64. That needs OpenGL 4.3 to work, I‘ve yet to try this so fingers crossed that works now and PS3 games can be emulated on Asahi",t1_kqfcw13,0.0005545665626414,3.3907640499819536e-06,7.130924495868385e-05,8.967659232439473e-05,6.523144838865846e-05,3.367383760632947e-05,3.675621701404452e-05,2024-02-14 22:28:19+00:00
AsahiLinux,pontihejo,1707966290.0,"I’m getting the same problem on Fedora, but I successfully compiled it today inside an arch linux arm docker container. I get errors when I try to run the binary in alarm and fedora, so I’m not sure what the solution is.In the past when I used Arch Asahi, it compiled and ran rpcs3, so it can work.",t1_kqh7k13,0.0003829866473097,1.5554754781987867e-06,3.1874875276116654e-05,6.887548806844279e-05,8.954107761383057e-05,1.9024872017325833e-05,1.4647760508523788e-05,2024-02-15 03:04:50+00:00
AsahiLinux,pontihejo,1708059286.0,"I just managed to build it on Fedora but when I try to run games using OpenGL, it crashes with a driver-related error.    F {RSX [0x0000000]} SIG: Thread terminated due to fatal error: Could not bind OpenGL context(in file /home/snow/software/src/rpcs3/rpcs3/rpcs3qt/gl_gs_frame.cpp:89[:4], in function set_current) (errno=110=Connection timed out)I’ll try make a build script so that others can check it out.",t1_kqn4hm6,0.0004556144122034,2.1849914446647745e-06,4.934000025968999e-05,7.234459189930931e-05,7.789130904711783e-05,2.374417636019643e-05,2.2197526050149463e-05,2024-02-16 04:54:46+00:00
AsahiLinux,pontihejo,1708068850.0,"I’ve written a script to compile and install RPCS3 on Asahi    #!/bin/shread -p ""[Installing dependencies] Press enter""sudo dnf --skip-broken install alsa-lib-devel cmake glew glew-devel libatomic libevdev-devel libudev-devel openal-devel qt6-qtbase-devel qt6-qtbase-private-devel vulkan-devel qt6-qtmultimedia-devel qt6-qtsvg-devel vulkan-validation-layers-devel vulkan-tools mesa-vulkan-drivers read -p ""[Cloning sources] Press enter""mkdir rpcs3-filescd rpcs3-fileswget http://dus01.ps3.update.playstation.net/update/ps3/image/us/2023_0228_05fe32f5dc8c78acbcd84d36ee7fdc5b/PS3UPDAT.PUPgit clone https://github.com/RPCS3/rpcs3.gitread -p ""[Updating submodules] Press enter""cd rpcs3git submodule update --initcd ..read -p ""[Preparing build] Press enter""mkdir --parents rpcs3_buildcd rpcs3_buildBAD_FLAG=""-Wp,-D_GLIBCXX_ASSERTIONS""CXXFLAGS=""${CXXFLAGS//$BAD_FLAG/}""CC=clang CXX=clang++ cmake -S ../rpcs3 -B build \    -DCMAKE_BUILD_TYPE=Release \    -DCMAKE_INSTALL_PREFIX=/usr \    -DCMAKE_SKIP_RPATH=ON \    -DUSE_NATIVE_INSTRUCTIONS=OFF \    -DUSE_SYSTEM_FFMPEG=ON \    -DUSE_SYSTEM_LIBPNG=ON \    -DUSE_SYSTEM_ZLIB=ON \    -DUSE_SYSTEM_CURL=ON \    -DUSE_SYSTEM_FLATBUFFERS=OFF \    -DUSE_SYSTEM_PUGIXML=OFF \    -DBUILD_LLVM=ON \    -DUSE_SYSTEM_WOLFSSL=OFFread -p ""[Building RPCS3] Press enter""make -C build -j100read -p ""[Installing RPCS3] Press enter""sudo make -C build installread -p ""[Starting RPCS3 and installing PS3 firmware] Press enter""cd ..rpcs3 --installfw PS3UPDAT.PUP",t3_1aryon4,0.0210414510220289,7.884171645855531e-05,0.0045548207126557,0.0008279926842078,0.0006159982876852,0.0002454647037666,0.0018635906744748,2024-02-16 07:34:10+00:00
AsahiLinux,pontihejo,1708069036.0,"I’ve written a script that compiles and installs RPCS3 on Asahi.     #!/bin/shread -p ""[Installing dependencies] Press enter""sudo dnf --skip-broken install alsa-lib-devel cmake glew glew-devel libatomic libevdev-devel libudev-devel openal-devel qt6-qtbase-devel qt6-qtbase-private-devel vulkan-devel qt6-qtmultimedia-devel qt6-qtsvg-devel vulkan-validation-layers-devel vulkan-tools mesa-vulkan-drivers read -p ""[Cloning sources] Press enter""mkdir rpcs3-filescd rpcs3-fileswget http://dus01.ps3.update.playstation.net/update/ps3/image/us/2023_0228_05fe32f5dc8c78acbcd84d36ee7fdc5b/PS3UPDAT.PUPgit clone https://github.com/RPCS3/rpcs3.gitread -p ""[Updating submodules] Press enter""cd rpcs3git submodule update --initcd ..read -p ""[Preparing build] Press enter""mkdir --parents rpcs3_buildcd rpcs3_buildBAD_FLAG=""-Wp,-D_GLIBCXX_ASSERTIONS""CXXFLAGS=""${CXXFLAGS//$BAD_FLAG/}""CC=clang CXX=clang++ cmake -S ../rpcs3 -B build \    -DCMAKE_BUILD_TYPE=Release \    -DCMAKE_INSTALL_PREFIX=/usr \    -DCMAKE_SKIP_RPATH=ON \    -DUSE_NATIVE_INSTRUCTIONS=OFF \    -DUSE_SYSTEM_FFMPEG=ON \    -DUSE_SYSTEM_LIBPNG=ON \    -DUSE_SYSTEM_ZLIB=ON \    -DUSE_SYSTEM_CURL=ON \    -DUSE_SYSTEM_FLATBUFFERS=OFF \    -DUSE_SYSTEM_PUGIXML=OFF \    -DBUILD_LLVM=ON \    -DUSE_SYSTEM_WOLFSSL=OFFread -p ""[Building RPCS3] Press enter""make -C build -j100read -p ""[Installing RPCS3] Press enter""sudo make -C build installread -p ""[Starting RPCS3 and installing PS3 firmware] Press enter""cd ..rpcs3 --installfw PS3UPDAT.PUP",t3_1aryon4,0.146511822938919,0.0003833924711216,0.0288125127553939,0.0024817786179482,0.0026556132361292,0.0008061009575612,0.0151184257119894,2024-02-16 07:37:16+00:00
AsahiLinux,pontihejo,1708069456.0,I‘ve created that script that compiles and installs RPCS3 on Asahi Fedorahttps://pastebin.com/thdZUSpW,t3_1aryon4,0.0004494962049648,1.991572389670182e-06,4.8145553591893986e-05,6.414558447431773e-05,8.309753320645541e-05,2.234362364106346e-05,2.1474786990438588e-05,2024-02-16 07:44:16+00:00
AsahiLinux,pontihejo,1708070637.0,"I had problems compiling on aarch64 too. I had to look at the build flags on the AUR PKGBUILD for rpcs3-git to get it to work, since that was the only way I had found that would compile it without errors.",t1_kqnqeqt,0.0004500282811932,1.8329703834751856e-06,4.3953710701316595e-05,7.058176561258733e-05,9.005735046230257e-05,2.0912975742248815e-05,1.947481905517634e-05,2024-02-16 08:03:57+00:00
AsahiLinux,pontihejo,1708073347.0,"It’s possible to launch into the intro cutscene and menus if you set the PPU decoder to Interpreter (static), SPU Decoder to Interpreter (Dynamic), and renderer to Vulkan. Sound works but is choppy, probably due to the maxed out CPU usage while running. No 3D objects render at all when running the game like this. Running with OpenGL as the renderer crashes the emulator and does not allow the game to load.",t3_1as3z0o,0.0004833339480683,1.822705030463112e-06,4.5589626097353175e-05,7.519670180045068e-05,9.784044232219458e-05,2.2114067178335972e-05,2.0341445633675903e-05,2024-02-16 08:49:07+00:00
AsahiLinux,pontihejo,1708075387.0,"Yes, the graphics device is llvmpipe",t1_kqnwbso,0.0006507643847726,1.6967378542176448e-06,4.347079084254801e-05,8.773728040978312e-05,0.000132452318212,2.9165097657823935e-05,1.843612153606955e-05,2024-02-16 09:23:07+00:00
AsahiLinux,pontihejo,1708152890.0,"I had a go at making one today, but my git skills aren’t the best so I couldn’t get it to compile successfully after updating the downloaded git repo+submodules.Deleting the rpcs3 build directories and running the original script again should update the installed files though.",t1_kqouwc6,0.0019302554428577,7.268869921972509e-06,0.0002622210595291,0.0001632854109629,0.000138996168971,6.533448322443292e-05,9.447901538806036e-05,2024-02-17 06:54:50+00:00
AsahiLinux,pontihejo,1708153785.0,"Yeah, who knows how long ago this was possible seeing as it’s only using software rendering here",t1_kqo0gjx,0.0004505178367253,1.5187879398581572e-06,2.9956441721878942e-05,8.10981509857811e-05,9.482768655288965e-05,2.1640158593072556e-05,1.6489855624968186e-05,2024-02-17 07:09:45+00:00
AsahiLinux,pontihejo,1708155689.0,That’s what I had hoped. I’ll make a bug report there and hopefully this can get resolved from the Asahi side. I wanted to report it on the RPCS3 github project but they are blocking contributions at the moment.,t1_kqt41ml,0.0004852132115047,1.996564378714538e-06,4.3418876884970814e-05,7.454044680343941e-05,8.37838088045828e-05,2.652408875292167e-05,2.0211733499309048e-05,2024-02-17 07:41:29+00:00
AsahiLinux,pontihejo,1708255140.0,How much RAM and swap do you have?What do you mean by the screen quality being lower?,t3_1atrb13,0.000759546062909,1.3297762961883564e-06,3.5564833524404094e-05,7.898326293798164e-05,0.0001804862113203,2.50613629759755e-05,1.7248738004127517e-05,2024-02-18 11:19:00+00:00
AsahiLinux,pontihejo,1708257525.0,Try doubling the amount of swap you have. I had 16GB RAM and 16GB swap but still had a lot of random slowdowns until I increased my swap drastically.,t1_kqz8to7,0.0005194214754737,1.8634696061781144e-06,4.0905579226091504e-05,8.247536607086658e-05,9.794443030841649e-05,2.360807411605492e-05,2.250184115837328e-05,2024-02-18 11:58:45+00:00
AsahiLinux,pontihejo,1708303846.0,"I think most people who use Linux can make it work on Asahi right now, and x86 compatibility is only going to improve from here once the microVM stuff is ready. The Asahi devs are working hard to get the most of this hardware, so I think it’s a good time to start using it since things will only get better.",t3_1au4zyf,0.0003651404986158,1.4796942195971496e-06,2.885458707169164e-05,7.012984133325517e-05,9.160355693893508e-05,1.86282104550628e-05,1.4097991879680194e-05,2024-02-19 00:50:46+00:00
AsahiLinux,pontihejo,1708800858.0,The battery lasts something like 30% longer on the Air compared to Pro/Max.,t3_1ayzi8o,0.0003787752648349,1.3251050177132129e-06,2.4754423066042364e-05,7.623285637237132e-05,0.0001018393813865,1.9015911675523967e-05,1.3273639524413738e-05,2024-02-24 18:54:18+00:00
AsahiLinux,pontihejo,1708974407.0,Version 3.182.4 is the most recent release that I could get to run. [https://github.com/standardnotes/app/releases?page=24](https://github.com/standardnotes/app/releases?page=24),t3_1b0ilpo,0.000399007461965,1.8762660829452216e-06,4.2282321373932064e-05,6.600064079975709e-05,8.125056774588302e-05,2.112998481607065e-05,1.707056253508199e-05,2024-02-26 19:06:47+00:00
AsahiLinux,pontihejo,1708974434.0,The Flatpak doesn't work.,t1_ks8eto5,0.0005766164395026,1.3081692031846617e-06,3.1635277991881594e-05,8.284576324513182e-05,0.0001385430950904,2.118189695465844e-05,1.355907807010226e-05,2024-02-26 19:07:14+00:00
AsahiLinux,pontihejo,1709462042.0,"Hardware video decoding has not been fully reverse engineered yet, it's still about 6 months away from being ready.",t3_1b5dobc,0.0003890788939315,1.3128920954841306e-06,2.510990270820912e-05,6.868200580356643e-05,0.0001002843782771,1.8987208022736013e-05,1.3990176739753224e-05,2024-03-03 10:34:02+00:00
AsahiLinux,pontihejo,1709468252.0,"Eileen Yoon is working on it, alongside the microphone and ambient light sensor. The other commenter has linked to her github repo. In the IRC it was mentioned that she will have more time for it around June.",t1_kt4vfge,0.0003730855532921,1.4107672541285865e-06,2.8551330615300685e-05,6.71102898195386e-05,9.618189505999908e-05,1.7651644157012925e-05,1.4255005226004869e-05,2024-03-03 12:17:32+00:00
AsahiLinux,pontihejo,1709468948.0,H.264 already works in m1n1 based on this [mastodon post](https://fosstodon.org/@eiln/111403540106566358). It won't require far too much effort to get that working in linux userspace. The developer is studying at uni so can only get a lot of work done during semester breaks.,t1_kt5017j,0.0004010534030385,1.5907473880361067e-06,3.719018422998488e-05,6.61224767100066e-05,9.273488103644922e-05,1.7921303879120387e-05,1.5081049241416622e-05,2024-03-03 12:29:08+00:00
AsahiLinux,pontihejo,1709469614.0,The pace of Asahi development has exceeded expectations so far and it's already partially working. I'd say it's safe to be optimistic.,t1_kt51qjv,0.0003476020356174,1.378821821163001e-06,2.3907543436507694e-05,7.419635221594945e-05,9.52448244788684e-05,1.7748974642017856e-05,1.304755551245762e-05,2024-03-03 12:40:14+00:00
AsahiLinux,pontihejo,1710806904.0,I'm looking forward to x86 translation so that much more software is supported on Asahi.,t3_1bhtfwi,0.0005786705878563,2.7601299734669738e-06,4.9253452743869275e-05,0.0001191113478853,7.356790592893958e-05,2.832985046552494e-05,3.0326460546348244e-05,2024-03-19 00:08:24+00:00
AsahiLinux,pontihejo,1710812745.0,I've not seen wine working on Asahi without some kind of VM. You need x86 for almost any case where you would use wine.,t1_kvin281,0.0005753317964263,1.7972811292565891e-06,4.2912561184493825e-05,9.258413774659856e-05,0.0001097634594771,2.52858480962459e-05,2.406703060842119e-05,2024-03-19 01:45:45+00:00
AsahiLinux,pontihejo,1711141285.0,"""Surely if Apple can make this work this group can figure out a way.""Yes but this happens to be extremely difficult.",t3_1bl55jg,0.0004421729245223,1.4453771655098535e-06,2.9441978767863475e-05,7.574214396299794e-05,0.0001097932909033,1.9832063117064536e-05,1.3792761819786392e-05,2024-03-22 21:01:25+00:00
AsahiLinux,pontihejo,1711142366.0,Then just be grateful that anyone is even trying to get this working.,t1_kw3tf4t,0.0005281379562802,1.6076807014542285e-06,3.6145585909252986e-05,7.91928541730158e-05,0.0001070077996701,2.6038551368401382e-05,1.8755859855446033e-05,2024-03-22 21:19:26+00:00
AsahiLinux,pontihejo,1711313606.0,"Good to see this available now. Unfortunately the Widevine workaround doesn't seem to function with it, unlike normal chromium.",t3_1bmp0oj,0.000343991239788,1.417164298800344e-06,2.3989601686480455e-05,7.31650652596727e-05,9.221398795489222e-05,1.8158074453822337e-05,1.2705095286946744e-05,2024-03-24 20:53:26+00:00
AsahiLinux,pontihejo,1712246738.0,"On the main page of the github project, it says that it can be built for MacOS but I can't find the build instructions. The performance could go either way for Asahi vs MacOS, I have no idea.",t1_ky0zz66,0.0004688609915319,2.0992708869016496e-06,4.352919859229587e-05,7.598580123158172e-05,7.927505794214085e-05,2.2668440578854643e-05,2.095122545142658e-05,2024-04-04 16:05:38+00:00
AsahiLinux,pontihejo,1712249276.0,"Something similar can be done with Minecraft. In [this video](https://youtu.be/ZywcES3UXrs?t=751) after the initial release of the OpenGL 4.6 driver, the performance is a lot higher on MacOS when the game is GPU-limited.",t1_ky194gk,0.0003766840382013,1.6019231452446547e-06,3.2258714782074094e-05,7.652163913007826e-05,8.79445142345503e-05,2.0740362742799338e-05,1.4464471860264894e-05,2024-04-04 16:47:56+00:00
AsahiLinux,pontihejo,1712250290.0,"Minecraft uses openGL 4.1 on MacOS, so it's a pretty fair comparison.",t1_ky1dyhg,0.000432249129517,1.5860348412388705e-06,3.2250409276457503e-05,7.925547834020108e-05,9.665586549090222e-05,1.978691216208972e-05,1.4601458133256529e-05,2024-04-04 17:04:50+00:00
AsahiLinux,pontihejo,1712251743.0,"From my understanding it's native up to 4.1, but anything higher will require messing around with translation layers like you say.",t1_ky1etig,0.0008100862032733,2.2992539925326128e-06,5.0130383897339925e-05,0.000122573095723,0.0001001551718218,2.9380804335232824e-05,2.907107409555465e-05,2024-04-04 17:29:03+00:00
AsahiLinux,pontihejo,1712252282.0,"I remember reading something from the main GPU dev Alyssa that there is still a lot of known areas for optimisation in the driver, so it will probably improve quite a bit.",t1_ky1jptm,0.0003391987702343,1.4166359960654518e-06,2.60138313024072e-05,6.903244502609596e-05,9.000000136438757e-05,1.6930211131693795e-05,1.4198132703313604e-05,2024-04-04 17:38:02+00:00
AsahiLinux,pontihejo,1712258085.0,I think I know what the problem is. If you don't have innoextract and 7z installed then the script won't be able to extract the game files. I've updated the script to include those as dependencies now so they will install at the start.,t1_ky1xnzm,0.0005037860246375,2.1643952550221e-06,4.1881856304826215e-05,8.901960973162204e-05,7.951763836899772e-05,2.8490649128798395e-05,2.1558547814493068e-05,2024-04-04 19:14:45+00:00
AsahiLinux,pontihejo,1712258494.0,It sounds like the compilation and/or install of openxray failed for some reason. Do you have the terminal output from that part of the process?,t1_ky22n4k,0.0004424672515597,1.3120034054736609e-06,2.540128116379492e-05,8.026055729715154e-05,0.0001092316888389,1.877420254459139e-05,1.303424778598128e-05,2024-04-04 19:21:34+00:00
AsahiLinux,pontihejo,1712260142.0,"Does \~/Downloads/stalker/xray-16 exist? It sounds like the git repo didn't get cloned for some reason, so the subsequent commands were executing in the \~/Downloads/stalker directory to no effect. The expected outcome is that the following rpm package exists: \~/Downloads/software/games/stalker/xray-16/bin/openxray-1.6.02-1.fc39.aarch64.rpm",t1_ky253cc,0.000732320419047,3.4365027659077896e-06,7.813859701855108e-05,0.0001287485501961,8.752536086831242e-05,3.3873689972097054e-05,3.533218477969058e-05,2024-04-04 19:49:02+00:00
AsahiLinux,pontihejo,1712261217.0,"What happens when you run     CFLAGS=""-march=native"" CXXFLAGS=""-march=native"" cmake .. -DCMAKE_INSTALL_LIBDIR=lib64 -DCMAKE_INSTALL_PREFIX=/usrmake -j10make packagein ""\~/Downloads/stalker/xray-16/bin""?",t1_ky29ve0,0.0018351575126871,4.503072432271438e-06,0.0001759518054313,0.0002092285285471,0.0002176643320126,4.5877208322053775e-05,6.902869063196704e-05,2024-04-04 20:06:57+00:00
AsahiLinux,pontihejo,1712262119.0,What are the contents of your game install directory? ( \~/.local/share/GSC Game World/S.T.A.L.K.E.R. - Call of Pripyat/ ) And also your game download directory? ( \~/Downloads/stalker/call-of-pripyat ),t1_ky2373s,0.001290566753596,3.058440597669687e-06,0.0001344061747658,0.0001431238779332,0.0002282793284393,2.9805016311001964e-05,4.9073234549723566e-05,2024-04-04 20:21:59+00:00
AsahiLinux,pontihejo,1712265350.0,"In my experience, this error is due to GLEW lacking EGL support. I did some testing and `sudo make install` wasn't actually installing the libGLEW that we are building. I have just updated the script to manually force this new libGLEW to be installed. The only way I have found to make it work is to explicitly delete the libGLEW that's already installed and then copy the newly compiled libGLEW to it's place.Run this in bash and it should fix your libGLEW:    cd ~/Downloads/stalker/git clone https://github.com/nigels-com/glewcd glew/autosudo make cleanmakecd ..sudo make cleanmake SYSTEM=linux-eglcd ~/Downloads/stalker/glewsudo make SYSTEM=linux-egl installsudo rm -rf /usr/lib64/libGLEW.so.2.2.0sudo cp lib/libGLEW.so.2.2.0 /usr/lib64",t1_ky2gasq,0.0013530246214941,5.52607843928854e-06,0.0001946586562553,0.000153800661792,0.0001424429938197,4.6689707232872024e-05,7.384152559097856e-05,2024-04-04 21:15:50+00:00
AsahiLinux,pontihejo,1712273591.0,"Not sure exactly why the build is failing in /glew/auto. based on ""`line 1: python: command not found`"" It looks like you might be missing some dependency, but I'm not really sure.Have a go a building GLEW manually (making sure to run make inside the ""auto"" directory first and then use SYSTEM=linux-egl flag when running make in the glew directory) then copy libGLEW.so.2.2.0 into /usr/lib64. After that, the game should launch",t1_ky2xydo,0.0007249635527841,3.160868800478056e-06,8.363876258954406e-05,0.0001025798192131,9.063059405889362e-05,3.854448368656449e-05,3.57583376171533e-05,2024-04-04 23:33:11+00:00
AsahiLinux,pontihejo,1712314440.0,"Okay, the game didn't extract properly because innoextract wasn't installed when you ram the script. The install directory should contain:    _appdata_/app/bin/commondocs/gamedata/levels/localization/mp/patches/resources/tmp/firewallinstallhelper.dllfsgame.ltxgameuxinstallhelper.dlllicense.txtreadme.txtstalker-cop.exestalker-cop.pdfstalker_cop.icostalker_cop_save.icouninstall.icoIf you run this in the download folder containing `setup.exe`, then the game files should extract:    innoextract setup.exe -L --gog -d ~/.local/share/GSC\ Game\ World/S.T.A.L.K.E.R.\ -\ Call\ of\ PripyatThen if that works you can run this to set the game language to English:    mv  -v ~/.local/share/GSC\ Game\ World/S.T.A.L.K.E.R.\ -\ Call\ of\ Pripyat/app/* ~/.local/share/GSC\ Game\ World/S.T.A.L.K.E.R.\ -\ Call\ of\ Pripyat/mkdir ~/.local/share/GSC\ Game\ World/S.T.A.L.K.E.R.\ -\ Call\ of\ Pripyat/localization/languagesmv  ~/.local/share/GSC\ Game\ World/S.T.A.L.K.E.R.\ -\ Call\ of\ Pripyat/localization/xfrench.db ~/.local/share/GSC\ Game\ World/S.T.A.L.K.E.R.\ -\ Call\ of\ Pripyat/localization/languages/mv  ~/.local/share/GSC\ Game\ World/S.T.A.L.K.E.R.\ -\ Call\ of\ Pripyat/localization/xgerman.db ~/.local/share/GSC\ Game\ World/S.T.A.L.K.E.R.\ -\ Call\ of\ Pripyat/localization/languages/mv  ~/.local/share/GSC\ Game\ World/S.T.A.L.K.E.R.\ -\ Call\ of\ Pripyat/localization/xitalian.db ~/.local/share/GSC\ Game\ World/S.T.A.L.K.E.R.\ -\ Call\ of\ Pripyat/localization/languages/mv  ~/.local/share/GSC\ Game\ World/S.T.A.L.K.E.R.\ -\ Call\ of\ Pripyat/localization/xspanish.db ~/.local/share/GSC\ Game\ World/S.T.A.L.K.E.R.\ -\ Call\ of\ Pripyat/localization/languages/mv  ~/.local/share/GSC\ Game\ World/S.T.A.L.K.E.R.\ -\ Call\ of\ Pripyat/localization/xger_movies.db ~/.local/share/GSC\ Game\ World/S.T.A.L.K.E.R.\ -\ Call\ of\ Pripyat/localization/languages/This is just to move the other language files since the last one that gets read will be the game language.",t1_ky3qpf8,0.0023192910011857,1.1469455785118043e-05,0.0004392332630231,0.0003117408195976,0.0002447743318043,6.834584928583354e-05,0.0001471709401812,2024-04-05 10:54:00+00:00
AsahiLinux,pontihejo,1712314805.0,What error does the engine give you?,t1_ky41ztz,0.0012038087006658,1.3925385928814649e-06,3.825004387181252e-05,9.673350723460317e-05,0.0002534000377636,3.367191311554052e-05,1.8301587260793895e-05,2024-04-05 11:00:05+00:00
AsahiLinux,pontihejo,1712327687.0,I've get that error when I try to build and run this in a virtual machine or docker. I am not sure what the cause is. I never get it on my regular system installing and reinstalling the game files and engine. I think it might be some undocumented dependency that's missing. I won't have much time to troubleshoot it over the next days unfortunately.,t1_ky5zx4o,0.0004734141402877,1.638896947042667e-06,3.697696956805885e-05,7.071145228110254e-05,9.816687816055492e-05,2.4659095288370736e-05,1.697394145594444e-05,2024-04-05 14:34:47+00:00
AsahiLinux,pontihejo,1712405812.0,I was able to get past that line 862 segmentation fault on my fedora aarch64 VM by running `xr_3da -nosound`. Can you try that and see if it launches for you?,t1_ky8b87x,0.0004892998840659,1.4989878991400474e-06,3.668289355118759e-05,7.072837615851313e-05,0.0001096879204851,2.334258533664979e-05,1.621966111997608e-05,2024-04-06 12:16:52+00:00
AsahiLinux,pontihejo,1713198753.0,"How's the performance? Just as a tangent, I have been able to run FEZ, FTL, Terraria, and Amnesia with box64. I can get Valheim in the start screen but then it crashes",t3_1c4occb,0.0005428271833807,2.2155322767503094e-06,4.806875222129747e-05,8.967095345724374e-05,8.902284025680274e-05,2.975128882098943e-05,2.4295559342135675e-05,2024-04-15 16:32:33+00:00
AsahiLinux,pontihejo,1713202379.0,"I downloaded the gamefiles for Amnesia The Dark Descent using Depot Downloader, but libtheora wasn't loading properly so I downloaded the gamefiles for Amnesia A Machine for Pigs and copied libtheora from there. After that it runs with  `$ box64 Amnesia_NOSTEAM.bin.x86_64`",t3_1c4s0qa,0.0029802180361002,1.05875014924095e-05,0.0006367507739923,0.000209361227462,0.0002655043208505,4.7017892939038575e-05,0.0002609662769827,2024-04-15 17:32:59+00:00
AsahiLinux,pontihejo,1713285489.0,"With the native linux titles I have tried, box64 fails more often than not. I'm not sure how much of that is down to 16k pages specifically but I'm sure it's a factor.",t1_kzu80yz,0.000466980447527,1.954369281520485e-06,3.866316910716705e-05,8.72175078256987e-05,8.040465763770044e-05,2.0338167814770713e-05,1.898835034808144e-05,2024-04-16 16:38:09+00:00
AsahiLinux,pontihejo,1713371429.0,M1 or M2 are both fine and get 32GB of RAM if you can,t3_1c65y0x,0.0005349110579118,2.1080682017782237e-06,5.006784704164602e-05,7.207095040939748e-05,9.675361070549116e-05,3.3050622732844204e-05,2.358777419431135e-05,2024-04-17 16:30:29+00:00
AsahiLinux,pontihejo,1713519569.0,The goldberg x86 libs don't seem to work with box64. I tried compiling them but I wasn't able to figure it out. How did you get them working?,t1_kx1gh22,0.0006555972504429,2.905593646573834e-06,6.335153739200905e-05,0.0001101243178709,7.760838343529031e-05,2.9112383344909176e-05,3.257770003983751e-05,2024-04-19 09:39:29+00:00
AsahiLinux,pontihejo,1714374847.0,OpenGL support. Vulkan hasn't really been fleshed out yet.,t1_l1r4y37,0.0004596950893756,1.4697033066113363e-06,3.0404851713683456e-05,8.219711889978498e-05,0.0001020959753077,2.064638647425454e-05,1.4132236174191348e-05,2024-04-29 07:14:07+00:00
AsahiLinux,pontihejo,1714375377.0,Audio over HDMI support was added a few day ago after a lot of work from Janne. A lot of the biggest contributors have taken a step back to deal with IRL circumstances this first part of the year and the others are quietly working on the project.,t3_1cfmvee,0.0003634906024672,1.3125579698680667e-06,2.874821075238287e-05,6.237198249436915e-05,9.840596612775698e-05,1.5635150703019463e-05,1.3809713891532738e-05,2024-04-29 07:22:57+00:00
AsahiLinux,pontihejo,1714397852.0,It's a volunteer project so if you think it's so important then you should do it for them,t1_l1rosd2,0.0004248807381372,1.4380475477082657e-06,3.133346763206646e-05,7.007615204202011e-05,0.0001011620624922,2.1356658180593513e-05,1.4789021406613756e-05,2024-04-29 13:37:32+00:00
AsahiLinux,pontihejo,1714453715.0,"My recommendation is Vorta for Borg. Borg backups are encrypted and use deduplication to save space. The repos have a snapshot format so you can easily go back through to the best timepoint for a backup. You can make a vorta/borg repo the NAS mounted as a network drive or use it in remote SSH mode by installing Borg on the NAS from the Synology community repo and giving it the right permissions. Pika for Borg is meant to be good too and provides a similar experience to Time Machine but I haven't tried it.If you want something for file syncing, you should use syncthing, again installed on the NAS from the community repos. None of the synology software is provided for aarch64 so these community solutions are the best option.",t3_1cgjduy,0.0004250559723004,1.6192889233934693e-06,3.761147308978252e-05,7.604146958328784e-05,0.0001008057588478,1.6877917005331255e-05,1.716377300908789e-05,2024-04-30 05:08:35+00:00
AsahiLinux,pontihejo,1714516735.0,Nothing in particular stopping it. They need a M3 Mac Mini to do continuous integration of the code for the whole M3 series. Apple hasn't released an M3 Mac Mini yet for some reason.,t1_l20a9ol,0.0004133657494094,1.922660885611549e-06,4.0845508920028806e-05,6.228431448107585e-05,8.480667020194232e-05,2.2253694623941556e-05,1.810528374335263e-05,2024-04-30 22:38:55+00:00
AsahiLinux,pontihejo,1714525200.0,"This comes down to robust x86 support and Vulkan GPU drivers. The native DRM microVM based on krun and FEXemu will allow for decent x86 support and that is rumoured to be ready soon (a couple weeks or months away). This will allow for running most games (and software generally) that wine/proton can run, albeit with an OpenGL backend which isn't as fast as Vulkan. Vulkan will probably be fully supported within a few years, if the progress made on OpenGL is any indication.",t3_1ch6yvh,0.0003822763974312,1.4336819731397554e-06,3.121146437479183e-05,7.116923370631412e-05,9.837106335908176e-05,1.7678328731562942e-05,1.4533135981764644e-05,2024-05-01 01:00:00+00:00
AsahiLinux,pontihejo,1715162308.0,"I think a used or refurbished M1 Pro with would be a great choice. That's what I use and it has held up really well and I haven't got any real desire to upgrade yet, except to get more ram. If battery is really important for you, I would recommend going with the M1 Air since the battery lasts much longer on Asahi compared to the Pro.",t3_1cmijyf,0.0003781017148867,1.468686150474241e-06,3.205533721484244e-05,6.512286199722439e-05,9.722864342620596e-05,1.900994720926974e-05,1.4787555301154498e-05,2024-05-08 09:58:28+00:00
AsahiLinux,pontihejo,1715906080.0,Because linux is fun,t3_1ctpr6d,0.0004269206838216,1.2973390539627871e-06,2.4079748982330784e-05,8.46485563670285e-05,0.0001039157286868,2.137289811798837e-05,1.2544200217234902e-05,2024-05-17 00:34:40+00:00
AsahiLinux,pontihejo,1715906122.0,Looks nice. What sort of framerate are you getting?,t3_1ctl0sk,0.0004856337909586,1.3351120742299829e-06,2.7103682441520505e-05,8.121833525365219e-05,0.0001138906081905,2.3841563233872876e-05,1.4086245755606797e-05,2024-05-17 00:35:22+00:00
AsahiLinux,pontihejo,1716144895.0,"Is it possible to install and use wine, winetricks, wine-mono, and wine-gecko via krun+FEX?",t3_1cvct83,0.0323076620697975,4.935350807500072e-05,0.0025988556444644,0.0013539392966777,0.0012472020462155,9.222462540492415e-05,0.0375904142856597,2024-05-19 18:54:55+00:00
AsahiLinux,pontihejo,1716149252.0,And this will let you attempt to run any windows binaries?,t1_l4rs8xc,0.0005032473127357,1.439449761164724e-06,2.5659159291535616e-05,9.608106483938172e-05,0.0001126282077166,2.9436811018968e-05,1.3967114682600368e-05,2024-05-19 20:07:32+00:00
AsahiLinux,pontihejo,1716212639.0,"Great, I'll give it a go at some stage. I want to try run lightroom and maybe photoshop, since those can work on x86\_64",t1_l4syarv,0.0005339151830412,2.048327360171242e-06,4.404568608151749e-05,9.015194518724456e-05,8.917321974877268e-05,2.7414220312493853e-05,2.1262447262415662e-05,2024-05-20 13:43:59+00:00
AsahiLinux,pontihejo,1716234835.0,"This is cool. Do the apps behave like they are running in a native context, like detecting USB devices and storing config/share/cache data in the normal system paths?",t3_1cwkc0j,0.000376646319637,1.424168885932886e-06,2.4808663511066698e-05,7.92270657257177e-05,9.385940211359411e-05,1.8754984921542928e-05,1.391375008097384e-05,2024-05-20 19:53:55+00:00
AsahiLinux,pontihejo,1716238982.0,"That's great with the normal user directories, sounds like the whole experience has changed since krunvm. How does the memory and CPU usage feel? I ask because previously it felt pretty heavy, especially in terms of RAM.",t1_l4xdn13,0.0003894648107234,1.549027047076379e-06,2.792375562421512e-05,7.292168447747827e-05,9.088009392144158e-05,1.914189306262415e-05,1.6150019291671924e-05,2024-05-20 21:03:02+00:00
AsahiLinux,pontihejo,1716242535.0,"Yeah I see. I have a 16GB system with lots of swap, so I'll see how I go",t1_l4xic8a,0.0005201043677516,1.835489456425421e-06,4.214560613036156e-05,8.845200500218198e-05,9.820311242947356e-05,2.3798107577022165e-05,2.5542387447785583e-05,2024-05-20 22:02:15+00:00
AsahiLinux,pontihejo,1716243065.0,"I've used that engine project to play hl2, hl1, and portal 1 on Asahi and the performance is really good. Often capped out at the engine default limit of 300fps even when running at 4k",t1_l4w7bd5,0.000383742590202,1.585310542395746e-06,3.373838262632489e-05,6.779048271710053e-05,9.164820949081331e-05,2.0178647901047952e-05,1.6031646737246774e-05,2024-05-20 22:11:05+00:00
AsahiLinux,pontihejo,1716322203.0,Would be interesting to see if this is any faster than FEX for the software where this works,t3_1cxbvqs,0.0046754609793424,1.0526078767725268e-05,0.0004873265861533,0.0003804771404247,0.0002910651965066,4.289574280846864e-05,0.001372406608425,2024-05-21 20:10:03+00:00
AsahiLinux,pontihejo,1716459930.0,"Is the goal to eventually make krun+FEX feel just like Rosetta? In the sense that users just run the x86 binary and it works, without having to think about manually configuring the VM",t1_l59a9hf,0.0082812374457716,2.048694841505494e-05,0.0004919933271594,0.0008656579302623,0.0003232539747841,5.124122981214896e-05,0.0084488866850733,2024-05-23 10:25:30+00:00
AsahiLinux,pontihejo,1716733695.0,"I remember there was some talk of this being possible in the distant future when the secure enclave protocol and firmware can be managed from Linux, but this will need a lot more work.",t3_1d11oss,0.0003894085530191,1.528955067442439e-06,2.9300916139618497e-05,6.704721454298124e-05,9.293999755755068e-05,2.087298889819067e-05,1.5095150956767611e-05,2024-05-26 14:28:15+00:00
AsahiLinux,pontihejo,1716799333.0,My experience with the asahi krun after following the gist is that it’s kinda broken out of the box right now. Lina made a lot of their own tweaks to get it working well on that stream. ,t3_1d117dn,0.0003714615595526,1.2793958603651845e-06,2.8203343390487134e-05,6.14143064012751e-05,0.0001043954471242,1.6182857507374138e-05,1.316547059104778e-05,2024-05-27 08:42:13+00:00
AsahiLinux,pontihejo,1717327228.0,Yeah virt-manager definitely works for arm64 linux. I haven't had any luck with arm64 windows though since that's actually bugged in virt-manager.,t1_l6qlh8t,0.0004547294811345,1.504584929534758e-06,3.9776463381713256e-05,7.058876508381218e-05,0.0001063446616171,2.061754457827192e-05,1.6671472621965222e-05,2024-06-02 11:20:28+00:00
AsahiLinux,pontihejo,1717606278.0,I didn't expect to see Vulkan conformance this soon!,t3_1d8rsef,0.0004996948409825,1.388345708619454e-06,3.06575202557724e-05,8.45647300593555e-05,0.0001159097300842,2.7901582143385895e-05,1.6452941054012626e-05,2024-06-05 16:51:18+00:00
AsahiLinux,pontihejo,1717686422.0,If you use linux and swap the keys with the system options then it's no different from a standard keyboard layout,t1_l7dmopn,0.0003722531546372,1.4672021961814607e-06,2.543031587265432e-05,7.55064029362984e-05,9.178568870993332e-05,1.9199829694116488e-05,1.3986254089104476e-05,2024-06-06 15:07:02+00:00
AsahiLinux,pontihejo,1718060665.0,Maybe by using something like this to run linux and access the partitions from MacOS[https://github.com/leifliddy/fedora-macos-vagrant-builder](https://github.com/leifliddy/fedora-macos-vagrant-builder),t3_1dcwugp,0.0005061368574388,1.363060732728627e-06,3.4765893360599875e-05,8.21683497633785e-05,0.0001314660767093,1.8962165995617397e-05,1.4516514056595042e-05,2024-06-10 23:04:25+00:00
AsahiLinux,pontihejo,1718424650.0,"The macbook pro battery is still pretty bad compared to macOS, I get about half the battery life in typical usage while being mindful of screen brightness (about 5 hours vs 10 hours).",t1_l8o56nx,0.0003931115788873,1.480450805502187e-06,2.977768781420309e-05,6.94831323926337e-05,9.772089833859354e-05,1.971793062693905e-05,1.5831463315407746e-05,2024-06-15 04:10:50+00:00
AsahiLinux,pontihejo,1718438204.0,"To get this to work, download the game files through either Steam on Krun+FEX or GOG (running the install script via Krun FEXBash). Unfortunately the game files from depot downloader don't seem to work for this. Go into the game directory and run this line: `SDL_VIDEODRIVER=x11 box64 PapersPlease`",t3_1dgcsze,0.0061155310831964,2.680757643247489e-05,0.0007047571707516,0.0005451932665891,0.0002185462799388,6.074361226637848e-05,0.0055152890272438,2024-06-15 07:56:44+00:00
AsahiLinux,pontihejo,1718443549.0,The setup is simple for FTL. Get a hold of the game files via depot downloader or Steam on Krun+FEX and run \`box64 FTL.amd64\` in the game directory.,t3_1dge41y,0.0004891019780188,2.401396159257274e-06,5.209951996221207e-05,8.617945422884077e-05,7.608738815179095e-05,2.740643139986787e-05,2.514692459953949e-05,2024-06-15 09:25:49+00:00
AsahiLinux,pontihejo,1718463521.0,"Yeah that's fair enough, I haven't done any objective testing so I'm just speaking subjectively here and I should get a more concrete comparison. What are the reliable ways of checking total system power draw on Linux and MacOS?",t1_l8pmd25,0.0004263039445504,1.6262686131085502e-06,3.343270509503782e-05,7.408005330944434e-05,9.49601671891287e-05,2.0945630240021273e-05,1.6450430848635733e-05,2024-06-15 14:58:41+00:00
AsahiLinux,pontihejo,1718463618.0,Nice. It's a unity engine game so that makes sense. I've found that most unity games will work with box64 if there's no steam DRM,t1_l8q2918,0.0004274405073374,1.7948179902305128e-06,3.296610157121904e-05,8.697291923454031e-05,8.342607907252386e-05,2.441205651848577e-05,1.762106694513932e-05,2024-06-15 15:00:18+00:00
AsahiLinux,pontihejo,1718521514.0,"I used the GOG version here. The install script was x86\_64 and needed to be run with krun FEXBash to extract the game files. It runs with this command in the game directory:  `SDL_VIDEODRIVER=x11 box64 Inscryption.x86_64`KDE might not require the SDL\_VIDEODRIVER=x11 variable, but I'm on Hyprland and the game doesn't launch properly without it.",t3_1dh1wv4,0.0006252096500247,3.69500889974006e-06,8.649370283819735e-05,0.0001031113642966,7.462522626155987e-05,3.2388983527198434e-05,4.418561002239585e-05,2024-06-16 07:05:14+00:00
AsahiLinux,pontihejo,1718633394.0,Fedora 40,t1_l8vp500,0.0006535928114317,1.1933221912840963e-06,3.657425622805022e-05,8.345719106728211e-05,0.0001786850043572,1.8242290025227703e-05,1.1963877113885246e-05,2024-06-17 14:09:54+00:00
AsahiLinux,pontihejo,1718793664.0,"Thanks for the help, that worked! I'm glad this works since it makes it way easier to install this for anyone that hasn't set up krun and FEX yet. The extraction is also much faster. For anyone who wants to try this, the exact thing I did was download x86\_64 \`bash\` from the box64 github repo, then ran this command:  \`\`\`BOX64\_BASH=/EXPLICIT/PATH/TO/bash box64 inscryption\_1\_10\_linux\_57447.sh\`\`\`",t1_l96nnzn,0.0119315376505255,3.604833909776062e-05,0.0013707091566175,0.000748903141357,0.0004390591639094,6.778214446967468e-05,0.0105057042092084,2024-06-19 10:41:04+00:00
AsahiLinux,pontihejo,1718793970.0,"Yeah that's the main reason why I've been posting these, I think it's important to show what's already possible on Asahi with box64, since it's a light and easy way to emulate some x86\_64 software. Everything I've posted so far has been OpenGL.",t1_l95wtk0,0.0005135840619914,2.859818550859927e-06,5.771480209659785e-05,8.801062358543277e-05,6.82241516187787e-05,2.53167818300426e-05,2.9442255254252817e-05,2024-06-19 10:46:10+00:00
AsahiLinux,pontihejo,1718797769.0,"This is the version from Steam, and unfortunately it comes with DRM - but there is a workaround. To get this running you need to download the game files from steam either directly via krun+FEX or by using [depot downloader](https://github.com/SteamRE/DepotDownloader) or another computer. The game will not run by itself without something to satisfy the requirements for the Steam client, to do this you will need to download the latest release from [Goldberg Steam Emulator](https://gitlab.com/Mr_Goldberg/goldberg_emulator/-/releases) and put the libsteam\_api.so and steamclient.so files from the repo into the main game directory that contains the Terraria.bin.x86\_64. After that, just run `$ box64 Terraria.bin.x86_64`The game runs at around 60fps (for 4k) and doesn't crash, so it's totally playable.",t3_1djgztz,0.0008148949127644,3.643118361651432e-06,9.352392225991936e-05,0.0001254946546396,0.000118006253615,1.9357481505721807e-05,0.0001210853006341,2024-06-19 11:49:29+00:00
AsahiLinux,pontihejo,1718798785.0,"This is an oldschool dungeon crawler released recently that uses the Unity Engine. Most Unity games will run on Asahi with box64, but can be somewhat buggy. I'm running the GOG version here, so to get that installed and running you need to download the installer then run that with x86\_64 `bash`. You can download `bash` from the [box64 repo](https://github.com/ptitSeb/box64/blob/main/tests/bash). Once you have that, you can run the install script with this command:`BOX64_BASH=/EXPLICIT/PATH/TO/bash box64 demon_lord_reincarnation_1_0_6_1_72006.sh`And then once the game is installed, cd into the game directory and run it with this command`SDL_VIDEODRIVER=x11 box64 Demon\ Lord\ Reincarnation.x86_64` The game has a good framerate and is playable, but it tends to crash after being open for a couple of minutes.",t3_1djgjrq,0.0006571765406988,2.6933364551950945e-06,7.098622154444456e-05,0.0001024400335154,0.0001022913638735,3.00191568385344e-05,3.0687795515405014e-05,2024-06-19 12:06:25+00:00
AsahiLinux,pontihejo,1718800268.0,"It turns out you can run the install script without the container - just box64 and x86\_64 `bash` is enough. You can download `bash` from the [box64 repo](https://github.com/ptitSeb/box64/blob/main/tests/bash). Once you have that, you can run the install script with this command:`BOX64_BASH=/EXPLICIT/PATH/TO/bash box64 papers_please_1_4_11_124_63295.sh`",t1_l8vp500,0.0007720425492152,3.6410237953532487e-06,8.757344767218456e-05,0.0001106763811549,8.698369492776692e-05,3.4172415325883776e-05,3.910327359335497e-05,2024-06-19 12:31:08+00:00
AsahiLinux,pontihejo,1718871481.0,Should just work if you run `sudo dnf install box64` in the terminal,t1_l9ek1z0,0.0006255851476453,2.2534391064255033e-06,5.293102367431857e-05,9.025706822285429e-05,9.392548236064612e-05,3.9938306144904345e-05,2.297598803124856e-05,2024-06-20 08:18:01+00:00
AsahiLinux,pontihejo,1719106457.0,"Yes they do work, but it can be a hassle to set up the container since it's a work in progress and there is a massive performance penalty to using Steam since it needs to run inside the krun container with FEX. With this setup, Steam uses a large amount of RAM and there a problems with VRAM leaking in the container, so when running games you can easily run into system lockup or full system crashes from memory overrun if you have 16GB or less. FEXBash is also way slower than box64 at this stage so games run much faster with far lower CPU and RAM usage if you can run them outside of the container.",t1_l9rtl6m,0.001011905260384,3.965253654314438e-06,9.463833703193814e-05,0.0001722427696222,0.0001268683554371,1.9761284420383163e-05,0.0001356894063064,2024-06-23 01:34:17+00:00
AsahiLinux,pontihejo,1719257063.0,What is the terminal output when you run Terraria with box64?,t1_la0g6th,0.000567841285374,1.4156771612761077e-06,2.8155993277323432e-05,0.0001116538260248,0.0001173644777736,2.5778899725992233e-05,1.4946489500289316e-05,2024-06-24 19:24:23+00:00
AsahiLinux,pontihejo,1719257119.0,"I can't say, I haven't tried multiplayer",t1_l9n3ado,0.0007498661288991,1.8968175936606713e-06,5.1473027269821614e-05,9.477714775130151e-05,0.0001219157638843,3.834763265331276e-05,2.1382134946179576e-05,2024-06-24 19:25:19+00:00
AsahiLinux,pontihejo,1719266071.0,"Terraria runs directly on ARM64? That's news to me, how do you do that exactly?I have no idea about the other game you're trying to run. From what I understand, wine does not work on Asahi due to the 16k pages (will probably never work), so you need to run anything with wine inside krun to get 4k pages. Wine just segfaulted when you tried to run that game with it.Box64 is still hit or miss, at least from my experience on 16k arm64, so maybe you're having bad luck with the games you have tried.",t1_la3gnff,0.0008502520504407,2.5717311018524924e-06,8.354342571692541e-05,9.52393893385306e-05,0.0001154551355284,3.087475124630146e-05,3.3512314985273406e-05,2024-06-24 21:54:31+00:00
AsahiLinux,pontihejo,1719368377.0,"In my non-objective experience, the battery on the m1 pro will drain up to twice as fast on Asahi browsing the web and doing other light/medium stuff compared to MacOS, even with the keyboard and screen brightness low.",t3_1doiix1,0.0004781274765264,1.6213842854995164e-06,3.369172918610275e-05,7.754039688734338e-05,0.0001098617940442,2.5219982489943504e-05,1.796651486074552e-05,2024-06-26 02:19:37+00:00
AsahiLinux,pontihejo,1723209799.0,That issue has been closed and it looks like it could be some kind of bug with the Asahi driver. Has this been reported anywhere on the Asahi repos?,t1_lh8rxm2,0.0005810587317682,1.4781976460653825e-06,3.8701979065081105e-05,7.346618076553568e-05,0.0001256126997759,2.366573244216852e-05,1.8088958313455805e-05,2024-08-09 13:23:19+00:00
AsahiLinux,pontihejo,1723403838.0,The problem was that that Apple never released M3 Mac Minis which are needed for CI while working on M3 support.,t1_lhm8umc,0.0004702348087448,1.8138855466531825e-06,3.8917671190574765e-05,7.467704563168809e-05,9.715865598991512e-05,2.34666822507279e-05,1.790159149095416e-05,2024-08-11 19:17:18+00:00
AsahiLinux,pontihejo,1723743371.0,"Lutris and Wine won't run natively on Asahi Linux because it's running on ARM64. You need a translation layer (fast emulation) to use any x86 software properly.This is a guide for setting up something that can run x86 software (similar to Apple's Rosetta):  [https://gist.github.com/teohhanhui/042a395010d9946ceee14768736e3780](https://gist.github.com/teohhanhui/042a395010d9946ceee14768736e3780)It's all very experimental and not officially supported for now, so this is only something you should try if you're feeling very motivated to work through technical problems on your own.",t3_1et0yfq,0.0005307943210937,1.8986980876434243e-06,4.742109013022855e-05,7.919511699583381e-05,9.86557934083976e-05,2.053048592642881e-05,2.148654493794311e-05,2024-08-15 17:36:11+00:00
AsahiLinux,pontihejo,1723752336.0,"It's a very complicated problem to solve elegantly, so there's no way of knowing when an officially distributed solution will come. It wouldn't hurt to give the WIP emulator a go, then you can see if it works for your software and decide if the complexity is worth it for your particular interests.",t1_lia6k8h,0.000420908909291,1.477784849157615e-06,3.092410770477727e-05,6.975360156502575e-05,9.805207810131832e-05,1.8793551134876907e-05,1.474947202950716e-05,2024-08-15 20:05:36+00:00
AsahiLinux,pontihejo,1724221917.0,"The official client only supports x86\_64 Linux, so you need to use the web app or an open source client that works on arm64",t1_lj1yxjo,0.0004894653102383,2.240068852188415e-06,4.361604078439995e-05,8.868113218341023e-05,7.933835877338424e-05,2.204092379542999e-05,2.5451350666116923e-05,2024-08-21 06:31:57+00:00
AsahiLinux,pontihejo,1724221994.0,I'm pretty sure you can just ignore it an enter your credentials in spite of the warning spam,t1_lizlspd,0.0099106281995773,4.163971425441559e-06,0.0002261407207697,0.0003315866924822,0.0013668745523318,0.0001949012075783,0.0001013626169878,2024-08-21 06:33:14+00:00
AsahiLinux,pontihejo,1724373228.0,"Hollow Knight gets great performance, I'm on an M1 Pro and I get a steady 60fps at 4k from what I've played so far. This is the GOG edition and you need to force OpenGL to get it to run. Once you have downloaded it from GOG, use this command to run the interactive install script (you can also just unzip if directly if you want).    BOX64_BASH=/EXPLICIT/PATH/TO/bash box64 hollow_knight_1_5_78_11833_51218.sh(`bash` here refers to x86\_64 bash, you can get it from the box64 repo's [test files](https://github.com/ptitSeb/box64/blob/main/tests/bash))Once you have it installed, go to the Hollow Knight install directory and edit the ""start.sh"" file. Delete the following line:    ./""Hollow Knight""and replace it with    SDL_VIDEODRIVER=x11 box64 Hollow\ Knight -force-openglAfter that, you should be able to just run it from that script or the program shortcuts made when you ran the install script. (You can also just run the line above when you're in the directory with the Hollow Knight binary).  The whole file should look like this. I added the Gallium hud variable so I can see what sort of framerate I'm getting    #!/bin/bash    # GOG.com (www.gog.com)    # Game        # Initialization    CURRENT_DIR=""$( cd ""$( dirname ""${BASH_SOURCE[0]}"" )"" && pwd )""    cd ""${CURRENT_DIR}""    source support/gog_com.shlib        # Game info    GAME_NAME=""$(get_gameinfo 1)""    VERSION=""$(get_gameinfo 2)""    VERSION_DEV=""$(get_gameinfo 3)""        # Actions    run_game() {    echo ""Running ${GAME_NAME}""    cd ""${CURRENT_DIR}/game""    chmod +x *    GALLIUM_HUD=.w80.h80cpu+fps SDL_VIDEODRIVER=x11 box64 Hollow\ Knight -force-opengl        }    default() {    run_game    }        # Options    define_option ""-s"" ""--start"" ""start ${GAME_NAME}"" ""run_game"" ""$@""        # Defaults    standard_options ""$@""",t3_1eyz5jr,0.0022332740481942,1.7866883354145102e-05,0.0004498554626479,0.0002830798330251,0.0001371232792735,7.018027827143669e-05,0.0002793893509078,2024-08-23 00:33:48+00:00
AsahiLinux,pontihejo,1724388830.0,"It has been possible to use Ryujinx on Asahi for a while now, but I have only just started playing around with it. Turns out there are quite a few games that are playable with this emulator. I'm using an M1 Pro for reference, and all the games seem to be GPU-bound rather than CPU-bound. I stick to 1080p all the games here, and I didn't encounter any game-breaking bugs.Portal 2 is fairly playable, the framerate stays between 30 and 60. I was able to test it in Krun+FEX a while ago and the performance was much better there. It was running at 4k 60fps with most of the settings maxxed out, which bodes well for when that translation layer is officially released. From the other games I tested it was all a lot more CPU-bound and the whole setup was rather demanding on RAM.Dark Souls is a bit too slow to be considered playable, fps stays between 10 and 30 but something about that felt a bit nostalgic so I beat the Gargoyles like that anyway.The Binding of Isaac runs perfectly at 60fps, it feels native. Repentance works too if you have it.Cuphead runs perfectly, 60fps. Same as Isaac.Return of the Obra Dinn is playable, it stays between 40 and 60fps.Hades is playable, it's runs close to 60fps, but it does have frame drops when there's stuff going on.Undertale runs perfectly.",t3_1ez40rd,0.0009661618387326,3.5678635867952835e-06,0.0002009202435147,9.327250154456124e-05,0.000176061730599,2.2138501662993804e-05,7.77438617660664e-05,2024-08-23 04:53:50+00:00
AsahiLinux,pontihejo,1724393210.0,"Yeah, but these are just games I'm interested in. I did try Breath of the Wild but it had game-breaking texture bugs that made everything textureless. It also ran at 15-30fps... If I try some other Nintendo games I will post about it",t1_lji47ix,0.0005676834844052,2.7511109692568425e-06,6.262760871322826e-05,8.558146510040388e-05,7.38096350687556e-05,3.509336238494143e-05,3.0959163268562406e-05,2024-08-23 06:06:50+00:00
AsahiLinux,pontihejo,1724399334.0,"I don't know of a way to get native keyboard and mouse input, but you can remap things to switch inputs. I have just used a controller so far for simplicity.",t1_ljid1bl,0.0005344013916328,2.0784855223610066e-06,4.312009332352318e-05,7.705258758505806e-05,8.801557851256803e-05,2.8241347536095415e-05,2.4821512852213345e-05,2024-08-23 07:48:54+00:00
AsahiLinux,pontihejo,1724449066.0,"I'm glad this was even possible, since Lightroom is something that I have sorely missed after switching to Asahi. Unfortunately the performance is very poor and there are too many bugs with this at the moment to be usable. Trying to access the develop tab or several other functions causes Lightroom to crash. I've set this up on x86\_64 Linux before and it didn't crash in this way, so it's probably as issue with this setup - either some missing dependencies or something inherent to the VM and hardware configuration. I'd be happy to provide error logs for anyone who would like to troubleshoot or fix bugs. The setup is also RAM hungry and caused several complete lockups that I had to force shutdown from.The way I got this to work was by first installing the whole Krun+FEX system including the optional box64 and wine wow64 parts from [Teohanhui's guide](https://gist.github.com/teohhanhui/042a395010d9946ceee14768736e3780). Once I had done that, I got an unpacked installation folder of Lightroom containing all its libraries, resources, and the executable. I then prepared the wine prefix by running box64 bash in krun (`$ distrobox-enter asahi-krun`) and then doing running  `$ WINEPREFIX=~/.wine/lightroom winecfg` so I could make wine produce a virtual desktop which was set to match the resolution and DPI of my screen. If you don't do that, it won't be possible to interact with drop-down menus. After that, while still in box64 bash I ran Lightroom by running this     $ WINEPREFIX=~/.wine/lightroomclassic/ ~/.local/share/asahi-krun/box64-sysroot/usr/bin/wine64 ~/software/lightroom/lightroom-11/products/LTRM/AdobeLightroom-mul/1/Adobe\ Lightroom\ Classic/Lightroom.exeThis crashed, but revealed some missing DLLs. I tried to use winetricks to install `vcrun2019 vcrun2012 vcrun2013 vcrun2010 fontsmooth=rgb gdiplus msxml3 msxml6 atmlib corefonts` which would have covered everything, but no matter what I tried it just wouldn't work. So I manually downloaded DLLs I saw in the errors: `d2d1.dll d3d10_1.dll d3d10_1core.dll d3d11.dll dxgi.dll mfc140u.dll`I then copied the DLLs into the following path of the unpacked Lightroom files: `lightroom-11/products/LTRM/AdobeLightroom-mul/1/Adobe\ Lightroom\ Classic/Lightroom.exe`  I think the main thing is that the DLLs are in the same folder as Lightroom.exeWith that done, it should run without crashing straight away. You can import photos, export photos, generate previews, and a few other things, but if you try to do fun stuff like load your own catalog it just crashes. The whole thing is demanding and unstable so hopefully I can figure out ways to deal with that so I can actually use it.",t3_1eznlpu,0.0025317217223346,1.342827090411447e-05,0.0004282343725208,0.000265722599579,0.0001815499563235,6.058660437702201e-05,0.0002527912147343,2024-08-23 21:37:46+00:00
AsahiLinux,pontihejo,1724511040.0,Maybe the GUI but the actual photos looked okay to me. The images on the screenshot are just edited jpg exports I had lying around. I loaded some raw files and they seemed about right. There’s no proper HDR yet on Linux so that’s obviously a drawback. I’m not a colour accuracy guy so I’m not hyperaware of the differences really.,t1_ljo949h,0.000560606829822,2.595779960756772e-06,8.597170381108299e-05,0.0001006507300189,0.0001253763621207,3.2440544600831345e-05,1.9703174984897487e-05,2024-08-24 14:50:40+00:00
AsahiLinux,pontihejo,1724511516.0,HDR is not supported on Linux in general (except for some experimental cases) let alone Asahi so from the outset you can’t get super accurate colours yet. I’m not sure whether additional updates to the display and gpu drivers will be needed to support that once it’s available. ,t1_ljon9l3,0.000407592364354,1.4153517895465484e-06,2.9638213163707405e-05,7.3977695137728e-05,0.0001001454293145,2.002146720769815e-05,1.380286630592309e-05,2024-08-24 14:58:36+00:00
AsahiLinux,pontihejo,1724526583.0,"Fair enough, lack of HDR is pretty disappointing. I'm usually using an external monitor so it's 60Hz anyway, but I have been craving that 120hz/VRR for a long time now...",t1_ljpri22,0.0003696315689012,1.413757217960665e-06,2.7606998628471047e-05,6.694282637909055e-05,9.466795017942786e-05,1.7320144252153113e-05,1.4032774743100164e-05,2024-08-24 19:09:43+00:00
AsahiLinux,pontihejo,1724572419.0,"There is some experimental support for audio over HDMI. It was enabled by default a while ago when it was added, but it was a bit too buggy so now it's disabled by default and needs a boot parameter changed to enable it. I can't remember what it is, but someone might post it here if we're lucky.",t3_1f0r5fd,0.000425447768066,1.4518287798637175e-06,3.0919949495000765e-05,6.561432383023202e-05,0.0001006062084343,1.855081063695252e-05,1.7564090740052052e-05,2024-08-25 07:53:39+00:00
AsahiLinux,pontihejo,1725153597.0,"Sublime text works. Download the arm64 archive [here](https://www.sublimetext.com/download_thanks?target=arm-tar), extract it then run the sublime\_text binary. It just worked when I tried it now. What other software are you trying to use?",t1_lkwen3z,0.0005387951387092,1.6445787878183182e-06,3.971069963881746e-05,7.68825993873179e-05,0.0001029810591717,2.0625468096113764e-05,1.8304624973097816e-05,2024-09-01 01:19:57+00:00
AsahiLinux,pontihejo,1725153774.0,The current version of Hyprland from the main fedora repo has a major bug for version 42.0 on Asahi (this should be fixed in the next tagged release). If you install version 41.2 it should work fine.,t1_lkvqlnh,0.0004808389348909,2.7489077183417976e-06,5.305387094267644e-05,8.474352944176644e-05,6.620986823691055e-05,2.615405355754774e-05,2.5334727979497984e-05,2024-09-01 01:22:54+00:00
AsahiLinux,pontihejo,1725154090.0,It wasn't possible for the asahi devs to continue using Arch Linux ARM because it was pretty much maintained by one guy who couldn't keep it working reliably. There were issues with broken packages and it made it too flaky to develop and push the new drivers. Fedora is much better maintained ecosystem for ARM so the switch needed to happen.,t1_lkv8ruy,0.0005452797631733,2.3081297513272148e-06,7.379745511570945e-05,9.686735575087368e-05,0.0001480815553804,3.976163134211674e-05,1.7551534256199375e-05,2024-09-01 01:28:10+00:00
AsahiLinux,pontihejo,1725429667.0,"Option 3 is not a bad idea, HFS+ is probably the best choice (though it mounts read-only if you don't shutdown cleanly). It will let you share a partition between the two OSes, which is convenient.  You have a small partition and if you plan to only use Asahi it's probably best to wipe it and install it again with a much bigger storage allocation. If you decide to do this, be very careful that you don't delete the wrong partitions or containers, because you might break something and need to DFU restore.",t3_1f8kw71,0.0006200954085215,2.1790463051729603e-06,5.5092008551582694e-05,7.194680074462667e-05,0.0001002474746201,3.105091309407726e-05,2.547602343838662e-05,2024-09-04 06:01:07+00:00
AsahiLinux,pontihejo,1725482176.0,"Besides trying to install things like wine or run x86 software in general, Asahi is a decent starting point now that most of the critical drivers are in place and I wouldn't worry about setting up VMs or anything like that, since the headaches will come from the availability of ARM software and that will be no different in a VM. Asahi has some pretty sane defaults (assuming you went with the standard KDE install), and Fedora is also a balanced distro in terms of software availability since you have access to COPR and flatpaks.Just keep at it and you'll figure things out",t3_1f9176g,0.0004513988678809,1.6113370975290309e-06,4.17787377955392e-05,6.356582161970437e-05,0.0001029664417728,1.9185570636182092e-05,1.71810661413474e-05,2024-09-04 20:36:16+00:00
AsahiLinux,pontihejo,1725620318.0,What x86\_64 software do you want to use on Asahi? It may be possible with box64 or the krun translation system,t3_1fa5a94,0.0007562433020211,3.3630744837864768e-06,7.369450031546876e-05,0.0001223014114657,7.798457954777405e-05,2.913921343861148e-05,3.9556492993142456e-05,2024-09-06 10:58:38+00:00
AsahiLinux,pontihejo,1726243094.0,Can you change to another TTY or is it completely locked up?,t1_lmxlb27,0.0551183596253395,3.517689401633106e-05,0.0028305733576416,0.000815151608549,0.0028433746192604,0.000304643792333,0.013794831931591,2024-09-13 15:58:14+00:00
AsahiLinux,pontihejo,1726330690.0,"FEX isn't faster, box64 has the advantage of wrapping native libraries where it can and emulating x86 libraries when it has to. From what I understand, FEX emulates everything, so it tends to be slower but it has higher accuracy/comptability. Many binaries don't work with box64 (including all 32bit x86 software), but most binaries do work with FEX.",t1_ln086mt,0.0025464927311986,9.572776434652042e-06,0.000247116695391,0.0004516730259638,0.0001963461982086,2.7968690119450912e-05,0.000697063806001,2024-09-14 16:18:10+00:00
AsahiLinux,pontihejo,1726413093.0,"1. Yes.2. No, Asahi is strictly for M-series Macs",t3_1fheqpt,0.0003993219579569,1.3791532182949595e-06,2.826562376867514e-05,7.50854960642755e-05,0.0001012029606499,1.8479933714843355e-05,1.2316038009885231e-05,2024-09-15 15:11:33+00:00
AsahiLinux,pontihejo,1726414261.0,Thanks for the correction. I haven't seen a newer comparison and Box64 still seems faster in my own experience. Just tried running Amnesia the dark descent on both and box64 was faster (FEX gets \~10-40fps vs box64's \~20-60fps for the same settings). It would be nice to see a new objective comparison between the two.,t1_ln45de2,0.0004405136569403,1.7271910337512963e-06,3.821697464445606e-05,8.664213237352669e-05,9.285620035370812e-05,1.9737139155040495e-05,2.035549550782889e-05,2024-09-15 15:31:01+00:00
AsahiLinux,pontihejo,1726414479.0,"Thanks for the explanation, I didn't understand that they were unrelated.",t1_ljuasv5,0.0003585287195164,1.2360563914626257e-06,2.1240255591692403e-05,7.463326619472355e-05,9.576312004355714e-05,1.6598214642726816e-05,1.1554418961168269e-05,2024-09-15 15:34:39+00:00
AsahiLinux,pontihejo,1726580046.0,Can you switch to another TTY?,t1_lnk86vw,0.1237918063998222,8.155283285304904e-05,0.0173590313643217,0.0007267686887644,0.0118739763274788,0.0003741862019523,0.0443630442023277,2024-09-17 13:34:06+00:00
AsahiLinux,pontihejo,1726604502.0,Is this connected via HDMI? What model is your monitor?,t3_1fj9e5f,0.000479015201563,1.3811801409246982e-06,2.6267307475791313e-05,7.798064325470477e-05,0.0001110853554564,2.3846450858400203e-05,1.469743438065052e-05,2024-09-17 20:21:42+00:00
AsahiLinux,pontihejo,1726793157.0,"OpenCL is not supported yet, unfortunately.",t3_1fkog1a,0.0004002379428129,1.2930814818901126e-06,2.2467640519607812e-05,7.61238916311413e-05,0.0001022930227918,1.7729840692481957e-05,1.1670121239149012e-05,2024-09-20 00:45:57+00:00
AsahiLinux,pontihejo,1726807623.0,Very interesting to see that this is actually possible with 16k pagesize. I'd be curious to know if this gets box64 a bit closer running wine (regular wine or with wow64) on Asahi without krun,t3_1fkrdu9,0.000448162201792,1.9676754163810983e-06,4.244629963068291e-05,7.803628250258043e-05,8.368775161216035e-05,2.1308036593836732e-05,2.157355993404053e-05,2024-09-20 04:47:03+00:00
AsahiLinux,pontihejo,1726930773.0,Everything has improved since that time. It's best that you install and test it yourself to see if the performance is sufficient for your needs. I just installed IntelliJ and it seems to run fine (m1 pro),t3_1fm408g,0.0005060061230324,1.799406049940444e-06,4.110160080017522e-05,6.736515933880582e-05,0.000100346369436,2.829288860084489e-05,2.070836490020156e-05,2024-09-21 14:59:33+00:00
AsahiLinux,pontihejo,1726968473.0,"Asahi has come a long way and a lot of effort has gone into making the user experience on a fresh install good. I think you would find that these are very good laptops for Linux now despite the fact that it's a reverse engineered project, for example the level of OpenGL conformance is higher than Apple's native support for OpenGL (4.6 on asahi vs 4.1 on MacOS) as well as Honeykrisp, the upcoming Vulkan 1.3 driver. Barring some pain points from the few drivers that still need to be implemented and lack of straighforward x86 support (FEX+krun is planned as a Rosetta equivalent), it's definitely worth trying Asahi first before buying a framework laptop. The performance is great on the M1 Pro, it's what I currently use.To address your points:* Notes are not an issue, popular notes apps like Obsidian work* Slack is not available for aarch64 Linux as an application, but will work in the browser (Slack is an Electron app anyway)* Brave is available for aarch64 Linux* Spotify's application is not available on aarch64 Linux, but you can use the web app once after running widevine-installer, or by using custom spotify clients like ncspot* Kitty works perfectly, it is natively supported. Vim naturally works as well. IntelliJ works if you want a full IDE* Not sure if airpods will work perfectly but there are working bluetooth drivers* The webcam works* Cosmic should work fine, it is available from the ryanabx/cosmic-epoch COPRIt's worth noting that USB-C video out doesn't work yet (this includes USB-C adapted to HDMI), but HDMI out on Pro or Max models will work. Also battery life is not great for Pro or Max (In my experience 4-5 hours light use on 20% screen brightness), but that will hopefully be addressed at some point.",t3_1fm99wk,0.0004288567288313,2.7282183054921916e-06,5.6349963415414095e-05,9.68380772974342e-05,8.876886568032205e-05,1.7201247828779742e-05,2.4407539967796765e-05,2024-09-22 01:27:53+00:00
AsahiLinux,pontihejo,1727010767.0,"Unfortunately, battery is considerably worse on Asahi, especially for Pro and Max models. Hopefully this improves more in the future.",t3_1fmp81q,0.0004105850239284,1.3438674386634375e-06,2.507202407286968e-05,8.116329263430089e-05,0.0001032955915434,1.9264480215497315e-05,1.3941031284048222e-05,2024-09-22 13:12:47+00:00
AsahiLinux,pontihejo,1727061159.0,I hope we will eventually see a native ARM64 Linux version of steam. Running the steam client inside krun+FEX is heavy and prone to crashes (at least in my experience on 16GB of RAM).,t3_1fmxlux,0.0005531141068786,2.07173115995829e-06,4.2502728319959715e-05,9.301128011429682e-05,8.993265510071069e-05,2.5887542506097816e-05,2.9823413569829427e-05,2024-09-23 03:12:39+00:00
AsahiLinux,pontihejo,1727082882.0,"There is something different about how the power management of the CPU so it ends up drawing considerably more power than regular M1/2. I can't really recall the details but regular M1s have been known to get more than 10 hours on Asahi, but I've never even come close to that on the M1 pro",t1_lohvuzg,0.0003725416027009,1.3935136848886032e-06,2.997270348714665e-05,6.64276085444726e-05,9.9165401479695e-05,1.7128470062743872e-05,1.3922218386142047e-05,2024-09-23 09:14:42+00:00
AsahiLinux,pontihejo,1727103389.0,"I've been surprised how well this runs! It gets around 30fps at 4k and about 40-60fps at 1440p on the M1 pro.Building RPCS3 is the tricky part at the moment, but it's not too hard:    #dependencies    sudo dnf --skip-broken install alsa-lib-devel cmake glew glew-devel libatomic libevdev-devel libudev-devel openal-devel qt6-qtbase-devel qt6-qtbase-private-devel vulkan-devel qt6-qtmultimedia-devel qt6-qtsvg-devel vulkan-validation-layers-devel vulkan-tools mesa-vulkan-drivers        #clone the project    git clone https://github.com/RPCS3/rpcs3.git    cd rpcs3    git submodule update --init    cd ..        #building    mkdir rpcs3_build    cd rpcs3_build    cmake -Wno-dev -S ../rpcs3 build -DCMAKE_BUILD_TYPE=Release  -DBUILD_LLVM=OFF -DLLVM_DIR=~/builder/llvm_build -DUSE_NATIVE_INSTRUCTIONS=OFF -DLLVM_TARGETS_TO_BUILD=AArch64 -DUSE_SYSTEM_CURL=ON -DUSE_SYSTEM_FFMPEG=ON    make -C build -j10        #installing    sudo make installAfter that's built, the setup is completely standard. Download and load the PS3 firmware, then open the dumped game disk.",t3_1fnm81b,0.0329927615821361,7.040221680654213e-05,0.0062107117846608,0.0008878171793185,0.0012615786399692,0.000409725238569,0.0026129656471312,2024-09-23 14:56:29+00:00
AsahiLinux,pontihejo,1727150696.0,"You're absolutely right, I overlooked that. I took the build flags from a github issue thread and I don't even have that directory lolI'll edit my post to reflect those changes",t1_lolv13k,0.0005012650508433,2.333976908630575e-06,4.863265712629072e-05,7.285795436473563e-05,7.613434718223289e-05,2.608187060104683e-05,2.1899957573623396e-05,2024-09-24 04:04:56+00:00
AsahiLinux,pontihejo,1727150866.0,"If you make sure that renderer is set to OpenGL, run the game at the native framerate (720p), and close any RAM hogs, I would thing it would still give you something playable on the standard M1. If you have already done that then that's pretty unfortunate",t1_lomawsq,0.0308477878570556,8.693456948094536e-06,0.0022905280347913,0.0003505530185066,0.0185440089553594,7.872594142099842e-05,0.0002067035093205,2024-09-24 04:07:46+00:00
AsahiLinux,pontihejo,1727159756.0,Very cool to see 32bit software working on Asahi with box64. What kind of hacks have you used to get this working?,t3_1fnkkj1,0.000944354571402,2.828927790687885e-06,0.0001032644649967,7.527748675784096e-05,0.000122495504911,3.6830570024903864e-05,4.3916421418543905e-05,2024-09-24 06:35:56+00:00
AsahiLinux,pontihejo,1728079674.0,Linux can definitely support that kind of thing but it depends on what dongle you have. You might need to install packages or build and install driver from source for your dongle if it's not already in the kernel.,t3_1fwagfa,0.0009741028188727,2.6401651211926942e-06,0.0001232801441801,8.215080015361309e-05,0.0001760657614795,3.952335100620985e-05,4.686140164267272e-05,2024-10-04 22:07:54+00:00
AsahiLinux,pontihejo,1728625215.0,This fixed it for me as well.,t1_lrd897l,0.0003926183271687,1.6280081354125286e-06,3.93785085179843e-05,5.655868517351337e-05,8.95249322638847e-05,2.0033574401168153e-05,1.5556857761112042e-05,2024-10-11 05:40:15+00:00
AsahiLinux,pontihejo,1728776990.0,"This is fantastic to see Muvm being shipped as a package. This is the inflection point for x86 emulation on these systems, since it’s now a coherent piece of software that’s much more practical for the devs to debug and add features to.I see this as just the beginning. ",t3_1g1x9zx,0.0003818095428869,1.552891944811563e-06,3.0883496947353706e-05,6.832434883108363e-05,9.047490311786532e-05,1.8849425032385625e-05,1.4610565813200084e-05,2024-10-12 23:49:50+00:00
AsahiLinux,pontihejo,1728814307.0,"Just keep the first option selected and continue restarting steam, it should fix itself",t3_1g2b5rv,0.0005223990883678,1.510022912043496e-06,2.7660837076837197e-05,7.985251431819052e-05,0.0001118205836974,3.174134690198116e-05,1.670043457124848e-05,2024-10-13 10:11:47+00:00
AsahiLinux,pontihejo,1728816909.0,This might be caused by limited memory. How much ram do you have and are you running anything else?,t3_1g1xy2b,0.0225424505770206,4.219073616695823e-06,0.0002307655522599,0.0003730119206011,0.0081880800426006,0.0001050299906637,0.0002042650739895,2024-10-13 10:55:09+00:00
AsahiLinux,pontihejo,1728903032.0,"I have successfully set this up, you should use [shairport-sync](https://github.com/mikebrady/shairport-sync). The basic setup is to set up the config to run it with the pipewire backend, open the right ports (listed on the [troubleshooting doc](https://github.com/mikebrady/shairport-sync/blob/master/TROUBLESHOOTING.md#wifi-adapter-running-in-power-saving--low-power-mode) - make sure you use firewalld since asahi is on fedora), and run the shairport systemd service.  The documentation is good so you should be able to work through any issues you might run into, since this could be tricky to set up depending on what your configuration is.",t3_1g35g2a,0.0005350426072254,1.590706460774527e-06,4.123484541196376e-05,8.152694499585778e-05,0.0001367953373119,2.42930582317058e-05,1.5789095414220355e-05,2024-10-14 10:50:32+00:00
AsahiLinux,pontihejo,1729682699.0,"Ah, forgive my terrible reading comprehension. Glad you managed to get it working!",t1_lrwegi0,0.0052517969161272,4.209773123875493e-06,0.0003056958375964,0.0001713567180559,0.0006744173588231,0.0001411082921549,0.0001094396866392,2024-10-23 11:24:59+00:00
AsahiLinux,pontihejo,1730085906.0,You could check if the muvm process is running to see if it's being emulated.,t1_lu3y01o,0.000381526624551,1.3750635616815998e-06,2.2841499230707996e-05,8.440199599135667e-05,9.707022400107236e-05,2.0684719856944863e-05,1.3100820069666952e-05,2024-10-28 03:25:06+00:00
AsahiLinux,pontihejo,1730398652.0,"Make sure you get at least 16GB of ram. I would honestly recommend getting 32GB or more because VRAM and RAM are shared on these systems, and you need a lot of it if you want to make the most of these systems - especially MuVM x86 emulation.",t3_1ggcnib,0.0006137701566331,2.3129753117245855e-06,5.244546264293603e-05,9.232688171323387e-05,9.283672261517496e-05,3.079212547163479e-05,2.507604040147271e-05,2024-10-31 18:17:32+00:00
AsahiLinux,pontihejo,1730530781.0,"I personally prefer Linux because of the software freedom that exists and the control I have over basic functionality like desktop environments or system services. I prefer to use a tiling window manager and these are not available for MacOS besides close imitations like Yabai or Amethyst. Window rules, workspace rules, and keybindings form the basis of how I organise all the windowed software that I like to use. Because of this, MacOS can feel more tedious and inflexible for me to use on that front. That said, there is a lot more troubleshooting that comes with Linux compared to MacOS but I accept that and even enjoy it on some level.As you're aware, the hardware support is not at parity with MacOS at this stage since battery performance is still inferior and certain features like USB-C, microphone, and 120Hz/VRR are not supported yet. That being said, I believe these will all eventually be supported or be close to what's provided by MacOS. Combine this with robust x86 support once MuVM is mature will mean that Asahi will be a very compelling option for users that feel better served by Linux than MacOS.From a hardware perspective, Asahi means that Linux users can benefit from the same hardware/software integration benefits that Apple users get, which is high quality hardware and that the OS is deployed on consistent hardware. This makes it possible for more polished support and tailored troubleshooting to be provided without the level of fragmentation that exists with other hardware vendors for Windows/Linux PCs. I believe this will lead to a better-integrated Linux experience long-term. We are arguably at the point where the experience of Linux on ARM is already much better on Asahi compared to windows ARM laptops where the hardware may already have linux drivers available without reverse engineering.As other commenters have also pointed out, Asahi allows for long term support of Apple M-series hardware. As we are already seeing, the M1 devices are already showing great longevity as they still perform well for the demands of users today, four years on. This suggests that in 10 years, M1 laptops or minis will be cheap good value hardware, and assuming the Asahi project is still active, will have up-to-date Linux support.But with all that said, if the user doesn't prefer Linux to MacOS in the first place, that's a completely different discussion and Asahi is probably not for that kind of user.",t3_1gh41fb,0.0004115062474738,2.395654746578657e-06,4.779550727107562e-05,8.751976565690711e-05,9.034144750330596e-05,1.638748472032603e-05,2.079948717437219e-05,2024-11-02 06:59:41+00:00
AsahiLinux,pontihejo,1730576888.0,"I'd also be curious to know how to directly run appimages in MuVM. If you extract it (i.e $ ZenBrowser.AppImage --appimage-extract), it might work if you try to execute the AppRun script or some binary in the unpacked image.",t3_1gi4jlj,0.0004427898093126,2.1894220481044613e-06,4.401939804665744e-05,8.098231046460569e-05,7.74385771364905e-05,2.255152867292054e-05,2.2121492293081246e-05,2024-11-02 19:48:08+00:00
AsahiLinux,pontihejo,1730580648.0,"That command will definitely work if you point it at the correct file.I've just tried this for myself with the appimage download from the zen browser website. If you run `muvm -- FEXBash` then inside the FEXBash shell run exactly `cd /home/heinzketchup/.local/share/AppImage`  and then `./ZenBrowser.AppImage --appimage-extract` and it should create a folder called squashfs-root, which will have a binary called zen-bin. It runs for me when I tried it",t1_lv2k5sc,0.0007958065252751,3.760681011044653e-06,0.0001036700705299,0.0001340682501904,0.0001058928464772,2.3936425350257196e-05,5.675573265762068e-05,2024-11-02 20:50:48+00:00
AsahiLinux,pontihejo,1730588163.0,That's working now! Thank you,t1_lv2et23,0.0004135283234063,1.4028275927557845e-06,3.0132649044389836e-05,6.56909542158246e-05,9.726536518428476e-05,2.0059900634805672e-05,1.3647500054503324e-05,2024-11-02 22:56:03+00:00
AsahiLinux,pontihejo,1730688799.0,The macbook pros get this kind of battery life on Asahi. I have the M1 pro and it's about the same with the kind of usage you describe. Disabling certain system services like the file indexer on KDE (baloo) might improve your battery life a little though.There is an incomplete understanding of how the power is managed on the Pros so the improvements needed to reach parity with MacOS battery life have eluded the developers so far. It's a known issue and it's being worked on. Battery has improved a lot from when the project started where it was more like 3 or 4 hours on the Pros.,t3_1gj27fn,0.0003711028257384,1.3601794535134104e-06,2.9562532290583476e-05,6.40208600088954e-05,0.0001013961591525,1.699164386081975e-05,1.3369377484195866e-05,2024-11-04 02:53:19+00:00
AsahiLinux,pontihejo,1730689612.0,Will this root mode in muvm allow users to install packages (maybe as some kind of layer on top of the default rootfs image)? An issue I'm frequently encountering when trying to run software in muvm is missing libraries. Manually obtaining the x86\_64 packages and setting the library path variables is tedious so it would be nice to have a managed way of doing that.,t1_lv2edzc,0.0004408228269312,1.8349101083003916e-06,4.279919448890723e-05,7.034731970634311e-05,8.494369831169024e-05,1.96325945580611e-05,1.798502853489481e-05,2024-11-04 03:06:52+00:00
AsahiLinux,pontihejo,1730728741.0,"Asahi uses Fedora now, so packages are managed through `dnf` rather than `pacman`. A long time ago, you would have needed the edge kernel to get the new features, but now everything new is distributed on one standard install, so it has everything already.",t1_lvcdu96,0.0003502299950923,1.34743652324687e-06,2.9326971343834884e-05,6.503226177301258e-05,9.002085425890982e-05,1.6629363017273135e-05,1.202954717882676e-05,2024-11-04 13:59:01+00:00
AsahiLinux,pontihejo,1730729360.0,The only way I can see you getting 10 hours from a full battery is if you sit on the desktop with under 5% cpu utilisation and absolute minimum screen brightness. On MacOS you could probably get 10 hours without even trying,t1_lvbfz75,0.0004884739173576,1.6243077425315278e-06,3.575878145056777e-05,7.529435970354825e-05,0.0001049220882123,2.5246334189432673e-05,1.7594804376130924e-05,2024-11-04 14:09:20+00:00
AsahiLinux,pontihejo,1730731842.0,"I have the 10 core M1 pro, my light usage is consistently around 4-10% CPU load, so I don't believe there are any programs hogging power. I have never come close to getting over 10 hours on Asahi and I've used it for most of the life of the laptop so I'm doubtful that it's from battery degradation and I have seen others with M1 pros report similar battery experiences in these discussions. I'd love to know what's different with your configuration to produce such a dramatic difference",t1_lvcq5x9,0.0003835665120277,1.505011255176214e-06,3.4522105124779046e-05,6.108633533585817e-05,9.839086123974994e-05,1.912341031129472e-05,1.501168662798591e-05,2024-11-04 14:50:42+00:00
AsahiLinux,pontihejo,1731140883.0,"I'm pretty sure the minimum for MacOS is 38GB. MacOS will use this partition for everything, including swap memory, so it helps to have more of this if you expect that you're going to put a lot of pressure on the memory. 50GB should be okay if you're not going to use a lot of swap or install many apps, maybe 75GB or more if you will. I used 100GB MacOS partition with 16GB RAM where I would use Lightroom and a browser and would encounter a lot of memory pressure issues, and that would have built up to the equivalent of a 32GB+ RAM&VRAM load I think.If you need to use certain files on both operating systems, you can create an HFS+ or exFAT partition that can be accessed on Linux and MacOS. This allows you to use a smaller MacOS partition that's just for system files, swap, and application files while the rest of the storage can be shared or used for Linux. exFAT is less corruption safe and does not support permissions but always mounts without issues, HFS supports permissions and is less prone to corruption but won't mount on Linux after you have an unclean shutdown on Linux or MacOS.",t3_1gn5av5,0.000521169102285,1.71869771747879e-06,4.3394869862822816e-05,7.358663424383849e-05,0.0001172866177512,1.972187965293415e-05,2.1015137463109568e-05,2024-11-09 08:28:03+00:00
AsahiLinux,pontihejo,1731150216.0,"No tools are required to resolve that. You just have to boot into MacOS and cleanly umount the partition and shut down the system. After that it's all fine and I never had data loss from that when it happened, it was just annoying to deal with since I fairly regularly have to do unclean shutdowns.",t1_lw8b6da,0.0005969728226773,1.5993234683264743e-06,3.954887870349921e-05,7.641073170816526e-05,0.0001222623541252,2.476462395861745e-05,1.8130060198018327e-05,2024-11-09 11:03:36+00:00
AsahiLinux,pontihejo,1731153070.0,"I didn't know that was possible, thanks for the info",t1_lw8hmjl,0.0003765240835491,1.4363479294843271e-06,2.8303549697739072e-05,6.618152838200331e-05,9.195083111990245e-05,1.8316550267627463e-05,1.3837583537679166e-05,2024-11-09 11:51:10+00:00
AsahiLinux,pontihejo,1731320231.0,Installing it is not really risky. But a number of users have broken their systems when uninstalling it by deleting the wrong partitions/containers.,t1_lwinlp0,0.0006350359763018,1.9614928987721214e-06,3.6133904359303415e-05,9.942635369952768e-05,9.197529288940132e-05,2.646241591719445e-05,2.4061570002231747e-05,2024-11-11 10:17:11+00:00
AsahiLinux,pontihejo,1731322561.0,"I have run into some missing libraries while trying to run various games and projects, a couple I recall are libgpg-error and libgconf2. What's the best place to report missing libraries?",t1_lvblr2k,0.0006010623183101,2.342821289857966e-06,5.233295451034792e-05,9.806947491597384e-05,8.595121471444145e-05,2.4352066247956827e-05,2.407768442935776e-05,2024-11-11 10:56:01+00:00
AsahiLinux,pontihejo,1731323503.0,"I'm not sure, I think colour correction might be a different thing. I believe colour profiles can only be set on KDE at the moment. Marcan discusses colour profiles in the comments on this post [https://www.reddit.com/r/AsahiLinux/comments/1eznlpu/adobe\_lightroom\_running\_on\_asahi\_linux\_via\_krun/](https://www.reddit.com/r/AsahiLinux/comments/1eznlpu/adobe_lightroom_running_on_asahi_linux_via_krun/)",t1_lwk6ahh,0.0004717244592029,1.5821372016944224e-06,2.9101474865456112e-05,0.0001098709035431,0.0001102305323001,2.152155138901435e-05,1.4664588888990693e-05,2024-11-11 11:11:43+00:00
AsahiLinux,pontihejo,1731330532.0,Yeah I understand you can’t ship every package under the sun in this rootfs. This was from something distributed as an appimage so I’m not even sure why it was deemed missing. I got around it by downloading and extracting the relevant library packages and recursively setting the right LD_LIBRARY_PATH. So that works but I imagine it could get messy as I collect more packages to deal with cases like this. I’m not really sure what the best way to manage an extra collection of x86 packages on the side like this would be. Do you know of any convenient/practical solutions?,t1_lwkk0qa,0.0005185295594856,1.603139594408276e-06,3.7977733882144094e-05,7.989699224708602e-05,0.0001071257211151,1.9823553884634748e-05,1.7130478227045387e-05,2024-11-11 13:08:52+00:00
AsahiLinux,pontihejo,1731338111.0,"Okay I'll have to look at how to do that properly and see if it's any better than doing it manually.On a similar vein, is there a way to run flatpaks in muvm/FEX? Since that's all packaged with the right dependencies in theory so this kind of manual intervention would not be necessary",t1_lwks19k,0.0005529079935513,2.0088393739570165e-06,5.063380376668647e-05,9.338418749393897e-05,0.0001000781267066,1.5875792087172158e-05,3.7577057810267434e-05,2024-11-11 15:15:11+00:00
AsahiLinux,pontihejo,1731429781.0,"Probably not, if MacOS system partitions are deleted by accident then a DFU restore will be necessary. This will get the system back to a factory state.",t1_lwnrsfx,0.0004795700951945,1.7624598740439978e-06,3.3368425647495314e-05,8.780867210589349e-05,9.12026152946055e-05,2.5018020096467808e-05,1.752413845679257e-05,2024-11-12 16:43:01+00:00
AsahiLinux,pontihejo,1731430302.0,"Yeah I can only imagine the complexity adding up with all these different layers, I don't envy you guys having to figure it all out. I hope you can find a way since flatpaks would be user-friendly for installing complex x86 software, especially if there's not going to be a convenient way for extra x86 dependencies to be managed.",t1_lwmm5zb,0.0007919695344753,2.609366447359207e-06,7.392346014967188e-05,0.0001172730771941,0.0001031400679494,3.470090450718999e-05,3.089899109909311e-05,2024-11-12 16:51:42+00:00
AsahiLinux,pontihejo,1731975469.0,"Yes, Linux has drivers for certain USB wifi adaptors, you will need to look at what's supported so you can buy the right one.",t3_1gujgif,0.0003909824008587,1.409383457939839e-06,2.523350303818006e-05,8.230527600971982e-05,9.88866449915804e-05,2.0899398805340752e-05,1.3922855941927992e-05,2024-11-19 00:17:49+00:00
AsahiLinux,pontihejo,1732531653.0,"Using this for a couple days now and it seems like this change makes the system a lot more stable when using lots of RAM and swap at the same time. I'm on a 16GB system with 32GB of zswap configured by the script. I have \~30 tabs loaded on firefox (tab unload disabled), steam open in muvm, ryujinx running, and several other linux apps open and it's not crashing or leading to apps being killed. This is great!",t3_1gy0t86,0.0008560887072235,2.295581907674205e-06,6.121369369793683e-05,9.846378088695928e-05,0.0001294914691243,4.221173367113806e-05,3.1958334147930145e-05,2024-11-25 10:47:33+00:00
AsahiLinux,pontihejo,1732579108.0,What version of virt manager are you using? I think this bug was meant to be fixed.  [Github issue link](https://github.com/virt-manager/virt-manager/issues/509),t3_1gzq5iv,0.0005065946606919,1.5882583284110297e-06,4.088382047484629e-05,6.369451875798404e-05,0.0001071348087862,2.1514799300348383e-05,1.6841146134538576e-05,2024-11-25 23:58:28+00:00
AsahiLinux,pontihejo,1732663128.0,"Could have said the same for Vulkan or even OpenGL before we got those, so I doubt it's that bleak",t1_lz5dsev,0.0003837865078821,1.226286485689343e-06,2.3884140318841673e-05,7.325616752495989e-05,0.0001059970963979,1.7122263670898974e-05,1.1387855010980276e-05,2024-11-26 23:18:48+00:00
AsahiLinux,pontihejo,1732670762.0,"The guy working on it, Sven Peter I believe, is definitely still around. He was in the matrix chat and mentioned he was doing extra work on it around August. The guy has a full time job so can't put a lot of work into the USB-C/DP-Alt mode stuff, unfortunately.From what I understand from lurking on the project, it does work partially already, but it's been a matter getting high reliability to for the driver that has been the blocking issue. This is similar to the speak issue where audio was possible for a long time but the speaker safety daemon and bankstown audio quality stuff was needed to get the safety and user experience to high level before it was released. And there's not much point handing it off to someone else because it would just result in a lot of duplicated work refactoring and debugging the same issues. It sucks that it is taking so long but it seems like it will get finished sooner or later",t1_lz64oph,0.0932578966021537,0.0001048202757374,0.0811010003089904,0.0008282085764221,0.0169078577309846,0.0003736511280294,0.0016014294233173,2024-11-27 01:26:02+00:00
AsahiLinux,pontihejo,1732675517.0,"I understand, but he does still contribute to Asahi, just in a limited capacity because it's in his spare time. I'm not sure if he was ever working full time for the Asahi project in the first place",t1_lz694po,0.0004186360165476,1.2889618119515944e-06,2.8699860195047225e-05,6.467917410191149e-05,0.0001078378336387,1.6141242667799816e-05,1.4686366739624646e-05,2024-11-27 02:45:17+00:00
AsahiLinux,pontihejo,1732805994.0,Might be that they are running under xwayland so if they are electron apps you need to launch them with --ozone-platform=wayland,t3_1h1sqws,0.0006022118031978,1.5665019645894065e-06,3.162827852065675e-05,0.0001254635571967,0.0001217496319441,3.096102227573283e-05,1.6462892745039426e-05,2024-11-28 14:59:54+00:00
AsahiLinux,pontihejo,1733014184.0,You could run a lightweight compositor like DWL and launch the MuVM and Steam from there to save some RAM.,t3_1h3q3ei,0.0005154653917998,1.5236523722705897e-06,3.285152342868969e-05,7.597992953378707e-05,0.0001147634029621,2.813352875818964e-05,1.4751610251551028e-05,2024-12-01 00:49:44+00:00
AsahiLinux,pontihejo,1733894417.0,"Glad you got it working. RPCS3 got native ARM64 Linux support just a few days ago, so you can just download the build now  [**https://rpcs3.net/blog/2024/12/09/introducing-rpcs3-for-arm64/**](https://rpcs3.net/blog/2024/12/09/introducing-rpcs3-for-arm64/)",t1_m0xvk5r,0.0003810230409726,1.4975262274674606e-06,3.808795736404136e-05,6.016962288413197e-05,9.506381320534274e-05,1.8451282812748104e-05,1.53047531057382e-05,2024-12-11 05:20:17+00:00
AsahiLinux,pontihejo,1733899126.0,I think this might be an issue on your end or with a specific game you are trying to run. I have been able to play Demon's Souls to completion without crashing like that. Would have to know more about the issue you're having before I could help diagnose it.,t1_m1hdusf,0.0006665898254141,1.8713448071139285e-06,4.799615635420196e-05,7.829157402738929e-05,0.000118128642498,3.194979944964871e-05,2.3553786377306096e-05,2024-12-11 06:38:46+00:00
AsahiLinux,pontihejo,1734052958.0,Probably an xWayland scaling thing,t3_1hcsncf,0.0004099071084056,1.31796525693062e-06,2.4648961698403585e-05,9.592232527211308e-05,0.0001026911922963,1.8160637409891933e-05,1.1673549124679994e-05,2024-12-13 01:22:38+00:00
AsahiLinux,pontihejo,1734689016.0,"How big are your image files and how many can you export per minute? Like the other commenter said, usb transfer speeds could be a bottleneck or darktable might not be using compute acceleration properly on MacOS. OpenCL is supported now on Asahi, so I think you would get reasonable export speeds if you try it on linux.",t3_1hi3tkz,0.0004753995744977,1.5841377489778097e-06,3.4276465157745406e-05,7.687966717639938e-05,0.000100729848782,2.0546684027067386e-05,1.5946045095915906e-05,2024-12-20 10:03:36+00:00
AsahiLinux,pontihejo,1734706692.0,"Yeah that sounds way too slow. I doubt usb transfer speeds would be the bottleneck since those camera raw files would be approximately 40mb at most so less than 2 seconds to transfer. There must be something wrong with the OpenCL/whatever compute acceleration is required for darktable. Give Asahi a go, it will probably be faster",t1_m2z0mht,0.00051463348791,1.5979377394614858e-06,3.203400774509646e-05,9.21162572922185e-05,0.0001155388308688,2.6160012566833757e-05,1.5053460629133042e-05,2024-12-20 14:58:12+00:00
AsahiLinux,pontihejo,1734865686.0,Download one of these releases (newer is probably going to work better) [https://github.com/Kron4ek/Wine-Builds/releases](https://github.com/Kron4ek/Wine-Builds/releases)After that run `muvm -ti -- FEXBash` (and it may even work if you do `muvm -ti -- box64 bash`)Then run `./wine-0.00-amd64-wow64/bin/wine64 [your .exe]` inside that terminal,t3_1hjj8br,0.0006103502819314,1.980445176741341e-06,6.270272569963709e-05,9.299381781602278e-05,0.0001217634562635,2.038185448327567e-05,2.5538001864333637e-05,2024-12-22 11:08:06+00:00
AsahiLinux,pontihejo,1734903322.0,You might need to set up a wine prefix first  `WINEPREFIX=~/.wine winecfg`,t1_m3aljcp,0.0004353630065452,1.5695255797254504e-06,3.323865894344635e-05,7.723752787569538e-05,9.96322196442634e-05,2.7891554054804143e-05,1.568389416206628e-05,2024-12-22 21:35:22+00:00
AsahiLinux,pontihejo,1735176682.0,Would your friend let you test the M2 Max first to see if it's performant enough?,t1_m3tatbf,0.0007454970036633,1.7782016357159591e-06,4.921870640828274e-05,8.154808892868459e-05,0.000150297593791,3.9977436244953424e-05,2.5878533051582053e-05,2024-12-26 01:31:22+00:00
AsahiLinux,pontihejo,1735177506.0,"Asahi is low risk to install, you would have to do something really strange to cause any change to the host while doing that. Uninstalling is where it can go wrong, mainly because of a lack of skill from users deleting the wrong partition with diskutil.Not sure how receptive your friend is to that information though. It would save you a lot of headache if you could actually test the hardware a bit.",t1_m3tcn85,0.0005512688076123,1.6238897160292254e-06,4.050285497214645e-05,7.603501580888405e-05,0.0001074628453352,2.1195051886024885e-05,1.8107251889887262e-05,2024-12-26 01:45:06+00:00
AsahiLinux,pontihejo,1735273291.0,"If you want to regularly share files between the two systems, creating a HFS+ or exFAT volume will let you access files saved there from both Linux and MacOS. If this is a one-off thing, then just using a USB will be the most practical.",t3_1hn2a95,0.0005236261640675,2.419517386442749e-06,4.868857649853453e-05,8.363238157471642e-05,7.809286034898832e-05,2.775641587504651e-05,2.486425182723906e-05,2024-12-27 04:21:31+00:00
AsahiLinux,pontihejo,1735455324.0,"The games running under emulation have unpredictable performance since they are bottlenecked by things like the inherent CPU cost of translation combined with troubles from synchronisation of GPU instructions sent between the guest and the hardware. You should read about it [here](https://asahilinux.org/2024/12/muvm-x11-bridging/) \- this is bleeding edge software so you need to understand its quirks if you want to get positive results.Long loading times to launch is known behaviour for Windows games like Rain World as all the windows libraries have to be loaded by Proton. The low performance is expected as it is probably suffering from both of the previously mentioned issues, causing what should be a lightweight game on a windows system to run poorly. These are just issues that will only improve with time as more optimisations are made to the muvm system, since it's still early days for such an experimental software stack.From the Depths seems to have an arm64 MacOS port so that is always going to run better on MacOS than the x86\_64 Linux port emulated on muvm. It will get better with more optimisations, but native is always best for performance.ZRAM is enabled by default when you install Asahi.",t3_1hokxvj,0.0003945853968616,1.3423855307337362e-06,3.059592199861072e-05,6.258784560486674e-05,0.0001065982796717,1.6617424989817664e-05,1.3477291759045327e-05,2024-12-29 06:55:24+00:00
AsahiLinux,pontihejo,1735515521.0,"Standard Notes works if you download an old appimage from their github repo releases. I use this and it works fine, but I had to go back many versions (6 or 12 months worth of versions) to get one that worked natively. I will update you with the version I'm using here when I can check on my macbook.",t3_1hp3053,0.0004406047810334,2.194166654589935e-06,4.516089757089503e-05,7.416176231345162e-05,7.433204154949635e-05,2.533148835937027e-05,2.033023520198185e-05,2024-12-29 23:38:41+00:00
AsahiLinux,pontihejo,1735880047.0,What sort of custom EQ would take the neutral sound on Asahi and bring it closer to the sound on MacOS?,t1_m52b1hz,0.0003880080475937,1.320941237281659e-06,2.4397859306191098e-05,7.882292266003788e-05,0.0001025971287162,1.9074395822826773e-05,1.2237968803674448e-05,2025-01-03 04:54:07+00:00
AsahiLinux,pontihejo,1735914096.0,"I don't use the internal speakers much so the defaults are okay. I'm just curious about the nature of the differences because this kind of question/observation between the Asahi vs Apple sound has come up several times. You say Apple doesn't use a neutral sound, what kind of differences in their EQ make it non-neutral?",t1_m569kt9,0.0003928946389351,1.3888264902561789e-06,2.7393809432396665e-05,7.846003427403048e-05,0.0001019629853544,1.6396161299780942e-05,1.292660181206884e-05,2025-01-03 14:21:36+00:00
AsahiLinux,pontihejo,1736258081.0,Not possible.Booting requires writing files onto the internal SDD.The user directories could be mounted on an external drive to conserve space.,t3_1hv77f9,0.000476828252431,2.018585519181215e-06,3.678258508443832e-05,8.560129208490252e-05,8.354342571692541e-05,2.6608502594172023e-05,2.11846454476472e-05,2025-01-07 13:54:41+00:00
AsahiLinux,pontihejo,1736258683.0,"I got standard notes to build on arm64 from their github repo, just run this:(you might need to get some dependencies though)  \`\`\`git clone [https://github.com/standardnotes/app.git](https://github.com/standardnotes/app.git)cd appyarn installyarn build:desktopcd packages/desktopyarn run electron-builder --linux --arm64 -c.linux.target=AppImage --publish=never\`\`\`",t3_1hp3053,0.000433446111856,1.9121960121992743e-06,4.745325350086205e-05,7.200761319836602e-05,8.695442375028506e-05,2.068300273094792e-05,1.819490898924414e-05,2025-01-07 14:04:43+00:00
AsahiLinux,pontihejo,1738213631.0,I'm also experiencing this issue with an LG 4k 60Hz Monitor (27UL850).,t3_1idbw79,0.0007050305139273,3.7123302263353257e-06,7.957741036079824e-05,0.0001124952177633,7.863763312343508e-05,3.322956035844982e-05,4.37645721831359e-05,2025-01-30 05:07:11+00:00
AsahiLinux,pontihejo,1738766915.0,What's the point of fragmenting like this when Linus Torvalds already supports Rust in the Linux kernel? It's necessary for maintainers to adapt and compromise with developers so that high quality projects like Asahi don't languish downstream without support or recognition.,t3_1iibc0b,0.0004009996773675,1.3371699196795817e-06,2.74209651252022e-05,7.54766006139107e-05,0.0001034996821545,1.8209473637398332e-05,1.3316240256244782e-05,2025-02-05 14:48:35+00:00
AsahiLinux,pontihejo,1738767198.0,There were non-trivial changes to the M3/M4 hardware so the drivers are not all functioning and there is further work required before it will be possible for users to install Asahi on these models.,t3_1iibit4,0.0004048680712003,1.5151208572206087e-06,2.9207460102043115e-05,7.712727528996766e-05,9.250744915334508e-05,1.9313871234771796e-05,1.4727545931236818e-05,2025-02-05 14:53:18+00:00
AsahiLinux,pontihejo,1739179338.0,It’s stable but you’re in an ARM64 Linux environment and some of the hardware is not supported yet,t3_1iluzvn,0.000374022318283,1.3435267192107858e-06,2.404505357844755e-05,7.354763511102647e-05,9.7142175945919e-05,1.7119324184022844e-05,1.3541322005039548e-05,2025-02-10 09:22:18+00:00
AsahiLinux,pontihejo,1739244830.0,It’s supposed to be near native for GPU load performance but the CPU load performance is slower and sometimes just bad and it can take some troubleshooting depending on the software since you have to manually install and put missing libraries into your path environment if the software needs it. I’ve had situations when I can’t get it to run certain software at all but maybe that’s a skill issue,t1_mc15402,0.0004088951100129,1.4507560308629763e-06,3.063752956222743e-05,6.776514783268794e-05,9.769770258571953e-05,1.9197412257199176e-05,1.457683083572192e-05,2025-02-11 03:33:50+00:00
AsahiLinux,pontihejo,1739853238.0,"I thought it his posts were insightful and valuable for learning about so many different low level tech topics. Same goes for his posts/comments here on Reddit, I’ve always admired how he goes out of his way to provide proper explanations to questions about Asahi and address misconceptions.",t3_1is3fjt,0.0004176088550593,1.2955216561749694e-06,2.8453257982619107e-05,6.184750964166597e-05,0.000110023873276,1.7113055946538225e-05,1.445101406716276e-05,2025-02-18 04:33:58+00:00
AsahiLinux,pontihejo,1739932273.0,The impression I got from the most recent official article from the Asahi team is that they can't support M4 until they make a lot of progress getting their patches merged upstream. The maintenance load would simply be too much to be constantly rebasing for over 1000 patches plus keeping 2 extra generations of hardware in good shape. It could take a long time.,t1_mdj6lw8,0.0003783303254749,1.3747513776252165e-06,2.8290300178923644e-05,6.718648364767432e-05,9.798702376428992e-05,1.889299528556876e-05,1.2897663509647828e-05,2025-02-19 02:31:13+00:00
AsahiLinux,pontihejo,1739981121.0,It might be possible to get their attention the [Asahi Fedora Development Matrix chat](https://asahilinux.org/community/),t1_mdmhe0l,0.0004192388441879,1.68869553363038e-06,3.259973163949326e-05,7.553945761173964e-05,8.698261808604002e-05,2.0674937331932597e-05,1.6836327631608583e-05,2025-02-19 16:05:21+00:00
AsahiLinux,pontihejo,1739981963.0,"These are quotes of their explanation:>Our priority is kernel upstreaming. Our downstream Linux tree contains over 1000 patches required for Apple Silicon that are not yet in upstream Linux. >Before adding more, we need to reduce our patch stack to remain sustainable long-term. We cannot predict how the process will go, but we are committed to do our part.>**Where do the M3 and M4 fit in?** Until upstreaming and CI progress, the core team cannot prioritize new hardware. Nevertheless, some community members are busy reverse-engineering to prepare for when the foundations are solid.[Link to the article](https://asahilinux.org/2025/02/passing-the-torch/)The team is treading water until that workload can be reduced at the mercy of the upstream maintainers. If maintainers are resistant or hostile to the patches that Asahi needs, then the addition of features and new hardware will stall to accommodate the labour of continuously rebasing and testing.",t1_mdlf2g1,0.0003588920808397,1.233869284078537e-06,2.6700010494096205e-05,5.924740253249183e-05,0.0001093006649171,1.5743762560305186e-05,1.1575748430914246e-05,2025-02-19 16:19:23+00:00
AsahiLinux,pontihejo,1740027786.0,"I haven't seen an example of anyone successfully running ARM Windows in KVM on Asahi. Maybe someone has pulled it off, but whenever I tried this, I got a lot of errors with virtual machine manager.",t3_1itokpy,0.0003892159438692,1.3976901982459822e-06,2.7087353373644873e-05,7.026438834145665e-05,9.726127609610558e-05,1.8855304006137885e-05,1.4742496205144562e-05,2025-02-20 05:03:06+00:00
AsahiLinux,pontihejo,1740116367.0,This is what I have used to remap keys on Linux:  [https://gitlab.com/interception/linux/tools](https://gitlab.com/interception/linux/tools),t3_1iuhxy5,0.0003342231211718,1.5611344679200556e-06,3.009525971719995e-05,6.638992635998875e-05,8.40991924633272e-05,1.792244984244462e-05,1.3780718290945517e-05,2025-02-21 05:39:27+00:00
AsahiLinux,pontihejo,1740306222.0,"The bottlenecks for the muvm stack may not be graphical, it could be some of the moving parts in the rest of that system.",t1_me7u34l,0.000395195238525,1.3859420278095058e-06,2.7152396796736863e-05,7.608317537233233e-05,0.0001021862699417,1.8841212295228615e-05,1.4483656741504092e-05,2025-02-23 10:23:42+00:00
AsahiLinux,pontihejo,1740397045.0,If the audio is extremely low then the speakers might be in a failsafe mode to prevent damage. I’m pretty sure that’s a possibility if the speaker safety daemon is not installed or not running ,t3_1ioz0c3,0.0004391991824377,1.4834696457910468e-06,2.5783916498767212e-05,8.131118374876678e-05,0.0001031725332722,2.458717062836513e-05,1.5489678844460286e-05,2025-02-24 11:37:25+00:00
AsahiLinux,pontihejo,1740466785.0,"You haven’t provided enough information to really know what’s going on. What install script are you running and where did you get it? Can you still boot into MacOS or are you only able to use recoveryOS?Sometimes apple has weird errors with partitions because of snapshots, that might be causing errors. The graphical disk utility on MacOS is also notoriously buggy so you may need to check partitions and repartition using the command line tools to ensure that you have space.If there isn’t a specific reason for using Ubuntu then you should use Asahi Fedora since that is easiest to install and it’s the best supported version of Asahi.If something is weird with your MacBook Air and you don’t need any of the data on it you could try doing a factory reset as a last resort on troubleshooting this.",t3_1ixoso7,0.0006008750642649,1.6691967630322324e-06,4.4489785068435594e-05,6.942199979675934e-05,0.0001209945767186,2.082338323816657e-05,1.945028270711191e-05,2025-02-25 06:59:45+00:00
AsahiLinux,pontihejo,1740468177.0,"That’s an unofficial community script and distribution, I’ve never used it so I don’t know how well it’s supported or if the install process is different from the regular Asahi script. When running the official install script it’s  meant to resize your apfs partition to make free space, download the system image, then get you restart in the recovery mode so you can adjust the apple security level to allow the rest of the install to be configured. I’ve never had issues with that installer, it’s been straightforward. I don’t know if that’s similar to what the Ubuntu script was meant to do but it sounds like something went very wrong and you might want to reinstall macOS and try again. I’m not sure if there are any scripts for Asahi that involve removing MacOS since you are meant to keep MacOS around for firmware updates so that’s definitely not normal and you would probably want a small MacOS partition to be reinstalled anyway at this stage. ",t1_menxfhw,0.0003984137729275,1.345768282590143e-06,3.151879718643613e-05,6.157327879918739e-05,0.0001035124150803,1.5929828805383295e-05,1.2937059182149824e-05,2025-02-25 07:22:57+00:00
AsahiLinux,pontihejo,1740468700.0,"From searching briefly it looks likes network error and it maybe possible to troubleshoot, but otherwise you might have to do a DFU restore by plugging another Mac in and getting it to download software and restore your M1 air to a working state.",t1_menzd6s,0.0004938560887239,1.9323483684274834e-06,4.526575867203064e-05,7.346484926529229e-05,9.372864587930962e-05,2.3057908038026653e-05,2.0859397409367375e-05,2025-02-25 07:31:40+00:00
AsahiLinux,pontihejo,1740469031.0,"Maybe, I’m not sure. Google searches say it can be from a DNS error or something similar so I guess it’s possible. Also post the results from «diskutil list» ",t1_meo0aat,0.0004229253681842,1.6465027101730811e-06,3.186916001141071e-05,7.906140672275797e-05,8.679371239850298e-05,1.8333152183913622e-05,1.5843637811485678e-05,2025-02-25 07:37:11+00:00
AsahiLinux,pontihejo,1740510975.0,"Based on what Asahi Lina has said earlier, it doesn't seem to be possible, at least in any easy way:  Question:>Will this root mode in muvm allow users to install packages (maybe as some kind of layer on top of the default rootfs image)? An issue I'm frequently encountering when trying to run software in muvm is missing libraries. Manually obtaining the x86\_64 packages and setting the library path variables is tedious so it would be nice to have a managed way of doing that.  Answer from Lina:>No, muvm itself does not have anything to do with the FEX rootfs (other than managing its mounting). The rootfs is an immutable erofs image, and is not a fully self-contained distro image so it cannot have packages installed into it even if it were writable.>If you have x86\_64 libraries that should be added to the rootfs, please let us know! The goal is for the rootfs to have all commonly used libraries that have a stable ABI and are not typically shipped with portable (multidistro) proprietary software packages. If you have a package that uses libs outside of that description (for example, a package built for a specific distro such as RHEL that needs RHEL-specific dependencies), that would be out of scope for the rootfs image and you'll have to manage any dependencies manually with library paths.>You can manually configure the erofs layers with the `muvm -f` argument though, so if you build your own overlays with your own libs you can manage them that way.  >There isn't really a nice way other than setting up a full blown distro chroot or something like that...  [Comment thread](https://www.reddit.com/r/AsahiLinux/comments/1ghv6jj/comment/lvblr2k/?utm_source=share&utm_medium=web3x&utm_name=web3xcss&utm_term=1&utm_content=share_button)",t3_1ixv1ka,0.0014370045391842,7.372662821580889e-06,0.0002456878428347,0.0001780392631189,0.0001356242137262,3.3542113669682294e-05,9.405132004758344e-05,2025-02-25 19:16:15+00:00
AsahiLinux,pontihejo,1740574661.0,This used to happen to me a lot. Make sure your system has zswap not zram since zram is broken for these systems. I use 32 GB of zswap and it’s rare now that programs get OOM killed. ,t3_1iymovf,0.0259734448045492,1.1994276064797305e-05,0.0003410028293728,0.0007283494924195,0.0008288582903333,0.0086951265111565,0.0001057193003362,2025-02-26 12:57:41+00:00
AsahiLinux,pontihejo,1740614381.0,"This is great, I was just looking at some of the discussion around this issue and libinput yesterday because I was wondering if anything was happening with this. Thanks for improving your tool! It sounds like a good downstream kind of hack to solve this problem. I've had tap-to-click disabled the entire time I've used Asahi because the trackpad would activate constantly during typing and normal use. Looking forward to testing this out",t3_1iyy2yo,0.0005555408424697,1.6974710206341117e-06,4.764033292303793e-05,6.199436757015064e-05,0.0001136826103902,2.1671630747732703e-05,1.938155037350953e-05,2025-02-26 23:59:41+00:00
AsahiLinux,pontihejo,1740614614.0,This kind of fix would definitely not be upstreamable but it seems like something that could be added to the Asahi repos. Maybe worth mentioning it in the [Fedora Asahi development Matrix chat](https://asahilinux.org/community/).,t1_meyowfb,0.0003947118239011,1.8148198250855785e-06,3.792674033320509e-05,7.072136213537306e-05,8.111415809253231e-05,1.901672840176616e-05,1.7210879377671517e-05,2025-02-27 00:03:34+00:00
AsahiLinux,pontihejo,1740614756.0,"Also consider trying Zen browser instead of firefox, it's based on firefox but I find it stalls less frequently from limited memory",t1_mevp0yy,0.0003952308616135,1.4749448382644914e-06,2.7087584385299124e-05,7.371594256255776e-05,9.25910280784592e-05,1.856441849668045e-05,1.4987968825153075e-05,2025-02-27 00:05:56+00:00
AsahiLinux,pontihejo,1740739572.0,"When I downloaded the app image, it launched after running `muvm -- /home/$USER/Downloads/LM-Studio-0.3.10-6-x64.AppImage`",t3_1j00s6r,0.0004122178652323,1.7658280739851762e-06,3.5244487662566826e-05,7.885028753662482e-05,8.424238330917433e-05,2.0538944227155295e-05,1.8232636648463085e-05,2025-02-28 10:46:12+00:00
AsahiLinux,pontihejo,1740741641.0,"I think it's worth adjusting your expectations, it's obviously a loss to have Hector burn out and step away from the project, but at the same time, there is a group of talented contributors who are actively improving the overall health of the project. Upstreaming will make a big difference on the workload, CI and build infrastructure is being improved, and official channels for funding have been established.Additional features will get developed and released when they are ready, so naturally that will slow down while the upstreaming and infrastructure issues are being focused on. If the features for Asahi right now aren't enough for you then by all means use MacOS.The project is well past being a one-man passion project and I don't see it dying any time soon. Hector has always been the most visible, but don't let that discount all the work that others do.",t3_1izsbyn,0.0005194558762013,2.602095264592208e-06,6.337329250527546e-05,9.071792737813666e-05,0.0001608524326002,2.3471249733120203e-05,1.7472673789598048e-05,2025-02-28 11:20:41+00:00
AsahiLinux,pontihejo,1740745076.0,That would be ideal but I think there is a [custom patch asahi on libinput](https://www.reddit.com/r/AsahiLinux/comments/1f6hshi/palm_rejection/) to disable palm detection on the laptops so it's a bit of difficult issue for me or others to raise directly to the libinput project as end users when Asahi's developers are aware of the issue and have their own views on how to address it. I'm all for seeing the macbook trackpad support get improved at the upstream level.,t1_meznkeu,0.0003715731436386,1.538157107461302e-06,3.3561151212779805e-05,6.437335832742974e-05,9.003966260934249e-05,1.6832875189720653e-05,1.433773650205694e-05,2025-02-28 12:17:56+00:00
AsahiLinux,pontihejo,1740750478.0,"I didn’t realise there were existing issues about this on libinput. Could you post links to them? I wasn’t able to find them on the libinput gitlab issues page when searching for any terms like Asahi, M1, M2, MacBook ",t1_mf8r86g,0.0008789782295934,5.936455636401661e-06,0.0001264609600184,0.000139114446938,6.85174745740369e-05,3.975662912125699e-05,6.462609599111602e-05,2025-02-28 13:47:58+00:00
AsahiLinux,pontihejo,1740750594.0,Just put set «setsid -f» in front of the command from my previous comment,t1_mf8jvtg,0.0005182528402656,2.0991908513678936e-06,4.62980278825853e-05,7.29307284927927e-05,8.822144445730373e-05,3.178875704179518e-05,2.0888021026621573e-05,2025-02-28 13:49:54+00:00
AsahiLinux,pontihejo,1740758167.0,"GPU performance is meant to be native-speed on muvm, but I don't know if the GPU compute acceleration can get passed through yet. There is openCL support for Asahi, you might have to install it: `sudo dnf install mesa-libOpenCL` (should be there by default though) and then put this in your environment `RUSTICL_ENABLE=asahi`I think you might misunderstand, there will never be native x86 support on Asahi, it will always be translated (fast emulation), but some developers of x86-only apps eventually end up supporting aarch64 for their software.",t1_mf91v72,0.0005327180260792,1.9113590496999677e-06,4.3813310185214505e-05,8.974649972515181e-05,0.0001015758753055,1.8276610717293806e-05,2.1499705326277763e-05,2025-02-28 15:56:07+00:00
AsahiLinux,pontihejo,1740761823.0,"It's not possible to install from a USB. Due to security design of the M series macs, they can't boot from data that's not stored on the internal drive.It's pretty easy and straightforward to install Asahi from the official install script if you have some free space on your mac, but if you decide to uninstall, make sure to use diskutil and be careful to delete the right partitions.",t1_mf9di19,0.0004569483571685,1.576350996401743e-06,3.393453880562447e-05,7.665426528546959e-05,9.6615229267627e-05,2.1249556084512733e-05,1.54788103827741e-05,2025-02-28 16:57:03+00:00
AsahiLinux,pontihejo,1740762035.0,Couldn't agree more about the credit deserved for the team. Anyone happy with Asahi should consider contributing financially since it's important for the long term survival of the project.[Asahi Linux - Open Collective](https://opencollective.com/asahilinux),t3_1j08gx6,0.0003445068432483,1.4417606735150912e-06,2.853750265785493e-05,6.555666186613962e-05,9.089136437978595e-05,1.7036671124515124e-05,1.3235489859653173e-05,2025-02-28 17:00:35+00:00
AsahiLinux,pontihejo,1740780400.0,"I tried it out with Proton Experimental tonight and had the same issue as you. Once the game eventually launched, I just got a black screen with audio playing. I haven't tried tweaking anything so far, but maybe there are some settings needed like a different proton version or launch options",t3_1j09t9b,0.0035457366611808,9.615587259759197e-06,0.0001349145313724,0.0013101889053359,0.0004637572565115,6.819767440902069e-05,5.774485907750204e-05,2025-02-28 22:06:40+00:00
AsahiLinux,pontihejo,1740928632.0,"On the regular devices (not pro or max) people tend to find the battery is close but a bit worse in regular use and much worse when it comes to sleep (MacOS is extremely efficient when on standby), however the Pro and Max models get about two thirds of the battery life compared to MacOS (in my experiences and have seen others with this too).It's a bit disappointing, but it is better than it used to be and it's proven to be very hard to get highly efficient power management in arm64 Linux since a lot of design choices in the kernel about how this works on previous ARM devices has proven to be less than ideal for Apple Silicon hardware. The devs know and want to make it better but it's just very difficult.",t1_mflh12q,0.0003630867577157,1.2585039712575965e-06,2.6222582164336927e-05,6.242672679945827e-05,0.000106797189801,1.600753967068158e-05,1.2174341463833116e-05,2025-03-02 15:17:12+00:00
AsahiLinux,pontihejo,1740939184.0,"If variable refresh rate was implemented with 120hz, it may actually increase battery life. I got the impression from an exchange between Janne and Hector on Mastodon a while ago that these would need be implemented together.",t1_mfmf2e9,0.0003775497316382,1.413610220879491e-06,2.610956653370522e-05,7.423110218951479e-05,9.72399502643384e-05,1.828944186854642e-05,1.3849200513504911e-05,2025-03-02 18:13:04+00:00
AsahiLinux,pontihejo,1741012565.0,"1. Dual booting is the only option at the moment for Asahi, you need to retain the MacOS partition for firmware updates and machine credentials. If you make a HFS+ or ExFAT partition, you can access the files from either MacOS or Linux, this is what I do for my media files so that I can share them.  2. As far as I know, there's not a whole not you need to do or really can do to optimise power usage on Asahi. Just the obvious stuff like keeping the brightness low on the screen & keyboard plus keeping processor usage under control by killing unnecessary background tasks but there may be other tweaks I'm not aware of.3. There is no ETA at the moment for M3 support. There are 1000++ patches that need to upstreamed to reduce the workload for the developers first and testing & CI infrastructure needs to be set up to streamline the development process, so once there's a lot of progress with that they will feel comfortable with getting Asahi running on M3 and taking on the subsequent workload for supporting that.",t3_1j2de03,0.000431472697528,1.5615886468367537e-06,3.594395093386993e-05,6.337914965115488e-05,0.0001020457566482,1.981945024454035e-05,1.6154548575286753e-05,2025-03-03 14:36:05+00:00
AsahiLinux,pontihejo,1741160313.0,"It's really not worth using any xorg window manager, it's essentially deprecated at this point. The developers of Asahi don't work on resolving xorg bugs so it's unsupported.I used to use DWM in the early days of Asahi. I tried DWL briefly (DWM for wayland), which is very lightweight and has the same pros/cons of DWM. After that I moved to Hyprland and I have been happy with that since there are lot of options for configuration, strong community, and the development is very active (this is a pro and a con due to breaking changes). What sort of problems are you having with running Hyprland?I haven't used sway but I understand that it's a good, stable window manager.",t3_1j3ptvb,0.0004611091280821,1.6778981262177697e-06,4.186033038422465e-05,6.770591426175088e-05,9.749481978360564e-05,1.730947769829072e-05,1.8064063624478877e-05,2025-03-05 07:38:33+00:00
AsahiLinux,pontihejo,1741280191.0,"I don't think this has got official support yet, but you can manually download and unpack these [wine builds](https://github.com/Kron4ek/Wine-Builds/releases) and run some windows programs in muvm using FEXEmu or even box64 (wine64 only). I can run Lightroom and The Binding of Isaac for example using this approach.",t3_1j4z23t,0.0004617928934749,1.5670025277358943e-06,3.805640517384745e-05,7.287289190571755e-05,0.0001029031263897,1.915514985739719e-05,1.6860107280081138e-05,2025-03-06 16:56:31+00:00
AsahiLinux,pontihejo,1741343511.0,"M3 and M4 can almost certainly work in the way that M1 and M2 do, but things need to be manually configured with new patches for each device - this is **not** like the boot process for x86 machines where it's standardised in a friendly way to just load up an image given in the right format. New generations ship with new MacOS versions and new Apple firmware; the drivers, kernel, and bootloader need to be adjusted accordingly. The device tree for each device needs to be written manually. This is before even considering the non-trivial changes Apple have made to the hardware, which would need to be reverse-engineered to update the drivers. New platforms would come with their own bugs too, so this would increase the workload involved with making any new patches due to all the hardware it would need to be tested on. Right now Asahi can't be installed on M3 and M4 for users, and it's going to be a while before that happens. Housekeeping like upstreaming and setting up a CI & testing pipeline come first, so M3+M4 is on a ""when we get to it "" basis and it's not really clear how long that could be.If you like Asahi and want to use it soon, maybe consider getting a refurbished or secondhand M2, depending on what your budget is, you could get a rather powerful device. Try to get at least 16GB of RAM.",t3_1j5cdl8,0.0004880159685853,1.7288604112764006e-06,4.731272565550171e-05,6.788900645915419e-05,0.0001179473183583,1.8218765035271645e-05,2.1457795810420063e-05,2025-03-07 10:31:51+00:00
AsahiLinux,pontihejo,1741344544.0,"This is really exciting to see, I wonder if this makes it practical to run certain software inside the VM. It would be great to get a detailed description of how you got the windows image set up.",t3_1j5cnzh,0.0003575441660359,1.580514435772784e-06,2.8007043511024676e-05,7.073121378198266e-05,8.816619083518162e-05,2.053824209724553e-05,1.4892537365085444e-05,2025-03-07 10:49:04+00:00
AsahiLinux,pontihejo,1741430323.0,"Fedora will be the most straightforward since it's the officially supported version of Asahi Linux so it gets Asahi-specific updates and bug fixes first and has the biggest user base so it's easier to find advice in current or past discussions online.The speakers have a more neutral sound compared to MacOS but the Linux drivers have been specifically designed to be safe, so there is no risk of damage to them by using Asahi.",t3_1j6dmcu,0.0003866888291668,1.516559109404625e-06,3.175948222633451e-05,6.718571967212483e-05,9.168972610495985e-05,1.7375035895383917e-05,1.4852539607090876e-05,2025-03-08 10:38:43+00:00
AsahiLinux,pontihejo,1741437448.0,"The Asahi drivers for outputting video over USB-C (Display Port alt mode) have not been completed yet. This includes USB-C to HDMI converters/hubs. At the moment, external monitors are only supported for Macs with HDMI ports.The monitor you have mentioned looks like it should work fine with a Mac Mini M1 or M2.",t1_mgo521y,0.0003992180572822,1.4707661648571957e-06,3.3855605579447e-05,6.971549737500027e-05,0.0001027607431751,1.936254011525307e-05,1.421368415321922e-05,2025-03-08 12:37:28+00:00
AsahiLinux,pontihejo,1741441874.0,I think so. Which notes are you referring to?,t1_mgo9kn2,0.000421117991209,1.3209311191531017e-06,2.6867619453696537e-05,7.475841994164512e-05,0.0001021860734908,1.938524655997753e-05,1.2183888429717626e-05,2025-03-08 13:51:14+00:00
AsahiLinux,pontihejo,1741442714.0,I’m pretty sure that’s okay now. The speakers run with a special safety control (speakersafetyd) that prevents damage to the hardware from overheating the audio components.,t1_mgombms,0.0004264618619345,1.4209535947884433e-06,2.49094155151397e-05,8.249864913523197e-05,0.0001036683897837,2.571243567217607e-05,1.530881127109751e-05,2025-03-08 14:05:14+00:00
AsahiLinux,pontihejo,1741442817.0,What does it say when you run «diskutil list»?,t1_mgoktv2,0.0003940809401683,1.3194140819905442e-06,2.318126462341752e-05,8.52749144542031e-05,9.960305033018813e-05,1.910361424961593e-05,1.246570627699839e-05,2025-03-08 14:06:57+00:00
AsahiLinux,pontihejo,1741442994.0,Just in the terminal,t1_mgontnu,0.000466533092549,1.1439615263952874e-06,1.9937211618525907e-05,9.513101394986734e-05,0.0001166985748568,2.536765532568097e-05,1.0871638551179784e-05,2025-03-08 14:09:54+00:00
AsahiLinux,pontihejo,1741444606.0,"Have a look at this guide: [link](https://www.applegazette.com/applegazette-mac/pro-terminal-commands-using-diskutil/) Sometimes Disk Utility or other graphical ways of checking the free space on MacOS doesn't always show an accurate representation of the space. Using the diskutil command line program gives the accurate state of the storage and how its configured on your system.If you post the output from the terminal it might reveal why the installer is failing.Also if you post a output from the Asahi install script's output as well it could help explain what's happening.330GB of space is almost 10x what you need for an Asahi install, so there would be something odd going on to preventing the next steps of the install script.",t1_mgopnv0,0.0003896937705576,1.3037875987720329e-06,3.0353428883245215e-05,6.244571704883128e-05,0.0001053127052728,1.6413809134974144e-05,1.2355918443063274e-05,2025-03-08 14:36:46+00:00
AsahiLinux,pontihejo,1741446064.0,It's already a part of the install and it runs automatically. I don't believe the speakers will output any sound if the safety daemon isn't running.,t1_mgoqdlf,0.0003880461445078,1.344881638942752e-06,2.3577384126838297e-05,7.367349462583661e-05,9.95930822682567e-05,1.9689312466653064e-05,1.368075481877895e-05,2025-03-08 15:01:04+00:00
AsahiLinux,pontihejo,1741448732.0,The point is to see the structure of the containers and partitions and their sizes. If you can't post the output from that command or from the Asahi script then it's very difficult to understand the cause of the problem for me to help you.,t1_mgp1yqd,0.0003901796299032,1.4186057342158165e-06,2.792463419609703e-05,6.555759318871424e-05,9.734720515552908e-05,1.965687442861963e-05,1.3809898518957198e-05,2025-03-08 15:45:32+00:00
AsahiLinux,pontihejo,1741452255.0,"Internal microphone support is not ready just yet. It's meant to be coming soon, but as always it will ship ""when it's ready""Any microphone that you plug in via the jack or usb will work fine though.",t1_mgoq8az,0.0004889595438726,1.73871330844122e-06,4.092680319445208e-05,7.431630365317687e-05,0.0001098410502891,2.9550834369729273e-05,1.9926796085201204e-05,2025-03-08 16:44:15+00:00
AsahiLinux,pontihejo,1741452409.0,I'm pretty sure with the regular M1/M2 that's realistic but in my experience with M1 pro it's more like 5 hours just because of some unknown differences. I've wondered lately if there might be something about the screens causing it but idk,t1_mgobvds,0.0033895918168127,5.34918399353046e-06,0.000884584384039,0.0001352997351204,0.000640791025944,4.253313454682939e-05,9.88319661701098e-05,2025-03-08 16:46:49+00:00
AsahiLinux,pontihejo,1741452685.0,"Nice, I hope you have fun with it",t1_mgpbugg,0.0025728384498506,5.008469088352285e-06,0.0002099693665513,0.0001390221441397,0.0002171635132981,0.0002197462599724,0.0002178358408855,2025-03-08 16:51:25+00:00
AsahiLinux,pontihejo,1741562812.0,For me I'm pretty sure it was my full name with no spaces all lowercase. Are you the only user on the computer?,t1_mgjrvhl,0.0220807660371065,1.1455791536718609e-05,0.000844876980409,0.0005847499705851,0.0012713094474747,0.0001268552878173,0.0006351746269501,2025-03-09 23:26:52+00:00
AsahiLinux,pontihejo,1741590098.0,"Nice, glad you figured it out",t1_mgzcudh,0.0005111029604449,1.6675721781211903e-06,4.321877349866554e-05,6.463410682044923e-05,0.0001066974291461,3.3715448807924986e-05,1.6073654478532262e-05,2025-03-10 07:01:38+00:00
AsahiLinux,pontihejo,1741822294.0,"Any mic that you plug in, including in-line mics in the audio jack work fine too in case that's useful for you.",t1_mhfwqph,0.0006749024614691,2.216269649579772e-06,6.41911756247282e-05,7.73261854192242e-05,0.0001259724376723,3.796194869210012e-05,3.222894883947447e-05,2025-03-12 23:31:34+00:00
AsahiLinux,pontihejo,1741888038.0,Rule 5,t3_1jahxn4,0.0005147053743712,1.5780263993292465e-06,3.76316747860983e-05,7.330620428547263e-05,0.0001050196879077,2.57971969404025e-05,1.2865870303357951e-05,2025-03-13 17:47:18+00:00
AsahiLinux,pontihejo,1742007840.0,"  The substance and pace of development is unrelated to the amount of posting happening on social media about progress. This post reflects a sentiment that I've seen a lot after Hector resigned and it's ignorant of the hard work and commitment that exists from Alyssa, James, Janne, Sven, Neal, Davide, Sasha, and others to make this project stronger and give it the ability to thrive long term. Anyone that cares about the project should consider contributing. [https://opencollective.com/asahilinux](https://opencollective.com/asahilinux)  >Is this project abandoned? No, it's being actively contributed to by 7 core contributors plus others. This does not include a social media manager to provide daily Reddit posts or whatever it takes to help you personally feel comfortable that the project is alive.>I wonder why there haven’t been any progress in Asahi Linux since Marcan stepped down from the project.There has been progress, 1k+ lines of code related the touchbar were merged into the kernel recently and UAPI headers for the graphics drivers submitted for review to be merged. There are also patches being made downstream towards enabling microphones, and also sparse support.The majority of the most visible and critical features are already working and stable, we have modern graphics drivers, webcam, speakers (with software safety controls, the first on linux), a convenient x86 emulation system,  WiFi, Bluetooth, all ports working (barring what's needed for thunderbolt/USB4/DP-altmode), etc. The remaining problems are very difficult to solve (microphones for example require the secure enclave to work as well as an always-on process) and opaque in the kind of way that does not lend to fun updates on social media anyway. >Marcan was the most important person that provided updates to this project and reverse engineered hardware drivers for Linux.Hector was the main communicator and contributor because he poured most of his energy into this project, to the detriment of his private life and mental health to the point of burnout. His project also inspired several great developers to become contributors, so the project can carry on without him. >I wonder will this project get discontinued after Marcan’s step down? Because the team was dead silent since Marcan’s departure.They have certainly not been silent in the development IRC or on the kernel mailing list where their patches are being merged, but yes they are rather silent on social media. The core contributors are specifically working on the exact things that are needed for Asahi to continue long term, which is upstreaming the Asahi patches into the Linux kernel and building testing infrastructure which is essential for creating features for so many devices at the same time (i.e. adding additional generations).Their plans were also clearly communicated on [Asahilinux.org](http://Asahilinux.org) following Hector's resignation.",t3_1jbj7qj,0.0045259734615683,1.214340500155231e-05,0.0006395668024197,0.0001695086684776,0.0008240944589488,4.303078458178789e-05,0.0002324169909115,2025-03-15 03:04:00+00:00
AsahiLinux,pontihejo,1742009735.0,You've got to post the output from `top` or something similar otherwise it's not really possible to troubleshoot this.,t3_1jagu4t,0.0004642462299671,1.4986734413469094e-06,2.985636456287466e-05,7.877212919993326e-05,0.0001049906422849,2.593666795291938e-05,1.3443248462863266e-05,2025-03-15 03:35:35+00:00
AsahiLinux,pontihejo,1742029133.0,Good call. Long live Asahi,t3_1jbq9jj,0.0005618103896267,1.3799859743812704e-06,3.197385012754239e-05,9.49054810917005e-05,0.0001271030196221,2.526659045543056e-05,1.483461801399244e-05,2025-03-15 08:58:53+00:00
AsahiLinux,pontihejo,1742075910.0,What are you trying to do?,t3_1jbx4hj,0.0007205794099718,1.5909050716800266e-06,4.424307917361148e-05,7.877129974076524e-05,0.0001342532341368,3.120643305010162e-05,1.8591103071230464e-05,2025-03-15 21:58:30+00:00
AsahiLinux,pontihejo,1742094237.0,"If you used the new unofficial Arch Linux ARM asahi script then it looks like it worked. You’re running it, you’re in the shell as root.",t1_mi12pdz,0.0007459397893399,1.6683261492289605e-06,4.072388765052892e-05,9.047800995176658e-05,0.0001337251887889,2.519575173209887e-05,2.1792166080558673e-05,2025-03-16 03:03:57+00:00
AsahiLinux,pontihejo,1742195888.0,"I like it a lot, I've used it as my main OS since the official Fedora release dropped but on and off for a year or so before that while it was still very alpha. It's solid now and you won't have much trouble outside the missing ARM support for certain software you might use (muvm or box64 will bail you out for a lot of that) and the remaining hardware support.RAM management for Linux with a unified memory system is not as good as Apple so you might have some trouble with that too especially if you have 8GB, so having 16 or 32 GB set aside for zswap is important for extra tolerance there (zram causes OOM crashes pretty often due to these Linux problems).",t3_1jcen4n,0.0004166600992903,1.6115982361952774e-06,3.817006290773861e-05,6.309741002041847e-05,9.798497194424272e-05,1.6621688700979576e-05,1.691767101874575e-05,2025-03-17 07:18:08+00:00
AsahiLinux,pontihejo,1742360323.0,"The Vulkan support is 1.3 and and will be 1.4 soon, OpenGL is 4.6 which is higher than MacOS (4.1) since Apple considers it a deprecated standard. There are a small number of games you can run natively and it's really nice (Stalker openXray or the leaked Half-life 2 engine games are super cool for example), the games that work under the muvm+FEX+proton system are good too but it's pretty heavy on memory (unified memory means regular RAM and VRAM have to share the same pool) and the x86 translation can lead to things being CPU bound easily, but in theory the GPU performance is native due to a technique called DRM native context.The main advantage is the increased compatibility compared to MacOS, but there are still some bugs with FEX/muvm that prevent all games known to run on Linux from working.The operating system itself is about as stable as any other Linux laptop and only missing a few pieces of hardware support now.",t1_miijvzz,0.0004592039040289,1.855831328612112e-06,4.345843626651913e-05,7.669594924664125e-05,0.0001005037047434,1.6001800759113394e-05,2.444313395244535e-05,2025-03-19 04:58:43+00:00
AsahiLinux,pontihejo,1742361020.0,Essentially the same I'd imagine,t1_mikbeyi,0.0003173060540575,1.094775370802381e-06,2.0509332898654975e-05,7.562262908322737e-05,9.174937440548092e-05,1.444114968762733e-05,9.2380296337069e-06,2025-03-19 05:10:20+00:00
AsahiLinux,pontihejo,1742361956.0,"The APFS Linux support project is not officially related to Asahi but that guy independently took the initiative to organise the patches and start the upstreaming discussion in LKML specifically out of appreciation and a desire to give back to the Asahi Project. The developer behind the APFS project had opted not to upstream since he wasn't interested in the workload of cleaning up the code and dealing with the process.APFS support is going to be needed for things like managing machine ownership, firmware, and probably the fingerprint reader from the Linux side.",t1_mhys6mn,0.0004589380405377,2.178339855163358e-06,7.329802610911429e-05,8.12745129223913e-05,0.000125631398987,2.6667539714253508e-05,1.7446498532081023e-05,2025-03-19 05:25:56+00:00
AsahiLinux,pontihejo,1742401488.0,"I just double checked and 1.4 is actually supported already, and has been for four months lol  [https://rosenzweig.io/blog/vulkan-14-sur-asahi-linux.html](https://rosenzweig.io/blog/vulkan-14-sur-asahi-linux.html)As for OpenGL, it's basically complete >Asahi Linux is also compatible with OpenGL 4.6, OpenGL ES 3.2, and OpenCL 3.0, all conformant to the relevant specifications.",t1_min0850,0.0003668077115435,1.6878420865396038e-06,3.775180084630847e-05,6.306486466201022e-05,8.571025682613254e-05,1.7520846085972153e-05,1.4965745322115254e-05,2025-03-19 16:24:48+00:00
AsahiLinux,pontihejo,1742404621.0,"MacOS is simply more performant for games that are natively running on Metal since the GPU drivers on MacOS are taking full advantage of the hardware, so Asahi will probably always have a disadvantage in that scenario. I don't remember seeing experimentally controlled benchmarks comparing game performance between Asahi and MacOS, so it's hard for me to comment objectively on that, and I'd expect it to vary quite a lot between titles. At this stage, the real edge is in compatibility, whether that's running games that simply don't run on MacOS (e.g. 32bit x86 games) with the existing solutions, or having more performant translation than something like Crossover or Parallels for a given game.Andrew Tsai has some good content testing and explaining gaming on Asahi and MacOS, so you might get some insight from checking him out [https://www.youtube.com/@Andytizer/search?query=asahi](https://www.youtube.com/@Andytizer/search?query=asahi)Keep in mind, this whole stack is still essentially in an alpha state, so if more time and effort gets invested into then it will only get better. [Relevant article](https://rosenzweig.io/blog/aaa-gaming-on-m1.html) from the release in October 2024>Today’s alpha is a taste of what’s to come. Not the final form, but enough to enjoy Portal 2 while we work towards “1.0”.",t1_minaehy,0.0004515391483437,1.602025577085442e-06,4.045664900331758e-05,7.437323802150786e-05,0.000105655817606,1.753776268742513e-05,1.6740841601858847e-05,2025-03-19 17:17:01+00:00
AsahiLinux,pontihejo,1742455875.0,I just downloaded it from the [Obsidian releases page on github](https://github.com/obsidianmd/obsidian-releases/releases) (Obsidian-1.8.9-arm64.AppImage) and it works perfectly. Did you make sure to make it executable?,t1_miqzwp5,0.0004321589076425,1.945779331435915e-06,3.9720929635223e-05,7.907112740213051e-05,8.107766188913956e-05,2.3100252292351797e-05,1.8444456145516597e-05,2025-03-20 07:31:15+00:00
AsahiLinux,pontihejo,1742462096.0,"I'm pretty sure Photoshop would run, Lightroom works in muvm with wine once you unpack it manually and add a couple of missing DLLs into the install location. I have some instructions for that in a comment [under a post I made](https://www.reddit.com/r/AsahiLinux/comments/1eznlpu/adobe_lightroom_running_on_asahi_linux_via_krun/) but it's a bit different now that muvm has replaced krun. Wine isn't officially supported yet, but if you download a kron4ek wine build and unpack it, it can be used with FEXBash or box64 to run some windows software. I believe they're eventually going to configure it to be more friendly to use wine with muvm in the future.Roblox doesn't work at all, I don't think it even works on x86 Linux at the moment so you will just have to boot back into MacOS for that or use windows on another computer.A guy recently got a windows ARM VM to run on Asahi but he didn't provide enough information to reproduce it, at least for my minimal experience running VMs. I don't think it has accelerated graphics though.You could try something like moonlight to stream the desktop to your Asahi mac, though without hardware decode it might not be performant enough, someone recently said they got to much latency with moonlight.",t3_1jfk98u,0.0006074697012081,2.5332005861855578e-06,9.104924538405612e-05,9.636569302529097e-05,0.0001651307684369,3.0013317882549018e-05,2.2419373635784723e-05,2025-03-20 09:14:56+00:00
AsahiLinux,pontihejo,1742462314.0,Wine,t1_mirjijn,0.0024225185625255,3.4616921311680926e-06,0.0002118310076184,9.950214007403702e-05,0.000403137266403,0.0001180249455501,8.686881483299658e-05,2025-03-20 09:18:34+00:00
AsahiLinux,pontihejo,1742462639.0,"That's a Google and Microsoft problem, there's nothing Asahi developers can do to force these organisations to provide aarch64 Linux binaries. You could probably run x86\_64 Chrome in muvm if you really wanted to.Out of curiosity, what is chromium missing that makes it fall short of chrome for your use cases?",t1_mirjx4t,0.0004159721138421,1.5338125649577703e-06,3.225253021810204e-05,7.516430196119472e-05,9.202818910125644e-05,1.8446567992214113e-05,1.4284672943176702e-05,2025-03-20 09:23:59+00:00
AsahiLinux,pontihejo,1742462811.0,"Sober doesn't work currently since they have an event called the ""The Hunt"" running that they tightened security for.[https://github.com/vinegarhq/sober/issues/751](https://github.com/vinegarhq/sober/issues/751)",t1_mirnhxi,0.000517607841175,1.3281349993121694e-06,3.726718932739459e-05,6.6897198848892e-05,0.000134679954499,1.8414912119624205e-05,1.4160026694298722e-05,2025-03-20 09:26:51+00:00
AsahiLinux,pontihejo,1742463066.0,"It's possible to run some versions of Photoshop using wine on x86, here is just one approach as an example: [https://github.com/isatsam/photoshop-on-linux](https://github.com/isatsam/photoshop-on-linux)Lightroom from Adobe can run on Asahi and it's quite similar under the hood to Photoshop, so it could be possible to run on arm64 Linux with the right approach",t1_mirn63f,0.0003537716402206,1.319464445259655e-06,2.759173366939649e-05,6.693644536426291e-05,9.901893645292148e-05,1.655027335800696e-05,1.2640003660635555e-05,2025-03-20 09:31:06+00:00
AsahiLinux,pontihejo,1742463610.0,Yeah Sober has been the solution lately and I imagine it will work again soon since the rumour is that sober is maintained by Roblox developers outside of work... whatever the case it's not something that interests me anyway lol,t1_mirok5u,0.0004784594057127,1.2604799621840357e-06,2.9254097171360627e-05,7.087036647135392e-05,0.0001228659966727,1.8177201127400625e-05,1.3884429790778086e-05,2025-03-20 09:40:10+00:00
AsahiLinux,pontihejo,1742464960.0,"I'm not really familiar with how GPU support works for VMs, would FreeRDP let the GPU accelerate/render things?",t1_miroyos,0.0004294925020076,1.4260607485994117e-06,2.930941445811186e-05,7.740106229903176e-05,0.0001016184905893,1.959671863005497e-05,1.566299943078775e-05,2025-03-20 10:02:40+00:00
AsahiLinux,pontihejo,1742465410.0,Yeah I think the technique is very interesting and would be good to see it expanded somehow. The more working software the better!,t1_mirqnf0,0.0003950280079152,1.5426304571519722e-06,3.001211371156387e-05,7.298562559299171e-05,9.282255632570012e-05,1.9707496903720312e-05,1.4779998309677468e-05,2025-03-20 10:10:10+00:00
AsahiLinux,pontihejo,1742465853.0,"Yeah Sober is unlikely to ever work natively on ARM, see this issue from Github [https://github.com/vinegarhq/sober/issues/687](https://github.com/vinegarhq/sober/issues/687)It's possible that if the muvm/FEX stack gets flatpak support that it may run, but there's no ETA for that feature and it's not necessarily a guarantee that it would work.If a windows arm64 VM on Asahi is fast enough, that might make it playable",t1_mirnrr7,0.0005901111289858,1.7445565845264357e-06,4.51317937404383e-05,0.0001064038078766,0.0001249726919922,1.5009280105005018e-05,2.859959022316616e-05,2025-03-20 10:17:33+00:00
AsahiLinux,pontihejo,1742490083.0,"Oh okay, this is from a problem with electron. There was an upstream bug that broke 16k ARM builds so any apps built with electron crash after about 30 seconds like that. I believe it's been fixed upstream so once the downstream software like obsidian gets rebuilt on the fixed electron, the problem will go away.You could try launch it with this flag and see if that helps:`./Obsidian-1.8.9-arm64.AppImage --js-flags=""--nodecommit_pooled_pages""`",t1_mitefq9,0.0005793090676888,2.549555347286514e-06,6.065088018658571e-05,8.896640792954713e-05,8.412999159190804e-05,2.913735261245165e-05,2.6556002922006883e-05,2025-03-20 17:01:23+00:00
AsahiLinux,pontihejo,1742638938.0,Really impressive progress! Grateful for everything you guys have achieved. Glad to see James is safe after the cyclone,t3_1jg3vlk,0.0004186739097349,1.2485602383094374e-06,2.5509692932246253e-05,7.536734483437613e-05,0.0001089287979993,2.2362170057022013e-05,1.2122924090363084e-05,2025-03-22 10:22:18+00:00
AsahiLinux,pontihejo,1742702100.0,"USB device passthrough does not work for anything inside muvm, that functionality is not included to make it as lightweight as possible",t1_mj8x7zx,0.0003707048599608,1.2895457075501326e-06,2.3207123376778327e-05,7.028388790786266e-05,0.0001027809266815,1.697421794233378e-05,1.2757984222844245e-05,2025-03-23 03:55:00+00:00
AsahiLinux,pontihejo,1742702306.0,Yes you need a full VM to have a chance of USB working. Muvm doesn’t have USB device support.,t1_mj9apv6,0.0004410798719618,1.5041804317661445e-06,2.9439983336487785e-05,7.468039984814823e-05,0.0001007991304504,2.2839974917587824e-05,1.4873772670398466e-05,2025-03-23 03:58:26+00:00
AsahiLinux,pontihejo,1742702453.0,"I had a similar issue. I tried to use it for Signal messenger (electron based) and there was no audio from the microphone, but OBS and Zen Browser (Firefox based) both worked okay.",t3_1jhbbly,0.00039771743468,1.487385134169017e-06,2.9850130886188708e-05,6.846431642770767e-05,9.46550426306203e-05,1.9954502931796014e-05,1.417983730789274e-05,2025-03-23 04:00:53+00:00
AsahiLinux,pontihejo,1742702737.0,"If wine is compiled for arm64, does it still need 4K host page size to work for running arm64 native windows software?",t1_mj94h2q,0.0004426037194207,1.7822864037952968e-06,3.773668504436501e-05,7.77288805693388e-05,8.986167085822672e-05,2.312059405085165e-05,1.8308010112377815e-05,2025-03-23 04:05:37+00:00
AsahiLinux,pontihejo,1742789843.0,"It’s stable but with anything there can bugs with new updates. USB4/Thunderbolt, Display over USB-C, hardware decode/encode, and the fingerprint reader are not supported yet. The most experimental thing shipping with Asahi is the muvm FEXEmu stack for emulating x86 software in a aarch64 16KB pagesize environment. Asahi at it’s core is about hardware drivers, so from a graphical and software perspective it’s conformant with OpenGL 4.6, Vulkan 1.4, and OpenCL 3.0 plus anything you can do with aarch64.",t3_1jigz9q,0.0004434157744981,2.036001433225465e-06,4.6370587369892746e-05,7.647130405530334e-05,8.10539277154021e-05,2.1244915842544287e-05,2.01001330424333e-05,2025-03-24 04:17:23+00:00
AsahiLinux,pontihejo,1742790113.0,Thanks. It’s a bit laughable that windows doesn’t support larger base pagefile sizes given the performance gains that can have,t1_mja4cct,0.0444243028759956,6.534439762617694e-06,0.0010312804952263,0.00053945108084,0.0115801570937037,7.173066842369735e-05,0.000191786661162,2025-03-24 04:21:53+00:00
AsahiLinux,pontihejo,1742790504.0,"This is something the developers have considered but eGPUs will never be possible on these systems, I believe there’s a fundamental hardware issue that prevents them from being supported.",t1_mjfgfdo,0.000393827445805,1.3578141988546122e-06,2.4846522137522697e-05,7.694464875385165e-05,9.79760952759534e-05,1.816701296775136e-05,1.3117522939865012e-05,2025-03-24 04:28:24+00:00
AsahiLinux,pontihejo,1742790976.0,If you want to do LLM stuff I think ramalama works well on Asahi since it has better Vulkan support than the alternatives at the moment.,t1_mjfchwp,0.0004469307896215,1.5107330000319052e-06,3.3732751035131514e-05,8.257295121438801e-05,0.000101688579889,1.9182441974407993e-05,1.4532720342685934e-05,2025-03-24 04:36:16+00:00
AsahiLinux,pontihejo,1742837236.0,Thanks! I will check this out.,t1_mjg9hq6,0.0007888449472375,1.8418774061501608e-06,5.018419324187562e-05,6.74390175845474e-05,0.0001396154402755,6.621416105190292e-05,1.4010230188432615e-05,2025-03-24 17:27:16+00:00
AsahiLinux,pontihejo,1742960143.0,"M3 and M4 are unbootable at this stage. There are over 1000 patches being carried downstream by the team so it would be too much of a development and testing workload to starting bringing up devices from the newer generations. It’s not like x86 computers where you just load up an image and boot them, they basically have to build a new version of the chain of software that boots Asahi. The hard work has been done with M1 and M2, but this bring up process is tedious and time consuming, so it’s just not something such a small team can afford to shift focus towards until the overall downstream load gets lower.",t1_mjrlhyz,0.0005115228705108,1.3308522284205535e-06,3.503738480503671e-05,6.31138973403722e-05,0.0001295036927331,1.773993790266104e-05,1.419694035575958e-05,2025-03-26 03:35:43+00:00
AsahiLinux,pontihejo,1742960467.0,If you run the widevine installer it’s possible to get the files it produces and move/link them in the right place to get it working. This is what I did with Zen browser. Not sure what that would look like with Vivaldi but that kind of approach might work if you figure out what a working widevine install is meant to look like in Vivaldi’s files.,t3_1jjye2s,0.000364120787708,1.4467383380178944e-06,3.0060609788051806e-05,6.705962732667103e-05,9.294434130424634e-05,1.7853069948614575e-05,1.3918129297962878e-05,2025-03-26 03:41:07+00:00
AsahiLinux,pontihejo,1742984477.0,"I just did some testing and I think it would work if you used this:  `Exec=muvm FEXBash ""/PATH/TO/WINE/wine /PATH/TO/EXECUTABLE/example.exe"" %U`",t3_1jju0bi,0.0036509514320641,1.3515712453227025e-05,0.0004380332538858,0.0003299019590485,0.0001609624450793,7.294589158846065e-05,0.0003741769178304,2025-03-26 10:21:17+00:00
AsahiLinux,pontihejo,1743081197.0,"X11 is unsupported on Asahi, the extent to which it functions is entirely incidental, so I’d be hesitant to rely on it for anything",t1_mjzkby2,0.0004291816730983,1.887538815026346e-06,3.423722955631092e-05,8.103360596578568e-05,8.147805783664808e-05,2.0045326891704462e-05,1.7794563973438926e-05,2025-03-27 13:13:17+00:00
AsahiLinux,pontihejo,1743196194.0,"This is the worst electron bug I’ve seen on Asahi in the time I’ve used it in the past 2-3 years. It’s not like it’s happening all the time, but it does create some cause for concern, so if there are convenient alternatives for a given electron app then it’s worth switching but otherwise I wouldn’t stress too much.I’ve found that trying to build electron apps from source for aarch64 can be a pain in the ass more so than other projects. Pretty annoying given how much software is built on electron now.",t3_1jm246e,0.3093805611133575,0.0004247169417794,0.1884041279554367,0.0006535371067002,0.007367949001491,0.0002810133155435,0.132717102766037,2025-03-28 21:09:54+00:00
AsahiLinux,pontihejo,1743248022.0,"Not sure what the cause of this VSCode crash is but you can install codium and run it with this flag `--js-flags=""--nodecommit_pooled_pages""`",t3_1jmhytt,0.0006864918977953,2.0586990103765856e-06,5.0692164222709835e-05,8.22384245111607e-05,0.0001106976997107,3.4983964724233374e-05,2.5000634195748717e-05,2025-03-29 11:33:42+00:00
AsahiLinux,pontihejo,1743441526.0,"If you don't use a ridiculous amount of RAM on MacOS it shouldn't really matter.Under some conditions you can run into problems with heavy memory usage since swap can get maxxed out, especially once some system snapshots build up. I've had the MacOS out of memory killer dialog open in situations like this while running a 100GB partition with 16GB of RAM, while that never happened with a larger partition of around 200GB.",t3_1jnyxsh,0.0492838062345981,7.671715138712898e-06,0.0018221560167148,0.0003878599090967,0.0193522330373525,6.820300768595189e-05,0.0001804258208721,2025-03-31 17:18:46+00:00
AsahiLinux,pontihejo,1743738403.0,X11 is not supported on Asahi,t3_1jr0ium,0.0006117795128375,1.7940359384738258e-06,3.594631562009454e-05,0.0001095876577892,0.0001021048447,2.2570871806237847e-05,1.8342543626204133e-05,2025-04-04 03:46:43+00:00
AsahiLinux,pontihejo,1743934462.0,"On these GPUs, the magenta colour is the default for when the GPU has a problem producing a frame. I get this happening a lot when my RAM and swap are high and I'm pretty sure it's harmless. From my understanding it's the system struggling to juggle it between graphics and other things so a frame gets missed. On more conventional systems there is dedicated video memory, but on Apple silicon VRAM and RAM are not separate.How much RAM do you have and what are you running when this happens?",t3_1jsq9vp,0.0007406576769426,1.793514229575521e-06,5.355237226467579e-05,8.071462798397988e-05,0.0001480005303164,2.578952262410894e-05,2.1685897081624717e-05,2025-04-06 10:14:22+00:00
AsahiLinux,pontihejo,1743961727.0,"Firefox can be very demanding on RAM, so that might be enough to cause it on an 8GB system. Maybe keep a close eye on RAM and swap while this is happening to rule that out, otherwise this might be caused by some other bug and should be looked into",t1_mloricl,0.0009800390107557,3.0827166028757347e-06,7.598941738251597e-05,0.0001035844979924,0.000116063572932,5.8140154578723013e-05,4.8252142732962966e-05,2025-04-06 17:48:47+00:00
AsahiLinux,pontihejo,1744031117.0,"It's alpha level, especially outside of steam/proton, nothing is really guaranteed at this stage.I will say though recently steam stopped launching for me and all the x86 software that has been working for me, so I think there are some new bugs lately",t3_1jtey19,0.0010128373978659,3.57228623215633e-06,9.17411525733769e-05,0.000111196321086,0.0001005829981295,3.768618989852257e-05,6.184232188388705e-05,2025-04-07 13:05:17+00:00
AsahiLinux,pontihejo,1744136637.0,Muvm is bugged at the moment with the default install. Try downgrading the package with dnf and that should let it work again.,t1_mlrnetl,0.000462230440462,1.7060220898201806e-06,3.959257446695119e-05,7.394235581159592e-05,9.68492531683296e-05,2.187706013501156e-05,1.8500300939194855e-05,2025-04-08 18:23:57+00:00
AsahiLinux,pontihejo,1744148585.0,"Thanks for the advice, I’m on F41 and still got this problem. It wasn’t possible for me to downgrade to 4.7, so I chose 4.4 and that worked.",t1_mm0bbwf,0.0004033527220599,1.7859973695522058e-06,4.0273072954732925e-05,6.407399632735178e-05,8.461627294309437e-05,2.1096280761412345e-05,1.714423888188321e-05,2025-04-08 21:43:05+00:00
AsahiLinux,pontihejo,1744164903.0,You might be able to do some kind of chroot if you run a linux vm inside MacOS and then fix the broken dependency Here’s a project for that https://github.com/leifliddy/fedora-macos-vagrant-builder,t1_mm44dmo,0.0005036873626522,1.5110543927221445e-06,3.832880247500725e-05,7.466637180186808e-05,0.0001173904456663,2.298788785992656e-05,1.5993715351214632e-05,2025-04-09 02:15:03+00:00
AsahiLinux,pontihejo,1744177430.0,"Oh whoops, my bad I was in a rush and only skimmed half your post.The busted Glibc might be preventing the vagrant VM from working.You could also try something like UTM or Parallels to create a full fedora graphical VM and mount the linux partitions to get your essential files while you figure this out.Perhaps you could also resize your MacOS partition and make a new install of Asahi and work from there.You should also ask for help in the Asahi Matrix chat. I think the developer of the vagrant asahi project is in there but there are talented people who could help[https://matrix.to/#/#asahi:fedoraproject.org](https://matrix.to/#/#asahi:fedoraproject.org)",t1_mm5y1ar,0.0016671996563673,2.9352943329286063e-06,0.0001724302710499,0.0001141446991823,0.0002762922085821,3.806936729233712e-05,4.952644303557463e-05,2025-04-09 05:43:50+00:00
AsahiLinux,pontihejo,1744456234.0,"I’ve been using this for a while now as well and it has been good. Just recently configured it to be managed under UWSM and the whole thing feels more coherent now.I feel like it got slower recently, sometimes blur or layers cause large FPS drops",t3_1jxdtp5,0.0003483271866571,1.4056826103114872e-06,2.6390289349365048e-05,6.71622110530734e-05,9.178656910080464e-05,1.8236289179185405e-05,1.3784478142042644e-05,2025-04-12 11:10:34+00:00
AsahiLinux,pontihejo,1744456816.0,"The GPU drivers on Asahi work, it’s compliant with all the major open standards",t3_1jwyva0,0.0004281823057681,1.4093310483076491e-06,2.602345921332017e-05,8.903667912818491e-05,0.0001029048944474,2.1197678506723605e-05,1.457049438613467e-05,2025-04-12 11:20:16+00:00
AsahiLinux,pontihejo,1744459606.0,Goes without saying that GPU is only supported on the M-series generations that can boot Asahi,t1_mmpuvgf,0.000702443823684,1.2832804259232944e-06,3.13873024424538e-05,0.0001007015162031,0.0001661835558479,3.28514252032619e-05,1.434323439752916e-05,2025-04-12 12:06:46+00:00
AsahiLinux,pontihejo,1744478511.0,"Funnily enough, I started off on Linux with the same setup (though s6 instead of runit). I ran DWM on Asahi for a initially when it was still officially arch based.It will be hit or miss, x11 is not supported anymore on Asahi so the extent to which it works is entirely incidental (I believe it does run but with bugs). You might resort to running your DE inside a rootful xwayland session if you are attached to X11.Systemd is the default init system on Fedora, not sure if it's possible to switch to a different init system on that distro base. You may need to use an unofficial distro like [Arch Linux ARM for Asahi](https://github.com/asahi-alarm), Gentoo, or NixOS. I think Artix might actually have [ARM images](https://armtix.artixlinux.org/) but I don't know how much grief it would take to get the Asahi patches and packages working with that on your own.Arch linux would be closest to Artix but ALARM has many problems upstream since the maintainer doesn't have the bandwidth to keep the core system packages in good shape (ALARM is by no means as stable as regular Arch). Feature support is also dependent on the volunteers who port the official Asahi changes to the unofficial distros. Fedora for Asahi is the least complicated and you will get fixes and new features fastest but you will miss out on the flexibility that the AUR can give you.If you want to try migrating to wayland you can swap DWM for DWL, dmenu for bmenu, st for foot (or maybe just run it under xwayland - no exact substitute for st exists). This will probably be best at present and long term since features like colour management and HDR will never work on x11 and support will be much worse on x11 for Asahi.If you already have an M2 mac, the best thing is to experiment since you will probably be able to find some path that works for you.",t3_1jxi8nx,0.0011792156146839,6.940167622815352e-06,0.000140927688335,0.0002489544276613,0.0001052082152455,3.335474684718065e-05,9.674254397395998e-05,2025-04-12 17:21:51+00:00
AsahiLinux,pontihejo,1744479063.0,"I must say I didn't notice a huge difference since I was already using systemd user units for the programs I rely on for my desktop environment, so the main thing I have noticed is the increased consistency. The units start and stop properly when running or quitting hyprland. I used to get more system hangs, now everything exits reliably now when logging out or shutting down. The environment variables are also passed properly to the units reliably as well.It makes the desktop environment's operation feel more like a whole thing rather than a bunch or random software cobbled together.  If you install UWSM and hyprland-uwsm through the solopasha copr then it shouldn't mess with SDDM. The UWSM managed option will just be there.",t1_mmr3k1e,0.0004000270273536,1.4365972447194508e-06,3.149815529468469e-05,6.595068407477811e-05,9.97315437416546e-05,1.779930062184576e-05,1.3965010111860464e-05,2025-04-12 17:31:03+00:00
AsahiLinux,pontihejo,1744554048.0,You can download wine from [here](https://github.com/Kron4ek/Wine-Builds/releases) and use it with muvm and box64/FEXBash. It's hit or miss at the moment since wine isn't officially supported in muvm yet,t3_1jy76w0,0.0006248292629607,2.1168093553569634e-06,5.781511208624579e-05,0.0001112882819143,0.0001219306432176,1.916382825584151e-05,3.45463449775707e-05,2025-04-13 14:20:48+00:00
AsahiLinux,pontihejo,1744566305.0,"If you run `muvm -- FEXBash` then try to execute the full path of the executable inside that shell and it doesn't work, then that's about the most you can do at this stage. If it gives errors about missing libraries you can try layering on the right libraries as erofs images - [the documentation describes it here](https://docs.fedoraproject.org/en-US/fedora-asahi-remix/x86-support/#_my_x86_64_or_x86_application_is_missing_some_system_libraries_what_do_i_do). If any of the software is an appimage it might get you further if you extract it and try to execute the AppRun script inside. I'm not sure if DaVinci resolve works.   If you want to do Switch emulation, it used to be possible to get Ryujinx compiled for aarch64. Not sure if there's still a way to find it online, but that's what I have on my system.",t1_mmx1ll9,0.0007903798832558,2.733085239015054e-06,8.892416371963918e-05,0.0001083622992155,0.0001297131821047,1.990005694096908e-05,4.1674757085274905e-05,2025-04-13 17:45:05+00:00
AsahiLinux,pontihejo,1744847485.0,I have used Prism launcher on Asahi for a couple of years now and it has always worked okay,t1_mmxzmuh,0.0003406138857826,1.3935310789747746e-06,2.695541479624808e-05,6.686792039545253e-05,9.207972470903768e-05,1.689451892161742e-05,1.3526427210308611e-05,2025-04-16 23:51:25+00:00
AsahiLinux,pontihejo,1744997619.0,"You need to be on Fedora 42 to build from source, I think that’s why you’re getting the cross compiler error",t3_1k21lp1,0.0005434557097032,1.4011054645379772e-06,3.423690577619709e-05,6.794418732170016e-05,0.0001223884319188,2.114770541083999e-05,1.6199132005567662e-05,2025-04-18 17:33:39+00:00
AsahiLinux,pontihejo,1745011827.0,"Oh okay, I recall having the same error and it was resolved by updating to F42. Aware-Bath7518 posted another comment below and it seems like the true cause is not having llvm, clang, and/or lld-link installed",t1_mnthj8u,0.0005038011586293,1.9018041257368168e-06,4.168867235421203e-05,8.157616684911773e-05,8.939884719438851e-05,2.1712321540690027e-05,1.759792576194741e-05,2025-04-18 21:30:27+00:00
AsahiLinux,pontihejo,1745016467.0,"That means it built successfully but you need to download and put a couple of .DLLs from the FEX project in the right place then edit the wine registry to make it use them.    wget -v -c -nc https://launchpad.net/~fex-emu/+archive/ubuntu/fex/+build/30613070/+files/fex-emu-wine_2504~j_arm64.deb    ar xv fex-emu-wine_2504~j_arm64.deb    tar -xvf data.tar.zst        sudo cp -iv usr/lib/wine/aarch64-windows/libarm64ecfex.dll /usr/local/lib/wine/aarch64-windows/libarm64ecfex.dll    sudo cp -iv usr/lib/wine/aarch64-windows/libwow64fex.dll /usr/local/lib/wine/aarch64-windows/libwow64fex.dll        wine reg add ""HKLM\Software\Microsoft\Wow64\amd64"" /ve /d ""libarm64ecfex.dll"" /f",t1_mntyeca,0.0022284714505076,1.0487001418368893e-05,0.0003908765502274,0.0002512941136956,0.0001951822050614,3.4573269658721983e-05,0.000421967706643,2025-04-18 22:47:47+00:00
AsahiLinux,pontihejo,1745089584.0,Yes that’s right. I got it set up for my own system a few days ago and it wasn’t very straightforward so I’ve tried to make something that is easy to use,t1_mnyu9se,0.0003533467825036,1.4451428569373093e-06,2.957609831355512e-05,6.0039346863050014e-05,8.991867798613384e-05,1.7684245904092677e-05,1.4959809050196782e-05,2025-04-19 19:06:24+00:00
AsahiLinux,pontihejo,1745089802.0,Yeah I get the same result with Steam. There are some games that could run like Portal 2 but they quit because they need steam to be running so I’ll see if I can use goldberg emulator as a workaround.,t1_mnyyujq,0.0004573307523969,1.617088287275692e-06,3.624053715611808e-05,7.485914829885587e-05,9.689867147244512e-05,2.4190920157707296e-05,1.7841768567450345e-05,2025-04-19 19:10:02+00:00
AsahiLinux,pontihejo,1745116355.0,"If it's a gmail account, can you access it in a browser?",t3_1k36fwq,0.0004751492524519,1.593304091329628e-06,3.273249967605807e-05,7.939125498523936e-05,9.900591248879208e-05,2.329177368665114e-05,1.5367761079687625e-05,2025-04-20 02:32:35+00:00
AsahiLinux,pontihejo,1745161842.0,Discord is built on electron so it probably fails for the same reason that the Steam’s Chromium embedded framework does.,t1_mo3gnqn,0.0003947159857489,1.3936560208094306e-06,2.76918235613266e-05,7.261802238645032e-05,9.80112308752723e-05,1.775992859620601e-05,1.3159748050384223e-05,2025-04-20 15:10:42+00:00
AsahiLinux,pontihejo,1745162102.0,"Fair enough, I have a similar situation with a work email. It’s blocked on thunderbird so I access it in outlook on the browser but I have all my other emails in thunderbird.",t1_mo1fqbh,0.0004088446730747,1.681750973148155e-06,3.351033228682354e-05,7.298896525753662e-05,8.823069947538897e-05,2.076068449241575e-05,1.6836616850923747e-05,2025-04-20 15:15:02+00:00
AsahiLinux,pontihejo,1745212525.0,I’ve built wine arm64ec rpmshttps://github.com/lacamar/wine-aarch64-rpm-builder/releases/tag/wine-arm64ec,t1_mnwc1bn,0.0003894212131854,1.667176206865406e-06,3.9775815821485594e-05,7.274298695847392e-05,9.52940754359588e-05,2.1019666746724397e-05,1.7118165487772785e-05,2025-04-21 05:15:25+00:00
AsahiLinux,pontihejo,1745212677.0,"You can run this script, it should do everything for you.https://github.com/lacamar/wine-aarch64-rpm-builder",t1_mo5br1x,0.00046595511958,1.517265104666876e-06,3.5734439734369516e-05,6.293413753155619e-05,0.0001021500283968,2.3528373276349157e-05,1.5122383956622798e-05,2025-04-21 05:17:57+00:00
AsahiLinux,pontihejo,1745221357.0,"I had overlooked that `docker-ce` was not part of the core repos, run this to add the needed repo and install it:      sudo dnf -y install dnf-plugins-core    sudo dnf-3 config-manager --add-repo https://download.docker.com/linux/fedora/docker-ce.repo",t1_mo7xjb6,0.000440263247583,1.434549176337896e-06,3.947867662645877e-05,6.576635496458039e-05,0.000113058835268,1.8019416529568844e-05,1.4413521967071574e-05,2025-04-21 07:42:37+00:00
AsahiLinux,pontihejo,1745222493.0,Can you run winecfg?,t1_mo7wc4o,0.0006702732061967,1.5553596313111484e-06,3.73093607777264e-05,9.7391486633569e-05,0.0001465060049667,3.362519055372104e-05,1.8346427168580703e-05,2025-04-21 08:01:33+00:00
AsahiLinux,pontihejo,1745225830.0,"That's odd, sounds like something is wrong with your wine install. Whenever I reinstall and run wine it creates a new default prefix at \~/.wine without fail.I see that you had built and installed wine earlier using the the git repo and make. Maybe go back to the repo you have, run `./configure --enable-archs=arm64ec,aarch64,i386 --with-wayland` and then run `sudo make uninstall` which should fully remove the old install and remove any conflicting files that could be messing with the RPM wine install",t1_mo82rsz,0.000766992336139,2.8735946671076817e-06,7.606134022353217e-05,9.653760207584128e-05,0.0001052678344422,3.1222003599395975e-05,3.285456114099361e-05,2025-04-21 08:57:10+00:00
AsahiLinux,pontihejo,1745253814.0,"Okay that’s good, we can rule that out. Could you try uninstalling the RPMs you built and install the ones from the release linked at the end of my post? That way we can confirm if something is going wrong with the build on your end or if there is something misconfigured with wine",t1_mo87ztm,0.0004854401049669,1.6070614492491586e-06,3.92891961382702e-05,6.920738087501377e-05,0.0001016312889987,2.3908411094453182e-05,1.816404801502358e-05,2025-04-21 16:43:34+00:00
AsahiLinux,pontihejo,1745254774.0,What could I do to help get this upstreamed? Is it just a matter of making the correct changes to the spec file you linked?,t1_mo7vasn,0.0007648428436368,2.882688022509683e-06,7.512352749472484e-05,8.648719085613266e-05,8.34244056022726e-05,3.3228960091946647e-05,3.4477361623430625e-05,2025-04-21 16:59:34+00:00
AsahiLinux,pontihejo,1745266725.0,"Yeah pretty much, those are the packages and files that result from the build script",t1_mob5xxz,0.0004823117924388,1.9472606709314277e-06,3.881230077240616e-05,8.046402945183218e-05,8.079409599304199e-05,2.5059092877199873e-05,1.996590435737744e-05,2025-04-21 20:18:45+00:00
AsahiLinux,pontihejo,1745266974.0,That package is x86\_64 instead of aarch64. Try this one [https://github.com/displaylink-rpm/displaylink-rpm/releases/download/v6.1.0-4/fedora-41-displaylink-1.14.9-1.github\_evdi.aarch64.rpm](https://github.com/displaylink-rpm/displaylink-rpm/releases/download/v6.1.0-4/fedora-41-displaylink-1.14.9-1.github_evdi.aarch64.rpm),t3_1k4jdgw,0.0004632056807167,1.9261167381046107e-06,4.802582407137379e-05,8.07948672445491e-05,9.222542576026171e-05,2.2774702301830985e-05,1.8816630472429097e-05,2025-04-21 20:22:54+00:00
AsahiLinux,pontihejo,1745308336.0,Okay thanks for letting me know. I’ll do some more testing to try to reproduce this and see if I can make sure it works reliably.,t1_moe0kpc,0.0005278176395222,2.310827767360024e-06,4.8015335778472945e-05,7.770079537294805e-05,8.162145968526602e-05,3.834112794720568e-05,2.2581982193514705e-05,2025-04-22 07:52:16+00:00
AsahiLinux,pontihejo,1745451013.0,Here are the most recent arm64ec binaries  [https://github.com/lacamar/wine-aarch64-rpm-builder/releases/tag/wine-arm64ec-v0.1.1](https://github.com/lacamar/wine-aarch64-rpm-builder/releases/tag/wine-arm64ec-v0.1.1),t3_1k62p36,0.0003873945097438,1.4909256833561813e-06,3.632278094301e-05,7.193472265498713e-05,0.0001020988056552,1.7964646758628078e-05,1.3447583114611916e-05,2025-04-23 23:30:13+00:00
AsahiLinux,pontihejo,1745740606.0,GPU drivers are supported in flatpak,t1_mp9g7gs,0.0006152568967081,1.371983898934559e-06,3.107940938207321e-05,0.0001002312274067,0.0001423152425559,3.007836130564101e-05,1.624015385459643e-05,2025-04-27 07:56:46+00:00
AsahiLinux,pontihejo,1745740742.0,"This is something that's meant to be supported, try installing these pacakages: `asahi-platform-metapackage-flatpak fedora-asahi-remix-release-flatpak fedora-asahi-remix-release-identity-flatpak mesa-asahi-22.08-flatpak mesa-asahi-23.08-flatpak mesa-asahi-24.08-flatpak`",t3_1k8r3ck,0.0004146976280026,1.53617975229281e-06,3.315131471026689e-05,8.591450023232028e-05,9.793732897378504e-05,2.059887265204452e-05,1.408541174896527e-05,2025-04-27 07:59:02+00:00
AsahiLinux,pontihejo,1745840589.0,Post the disk information you get from diskutil,t3_1k9tbjc,0.0003999991749878,1.413255745319475e-06,2.3693057300988585e-05,8.33738231449388e-05,9.644199599279092e-05,2.1435951566672884e-05,1.3850204595655669e-05,2025-04-28 11:43:09+00:00
AsahiLinux,pontihejo,1745840715.0,I think I'm having a similar issue. What output do you get when you run `sudo asahi-btsync`,t3_1k9r6zg,0.0005136714316904,1.586473558745638e-06,3.531605034368113e-05,8.095065277302638e-05,0.0001103108807001,2.7326832423568703e-05,1.8998347513843328e-05,2025-04-28 11:45:15+00:00
AsahiLinux,pontihejo,1745841680.0,You could try `sudo diskutil apfs resizeContainer disk3 494G`,t1_mpgu7nz,0.0003581807832233,1.5553508774246438e-06,2.7572848921408877e-05,7.8720084275119e-05,8.957232785178348e-05,2.0006711565656587e-05,1.35938280436676e-05,2025-04-28 12:01:20+00:00
AsahiLinux,pontihejo,1745842043.0,Oh my bad. That command tried to add 494GB to the current size to make a 738GB container. Try `sudo diskutil apfs resizeContainer disk3 240G` instead.,t1_mpgwtme,0.0032262683380395,3.489221853669733e-06,0.0002425432176096,0.000166241559782,0.0004557964275591,8.307004463858902e-05,6.234052125364542e-05,2025-04-28 12:07:23+00:00
AsahiLinux,pontihejo,1745847653.0,"I'm not sure, there may have already been an issue with the container causing it to hang during the first attempt at installing, or perhaps it could have been caused by forcefully killing the resize command. Maybe someone could help you here [https://matrix.to/#/#asahi:fedoraproject.org](https://matrix.to/#/#asahi:fedoraproject.org)",t1_mph19ge,0.0010783451143652,2.773010692180833e-06,5.9145902923773974e-05,0.00011742895731,0.0001203571955556,0.0001176781443064,2.665409010660369e-05,2025-04-28 13:40:53+00:00
AsahiLinux,pontihejo,1745896060.0,"That looks like it's working, mine just crashes.    thread 'main' panicked at src/main.rs:59:17:    called `Result::unwrap()` on an `Err` value: VariableNotFound    note: run with `RUST_BACKTRACE=1` environment variable to display a backtrace  What do you get if you run `journalctl -eu asahi-btsync.service`",t1_mplicnw,0.000654337927699,1.8094004872182268e-06,4.960651494911872e-05,9.12086179596372e-05,0.0001179593455162,2.7958156351814974e-05,1.9311035430291668e-05,2025-04-29 03:07:40+00:00
AsahiLinux,pontihejo,1745897757.0,"Maybe there's another service that's taking a long time or hanging, you could run `systemd-analyze plot >> boot.svg` and investigate the output",t1_mpllu1s,0.0042681391350924,5.2832251640211325e-06,0.0001795007556211,0.0002402199170319,0.0003269674489274,0.0006560707697644,7.236452802317217e-05,2025-04-29 03:35:57+00:00
AsahiLinux,pontihejo,1745931816.0,"I'm getting the same problem now as well on the latest appimage. It was working for me recently so I'm not sure what broke it.  Here's the crashes I got for opengl then vulkan.    RPCS3: Vulkan Device Enumeration Thread: RSX: Found Vulkan-compatible GPU: 'Apple M1 Pro (G13S C0)' running on driver 25.1.0    RPCS3: Vulkan Device Enumeration Thread: RSX: Found Vulkan-compatible GPU: 'llvmpipe (LLVM 20.1.0, 128 bits)' running on driver 0.0.1    RPCS3: SYS: LLVM version: 19.1.7    RPCS3: SYS: Firmware version: 4.91    QCommandLineParser: option not expecting values: ""updating""    No QtMultimedia backends found. Only QMediaDevices, QAudioDevice, QSoundEffect, QAudioSink, and QAudioSource are available.    Failed to initialize QMediaPlayer ""Not available""    qt.qpa.wayland: Failed to load client buffer integration: ""wayland-egl""    qt.qpa.wayland: Available client buffer integrations: QList(""wayland-egl"")    RPCS3: RSX [0x0000000]: SIG: Thread terminated due to fatal error: Failed to create OpenGL context    (in file /rpcs3/rpcs3/rpcs3qt/gl_gs_frame.cpp:70[:3], in function 'virtual draw_context_t gl_gs_frame::make_context()') (errno=2=No such file or directory)    qt.qpa.wayland.textinput: virtual void QtWaylandClient::QWaylandTextInputv3::disableSurface(::wl_surface *) Try to disable surface 0x22dff240 with focusing surface 0x1db087f0    Failed to initialize QMediaPlayer ""Not available""    RPCS3: RSX: Found Vulkan-compatible GPU: 'Apple M1 Pro (G13S C0)' running on driver 25.1.0    RPCS3: RSX: Found Vulkan-compatible GPU: 'llvmpipe (LLVM 20.1.0, 128 bits)' running on driver 0.0.1    wp_linux_drm_syncobj_timeline_v1#56: error 1: Timeline failed importing    The Wayland connection experienced a fatal error: Protocol error",t3_1k9ware,0.0010739481076598,7.591881512780674e-06,0.0001940369402291,0.0001754237746354,0.0001139579544542,4.124963015783578e-05,9.189402044285087e-05,2025-04-29 13:03:36+00:00
AsahiLinux,pontihejo,1746014309.0,Rule 4. It's an objective for the developers but there is no ETA and other work is prioritised currently. [https://asahilinux.org/2025/02/passing-the-torch/](https://asahilinux.org/2025/02/passing-the-torch/),t3_1kbdw60,0.0003899305011145,1.4497451275019555e-06,3.1311632483266294e-05,6.976012082304806e-05,9.508956281933932e-05,1.7401849618181586e-05,1.3620870959130116e-05,2025-04-30 11:58:29+00:00
AsahiLinux,pontihejo,1746068335.0,"Flatpaks have historically been unreliable on Asahi because their sandboxed versions of linux don't have the right patches, whether it's for drivers or other bugfixes. And yes, Electron has been a sore point and they have repeatedly produced bugs that break 16k page aarch64 systems. Using this flag on broken electron apps might help: `--js-flags=""--nodecommit_pooled_pages""`  It's best to try install this software as an RPM package if it's available on the main repos or COPR, otherwise try whatever releases the project provides or build it from source.",t3_1kbxghu,0.0005594951799139,2.270086497446755e-06,5.230386886978522e-05,8.673785487189889e-05,8.657969010528177e-05,2.2926367819309235e-05,2.5186238417518325e-05,2025-05-01 02:58:55+00:00
AsahiLinux,pontihejo,1746068444.0,I'm not sure if it's possible on KDE,t1_mpqwrza,0.0006165180820971,1.6742058051022468e-06,3.642021329142153e-05,9.91720226011239e-05,0.0001164661298389,3.21554543916136e-05,1.833659734984394e-05,2025-05-01 03:00:44+00:00
AsahiLinux,pontihejo,1746101560.0,"Not really, they would have the same drawbacks as flatpaks if they are packaging libraries like mesa without the right patches for Asahi",t1_mpzrn0r,0.0004190210893284,1.284991299144167e-06,2.643852712935768e-05,7.742055458948016e-05,0.0001089320066967,1.7417440176359378e-05,1.32062641569064e-05,2025-05-01 12:12:40+00:00
AsahiLinux,pontihejo,1746103837.0,"No, switching to Gnome won’t help, the the problem is that those apps do not have arm64 support. Unfortunately those applications are closed source so you’re at the mercy of those companies to compile their software for aarch64 linux, this is sadly the case for most proprietary software. I believe you can use slack and zoom in a browser but that’s obviously not ideal.",t3_1kc7dof,0.0004994090995751,1.5153793810895877e-06,3.909681981895119e-05,6.990129622863606e-05,0.0001112908212235,1.889321174530778e-05,1.5813688150956295e-05,2025-05-01 12:50:37+00:00
AsahiLinux,pontihejo,1746109393.0,"It has gotten better since Asahi started, the developers and users have had an impact already on getting a number of projects to provide or improve their ARM support. This is despite Asahi only having about 50k total recorded installs. I think it’s possible to have an impact if everyone here who wants this software raises the issue.",t1_mq0f1ds,0.0003697693755384,1.3813973964715842e-06,2.8145041142124683e-05,6.861464498797432e-05,9.646591206546871e-05,1.6776097254478373e-05,1.2953552868566476e-05,2025-05-01 14:23:13+00:00
AsahiLinux,pontihejo,1746118028.0,Is this ragebait?,t3_1kcb0rx,0.0043068574741482,2.6300426725356374e-06,0.0001500452926848,0.0001935076143126,0.0010025721276178,7.535893382737413e-05,4.377058576210402e-05,2025-05-01 16:47:08+00:00
AsahiLinux,pontihejo,1746183510.0,Did you run widevine-installer? If you drop the drm files for chrome in the right place in the brave system files it will start working,t3_1kcxpwj,0.0004983845283277,1.6189106872843697e-06,3.624872988439165e-05,7.079922943376005e-05,9.983287600334734e-05,2.644871528900694e-05,1.77752626768779e-05,2025-05-02 10:58:30+00:00
AsahiLinux,pontihejo,1746190053.0,I wasn't at my computer and I did this a long time ago.  I think if you copy this folder `/var/lib/widevine/WidevineCdm` into `/home/snow/.config/BraveSoftware/Brave-Browser-Nightly` it will work.,t1_mq6grfm,0.000546284019947,1.7885539591588897e-06,4.6402037696680054e-05,7.143604307202622e-05,0.000105637278466,2.4344102712348104e-05,1.9846989744110033e-05,2025-05-02 12:47:33+00:00
AsahiLinux,pontihejo,1746195720.0,I just tested spotify in Brave Nightly and it was still working so I must be forgetting something. I had another look and you may also need to create a symbolic link to `/var/lib/widevine/WidevineCdm` inside `/opt/brave.com/brave/` or `/opt/brave.com/brave-nightly`,t1_mq6tt6u,0.0004016175225842,1.5094657328518224e-06,3.5483524698065594e-05,6.483640026999637e-05,9.931303065968676e-05,1.7449976439820603e-05,1.4782338439545128e-05,2025-05-02 14:22:00+00:00
AsahiLinux,pontihejo,1746205471.0,"Don't use the flatpak version, install it from the brave fedora repo. [https://brave.com/linux/](https://brave.com/linux/)    sudo dnf install dnf-plugins-core        sudo dnf config-manager addrepo --from-repofile=https://brave-browser-rpm-release.s3.brave.com/brave-browser.repo        sudo dnf install brave-browser  It will install brave to /opt/brave.com/brave and that's where you need to put the widevine folder/symlink",t1_mq7z2ce,0.0005579657154157,1.4102305385677028e-06,4.056760371895507e-05,7.721072324784473e-05,0.0001466754183638,2.2441152395913377e-05,1.5870373317738995e-05,2025-05-02 17:04:31+00:00
AsahiLinux,pontihejo,1746429119.0,"I’m surprised that works, how are you running it?",t1_mqfjnd5,0.0014777769101783,1.7039684507835773e-06,5.1897743105655536e-05,0.0001346269273199,0.0002496087399777,5.719904584111646e-05,2.654673698998522e-05,2025-05-05 07:11:59+00:00
AsahiLinux,pontihejo,1746435436.0,This clickbait title should be changed. The content doesn’t suggest that Asahi Linux is dead or dying,t3_1kf5ivr,0.0020632874220609,3.252114538554451e-06,7.844177889637649e-05,0.0001740401203278,0.0002099921839544,0.0002112843649229,2.995589966303669e-05,2025-05-05 08:57:16+00:00
AsahiLinux,pontihejo,1746438864.0,It’s not possible to boot into linux from a USB on Mx due to the platform boot chain restrictions,t1_mqi6fhp,0.0004962007515132,1.4850662637400092e-06,3.0210771001293324e-05,9.555413998896256e-05,0.0001065325341187,2.303737710462883e-05,1.6354355466319248e-05,2025-05-05 09:54:24+00:00
AsahiLinux,pontihejo,1746439334.0,All good. This is meant to be a way to chroot Asahi from MacOS by running a fedora VM but I’ve never tried it myself:https://github.com/leifliddy/fedora-macos-vagrant-builder,t1_mqojq37,0.0005148589261807,1.4459673138844664e-06,3.88735716114752e-05,7.712845399510115e-05,0.0001256368996109,2.0723931811517105e-05,1.558831354486756e-05,2025-05-05 10:02:14+00:00
AsahiLinux,pontihejo,1746443142.0,"That unfortunate, it’s important to be able to chroot for situations like this",t1_mqokfog,0.0004571601166389,1.511651134933345e-06,2.7899772248929366e-05,8.560920832678676e-05,0.0001025856909109,3.163832298014313e-05,1.5424759112647735e-05,2025-05-05 11:05:42+00:00
AsahiLinux,pontihejo,1746485002.0,"Yes, just install the winetricks package using dnf. It’s already in the fedora repos",t1_mqqwbcb,0.0006026260089129,1.4428321719606174e-06,3.96837895095814e-05,9.465440962230788e-05,0.0001415007864125,2.2076159439166076e-05,1.599560710019432e-05,2025-05-05 22:43:22+00:00
AsahiLinux,pontihejo,1746733287.0,I thought that was the point of asahi-btsync,t1_mra4t5r,0.0005487616290338,1.5191459397101426e-06,4.881982385995798e-05,6.727740401402116e-05,0.000130870466819,1.9589971998357217e-05,1.836183037084993e-05,2025-05-08 19:41:27+00:00
AsahiLinux,pontihejo,1746764681.0,"Flatpak as a rule should be a last resort on Asahi since they can be unreliable or broken. Check dnf/rpm-repos, project releases, and try compiling before using flatpak",t3_1ki1w21,0.0004704749444499,1.789982320588024e-06,3.924444536096416e-05,7.372824620688334e-05,9.097599831875414e-05,2.16738844756037e-05,1.7090304027078673e-05,2025-05-09 04:24:41+00:00
AsahiLinux,pontihejo,1746955470.0,"I’ve had a lot of them be broken like standard notes for example. I mostly stopped using them long ago since they rarely worked for me or the software just wasn’t available anyway, maybe I’m wrong and that has improved a lot now but I have had a better time packages and project releases/sources... For a long time flatpak only supported software rendering because it’s so difficult to get any needed Asahi patches/driver support into the flatpak ecosystem.",t1_mron6kq,0.0003943879855796,1.6465843373225653e-06,3.921624011127278e-05,6.14597083767876e-05,8.712631824892014e-05,1.734047145873774e-05,1.5955263734213077e-05,2025-05-11 09:24:30+00:00
AsahiLinux,pontihejo,1746969270.0,"I'm pretty sure none of that firmware level apple telemetry works at all when Linux is running or possibly even during the boot process. Find My hasn't seen my laptop since last month for example, and that's despite rebooting most days.",t3_1kjzub7,0.0003941117320209,1.3904260640629218e-06,2.7990781745756976e-05,6.998926983214915e-05,0.0001010790292639,1.771937786543276e-05,1.4540926713380031e-05,2025-05-11 13:14:30+00:00
AsahiLinux,pontihejo,1747026842.0,"I’m pretty sure that will all work when the fix for that nasty electron bug gets down to the flatpak packages, so it’s a build/release schedule issue",t3_1kkbelw,0.0013659980613738,1.9557023733796086e-06,7.660625851713121e-05,8.877132495399565e-05,0.0002349630231037,4.205258665024303e-05,2.926556408056058e-05,2025-05-12 05:14:02+00:00
AsahiLinux,pontihejo,1747185934.0,Stalker is one of the rare exceptions that can run natively on arm linux. There is a project called open xray that will load the games with a native engine.https://github.com/OpenXRay/xray-16,t1_ms55fx7,0.0005372820305638,1.6423673514509574e-06,3.389799167052843e-05,9.211520955432206e-05,0.0001109034055843,2.7765572667703964e-05,1.7843265595729463e-05,2025-05-14 01:25:34+00:00
AsahiLinux,pontihejo,1747186038.0,Lightroom runs with wine Arm64ec if you get the right version. It’s actually useable. Muvm plus FEXBash and x86 wine runs it too but it’s much slower and prone to crashing. Photoshop may run too but I have not tested it,t1_ms50pcq,0.0004385216452647,1.7037799580066348e-06,3.919615846825763e-05,7.730819925200194e-05,9.637304174248128e-05,1.7341530110570602e-05,1.9725961465155702e-05,2025-05-14 01:27:18+00:00
AsahiLinux,pontihejo,1747186729.0,"Some of Adobe products might run at a usable level using wine arm64ec, but you may need to hunt for the right versions of the software",t1_ms519ny,0.0003884377074427,1.4397587619896512e-06,2.8267349989619103e-05,7.198296225396916e-05,9.523047629045324e-05,1.9335397155373357e-05,1.4569270206266085e-05,2025-05-14 01:38:49+00:00
AsahiLinux,pontihejo,1747186804.0,"Lutris does run, they ship aarch64 builds on fedora and it’s usable if you install aarch64 wine",t1_ms5sxri,0.0005419349181465,1.8006779782808735e-06,4.817283479496837e-05,7.40094474167563e-05,0.000103276091977,2.4024495360208675e-05,2.0622164811356924e-05,2025-05-14 01:40:04+00:00
AsahiLinux,pontihejo,1747191327.0,"•	⁠VLC - yes•	⁠QbitTorrent - yes•	⁠Mullvad VPN - yes, they have arm builds on their website•	⁠Photoshop and other Adobe products, I’m used to having the whole suite - Can confirm lightroom works with the right setup, some other adobe software may work•	⁠SoulSeek - unsure however slskd is a linux alternative client that supports arm•	⁠7zip - yes•	⁠Foobar2000 - unsure, may work with muvm+fex+wine or wine arm64ec•	⁠Filezilla (for FTP servers) - yes•	⁠a small handful of non-Steam games, mostly old-head stuff, like the S.T.A.L.K.E.R. trilogy and mods - STALKER yes with open xray but the mods may not work. HL2 can also be played natively on linux arm with the leaked engine project if that’s still available. Openmw for morrowind too if that interests you. Impossible to say for other games but they might work with muvm+fex+wine",t3_1klsg2v,0.0009291370515711,2.6270495254721027e-06,0.0001239435077877,0.0001040077331708,0.0002181089221267,2.6557143428362903e-05,4.2189964005956426e-05,2025-05-14 02:55:27+00:00
AsahiLinux,pontihejo,1747193087.0,"All good, I thought the same too until I randomly searched it in dnf",t1_ms7jhss,0.0008683159248903,3.1137255973590072e-06,0.0001631543564144,8.309332770295441e-05,0.0001368004304822,2.335162389499601e-05,4.156061913818121e-05,2025-05-14 03:24:47+00:00
AsahiLinux,pontihejo,1747372684.0,"•	⁠120Hz screen support - not yet•	⁠Good battery life, especially on sleep mode - it’s okay but not as good as MacOS, sleep is much better on MacOS•	⁠General good performance (3D acceleration etc) - vulkan and opengl drivers are fully conformant, performance is good. On an M1pro, glmark2 gets over 3000 points",t1_mskqdrs,0.0004226990276947,1.676418719398498e-06,3.7776324461447075e-05,7.486178947146982e-05,9.889843204291536e-05,1.9370278096175753e-05,1.7139269402832724e-05,2025-05-16 05:18:04+00:00
AsahiLinux,pontihejo,1747372728.0,"•	⁠120Hz screen support - not yet•	⁠Good battery life, especially on sleep mode - it’s okay but not as good as MacOS, sleep is much better on MacOS •	⁠General good performance (3D acceleration etc) - vulkan and opengl drivers are fully conformant, performance is good. On an M1pro, glmark2 gets over 3000 points",t3_1knrtml,0.0004195754881948,1.6796977888589026e-06,3.769495742744766e-05,7.456647290382534e-05,9.815114754019304e-05,1.923677700688131e-05,1.713155688776169e-05,2025-05-16 05:18:48+00:00
AsahiLinux,pontihejo,1747372946.0,Swap functionality can also suffer if you partition is too small so you might see the process killer dialog more often,t3_1kng7ze,0.0007840553298592,1.5983400771801826e-06,3.405117604415864e-05,0.0001060761787812,0.0001511560549261,4.348418224253692e-05,1.9966018953709863e-05,2025-05-16 05:22:26+00:00
AsahiLinux,pontihejo,1747410161.0,"Out of curiosity, what model are you using and what score do you get for glmark2-wayland?",t3_1ko3a87,0.0004420245822984,1.3281488691063714e-06,2.6030285880551673e-05,8.737317693885416e-05,0.0001108061624108,2.001188295253087e-05,1.2831364983867388e-05,2025-05-16 15:42:41+00:00
AsahiLinux,pontihejo,1747471871.0,Hyprland gets much lower performance on that test for me than other compositors and I’m trying to find out if it’s something affecting everyone or just me,t1_msp65yc,0.0007377037545666,1.3531811191569432e-06,3.622578151407651e-05,9.099517774302512e-05,0.0001705431641312,2.1303383618942465e-05,1.9453025743132457e-05,2025-05-17 08:51:11+00:00
AsahiLinux,pontihejo,1747472021.0,Seems like a good score but it’s a bit hard to compare since we’re on different hardware. On an M1 pro I get around 800 but in other compositors I get around 3000. Could you run the test on sway just as another reference point?,t1_msp8xn5,0.0003902149328496,1.5290834198822267e-06,3.3599677408346906e-05,6.686460983473808e-05,9.59411627263762e-05,1.9706427337951027e-05,1.5555047866655514e-05,2025-05-17 08:53:41+00:00
AsahiLinux,pontihejo,1747486180.0,"I think you can only see the result if you run it from a terminal. When I run the test, I get around 600-800 on Hyprland and about 3000 on other compositors",t1_mss0394,0.0004412764683365,1.5307292642319226e-06,3.265359191573225e-05,7.492885197279975e-05,9.990201942855492e-05,2.2406315110856667e-05,1.6012974811019376e-05,2025-05-17 12:49:40+00:00
AsahiLinux,pontihejo,1747513619.0,Thanks for doing that! I’m on an M1 pro so if you’re getting a higher score on a base M1 then something must be wrong with my setup,t1_msuj7vg,0.0006313661579042,1.7313335547441966e-06,4.954902033205144e-05,8.223294571507722e-05,0.0001289537467528,2.5282399292336777e-05,2.0148418116150424e-05,2025-05-17 20:26:59+00:00
AsahiLinux,pontihejo,1747577825.0,There might be problems with the current build of standard notes. I had issues previously with releases from their github not running at all. I will try build it again shortly and see if I run into any problems.If you run the app image from the terminal (i.e. «./standard-notes-3.108.192-linux-arm64.appimage» does it show any errors in the output?,t1_msycq1m,0.0003927763027604,1.6459468952234602e-06,3.462811218923889e-05,6.866026524221525e-05,8.589262870373204e-05,1.9138660718454048e-05,1.4858347640256396e-05,2025-05-18 14:17:05+00:00
AsahiLinux,pontihejo,1747854870.0,"I think technically you can but you will have no way of doing firmware updates and I would expect it to cause other problems too, the kind that would need a DFU restore to fix",t3_1ks5lj1,0.0005872076726518,1.8429192323310415e-06,4.357226498541422e-05,7.971944432938471e-05,9.622336801839992e-05,2.521517308196053e-05,1.946059819601942e-05,2025-05-21 19:14:30+00:00
AsahiLinux,pontihejo,1747856487.0,There is still a big difference on pro/max models during regular use,t1_mtj1scx,0.0004017635947093,1.3355322607822018e-06,2.426603714411613e-05,8.255720604211092e-05,0.0001023171207634,1.8371691112406552e-05,1.5105346392374486e-05,2025-05-21 19:41:27+00:00
AsahiLinux,pontihejo,1748093357.0,It’s not possible to use a usbc to hdmi dongle since it fundamentally relies on dp alt mode. Hdmi is only for devices that have a built in hdmi port,t1_mtyxj3f,0.0004903383087366,2.0749027953570476e-06,4.622157939593308e-05,8.490466279909015e-05,8.147813787218183e-05,2.2912054191692732e-05,2.031109033850953e-05,2025-05-24 13:29:17+00:00
AsahiLinux,pontihejo,1748321490.0,"No, not at the moment. Flatpak is not supported in Fexbash. Maybe if it was released in a different way it could be made to run",t1_mucbh3r,0.0003619999624788,1.3472989621732268e-06,2.5701820050016977e-05,7.002799247857183e-05,9.55507712205872e-05,1.6787204003776424e-05,1.3032707101956476e-05,2025-05-27 04:51:30+00:00
AsahiLinux,pontihejo,1748612958.0,"Usually the resizing is fairly quick. Very atypical for it to take days but I would be reluctant to kill the process, even though it's inconvenient to wait. Killing the process might corrupt your partitions in some way. Hopefully one of the developers can give you their take on it if it doesn't complete normally...",t3_1kwq7am,0.0610525868833065,2.679329008969944e-05,0.0006330373580567,0.0007507266709581,0.0009918961441144,0.035406406968832,0.000174781656824,2025-05-30 13:49:18+00:00
AsahiLinux,pontihejo,1748752301.0,You can refer to this guide to as well[https://discussion.fedoraproject.org/t/tutorial-how-to-create-a-windows-11-vm/147506](https://discussion.fedoraproject.org/t/tutorial-how-to-create-a-windows-11-vm/147506),t3_1l0cxcx,0.0003664508112706,1.48856008763687e-06,3.377411485416815e-05,6.427888729376718e-05,9.373239299748092e-05,1.6984191461233422e-05,1.2832882930524647e-05,2025-06-01 04:31:41+00:00
AsahiLinux,pontihejo,1748872366.0,Not vey practical because it will unmount every time your laptop sleeps,t1_mvkq0cp,0.0006580875487998,1.7255676993954694e-06,3.934442429454066e-05,0.0001025776655296,0.0001188200403703,2.984884849865921e-05,2.0730651158373803e-05,2025-06-02 13:52:46+00:00
AsahiLinux,pontihejo,1748910611.0,Why has the electron ecosystem been a source of so many problems?  I can recall a lot of pagesize-related issues from them over the time I've used Asahi.,t1_mvoejsf,0.0005078357062302,1.9950302885263227e-06,4.301691660657525e-05,8.005173003766686e-05,8.063738641794771e-05,2.115960887749679e-05,2.1976655261823907e-05,2025-06-03 00:30:11+00:00
AsahiLinux,pontihejo,1748928562.0,"Okay, I can see how that would be an endless source of bugs. Doesn't seem like they test on 16k aarch64 or care when it breaks. Is there any way to get google to change what they're doing?",t1_mvp37o7,0.0010764268226921,3.934137112082681e-06,0.0001021629796014,0.0001240850688191,9.92969289654866e-05,4.425818769959733e-05,5.337749098544009e-05,2025-06-03 05:29:22+00:00
AsahiLinux,pontihejo,1748937892.0,They can't boot because the developers have to build a new version of the chain of software that boots Asahi for each new device. The hardware changes enough between generations to require a significant amount of reverse engineering and reworking to get everything in order again.The workload for this is demanding and requires a lot of training/experience with the relevant topics and tooling to effectively contribute so there's not much we can do to help really beside financial support.,t3_1l25urf,0.0004106672422494,1.3444866908685071e-06,2.939635669463314e-05,6.309187301667407e-05,0.0001052132356562,1.827187043090817e-05,1.3872544514015315e-05,2025-06-03 08:04:52+00:00
AsahiLinux,pontihejo,1748967130.0,Yeah I get that fairly often. Magenta is the «failed to render surface» colour on these GPUs. I see I a lot when RAM is getting strained,t1_mvqt35n,0.0005076079978607,1.695548917268752e-06,3.579433177947067e-05,8.177993004210293e-05,0.0001007271639537,2.439523086650297e-05,1.709454409137834e-05,2025-06-03 16:12:10+00:00
AsahiLinux,pontihejo,1749072671.0,"Asahi will use the shared memory properly as VRAM, that’s no issue. There are some quirks with swap/zswap though, it doesn’t seem to work as perfectly as swap on MacOS and zram is buggy and crash prone when under heavy load. As for the neural engine, Asahi does have an out-of-tree driver for it, but the Linux ecosystem is not sufficiently mature to have the right standards to connect it to and make it useful (at least that’s my vague understanding of it).Bluetooth works okay, but sometimes has quirks like interfering with 2.4ghz wifi. Fedora Asahi Remix is still the only officially supported distro, but this will become less relevant as upstreaming improves and makes alt-distros easier to maintain. Arch Linux Asahi was recently revived and there are people using it but I don’t have much insight to how well supported it really is. Should you try both to determine whether all the right features you need are working as intended.",t3_1l36u29,0.0003777889651246,1.3190026493248297e-06,2.8231004762346856e-05,6.350680632749572e-05,0.0001026015306706,1.5703306416980922e-05,1.2367637282295618e-05,2025-06-04 21:31:11+00:00
AsahiLinux,pontihejo,1749173789.0,It's worth using zswap on these machines,t1_mw44rtg,0.0018653904553502,3.201933623131481e-06,9.741991379996762e-05,0.0001697697443887,0.0002368345740251,0.0001627232268219,3.6137967981630936e-05,2025-06-06 01:36:29+00:00
AsahiLinux,pontihejo,1749280319.0,"Try «trackpad is too damn big»When I use it with the flags for 15% on the sides and 8% on the top ( -b 0 -r 15 -l 15 -t 8 ), it pretty much solves all my trackpad activation problems for tap to click",t1_mwg9e1t,0.209116131067276,0.0001774301781551,0.2683843970298767,0.0005334644811227,0.0100861340761184,0.0002395616611465,0.0006974628777243,2025-06-07 07:11:59+00:00
AsahiLinux,pontihejo,1749280435.0,The power button shutdown is bound in /etc/systemd/logind.conf as «HandlePowerKey»You can change it to something you prefer more,t1_mwgaqfh,0.0005454858765006,1.680175046203658e-06,3.612508226069622e-05,8.034869824768975e-05,0.0001043597076204,2.4702636437723413e-05,1.8550865206634622e-05,2025-06-07 07:13:55+00:00
AsahiLinux,pontihejo,1749284818.0,"Yeah, here’s the latest releasehttps://github.com/tascvh/trackpad-is-too-damn-big/releases/tag/v1.0.0You can download an rpm to install it. It lets you prevent the trackpad from activating from the edges, but lets you use the full area once you have activated it intentionally",t1_mwgf4qe,0.2157286405563354,0.0001599043025635,0.2593644857406616,0.0005692081758752,0.0185945723205804,0.0001920933864312,0.0008996183169074,2025-06-07 08:26:58+00:00
AsahiLinux,pontihejo,1749299018.0,It might be possible to boot straight from uboot to linux kernel EFI stub which would save you some time by skipping grub,t3_1l5g32x,0.0008799855131655,3.350295628479216e-06,7.812720286892727e-05,0.0001183615968329,8.712581620784476e-05,5.3673898946726695e-05,4.1374914871994406e-05,2025-06-07 12:23:38+00:00
AsahiLinux,pontihejo,1749389335.0,"There is some information on this post you may find helpful.[https://www.reddit.com/r/AsahiLinux/comments/1jl7fyb/obsidiandb\_crashing\_100\_of\_the\_time/](https://www.reddit.com/r/AsahiLinux/comments/1jl7fyb/obsidiandb_crashing_100_of_the_time/)Also I would recommend using the appimage or tarball over flatpak. [https://github.com/obsidianmd/obsidian-releases/releases](https://github.com/obsidianmd/obsidian-releases/releases)You need to run obsidian with this flag  `./obsidian --js-flags=""--nodecommit_pooled_pages""`This is still the case for the latest version, but with the flag it seems to prevent the crashes from the electron bug.",t3_1l5xd0f,0.0006767671438865,1.549684498058923e-06,5.2970968681620434e-05,6.764956924598664e-05,0.0001794210111256,2.0270801542210393e-05,1.842434539867099e-05,2025-06-08 13:28:55+00:00
AsahiLinux,pontihejo,1749389770.0,188GB is the amount of space that MacOS is currently taking up on your system. Some of that space may be snapshots or other system files that can be safely deleted,t3_1l62naq,0.0006129055982455,2.087440407194663e-06,4.7411638661287725e-05,8.205035555874929e-05,9.412785584572704e-05,2.402497557341121e-05,2.7512120141182095e-05,2025-06-08 13:36:10+00:00
AsahiLinux,pontihejo,1749399766.0,"Yes, I believe that's factored in to the resize limits in the script. In any case, you have a lot of system files that are safe to purge if it turned out there was not enough space for some reason",t1_mwo286e,0.0006385124870575,2.1171788375795586e-06,4.604134301189333e-05,8.077576057985425e-05,9.169392433250324e-05,2.742135984590277e-05,2.7602523914538324e-05,2025-06-08 16:22:46+00:00
AsahiLinux,pontihejo,1749483104.0,I’m not sure it works if you don’t have fedora 42. Have you tried installing the rpms from the release?https://github.com/lacamar/wine-arm64ec-rpm/releases/tag/wine-arm64ec-13.05.2025,t1_mwu00xx,0.0005006986903026,1.5711864307377257e-06,3.704049959196709e-05,8.407777932006866e-05,0.000106722676719,2.2301581338979304e-05,1.5143742530199232e-05,2025-06-09 15:31:44+00:00
AsahiLinux,pontihejo,1749509545.0,Wine could not be installed because the binary /usr/bin/alternatives is missing. Have you tried installing it?‘sudo dnf install alternatives’,t1_mww83qa,0.0006874988903291,1.8899795577453915e-06,5.544740270124748e-05,8.961308049038053e-05,0.0001265022001462,2.4507295165676624e-05,2.617848076624796e-05,2025-06-09 22:52:25+00:00
AsahiLinux,pontihejo,1749512062.0,Those were exciting times. Crazy to think the project has come this far,t1_mww5hhj,0.0028025829233229,1.5415333791679586e-06,8.030595927266404e-05,0.0001157094084192,0.000793948478531,3.7621088267769665e-05,2.099554694723338e-05,2025-06-09 23:34:22+00:00
AsahiLinux,pontihejo,1749541656.0,It sounds like the physical HDMI port should be supported in OP’s scenario and that he encountered some kind of bug,t1_mwz6jo8,0.0004835966101381,1.4872531437504222e-06,3.032403219549451e-05,7.667759928153828e-05,0.0001039394119288,2.2172498574946076e-05,1.610815161257051e-05,2025-06-10 07:47:36+00:00
AsahiLinux,pontihejo,1749544669.0,Manually install the binary. It's preventing all the other wine binaries from being install because you have not satisfied the dependency.  [https://rpmfind.net/linux/fedora/linux/updates/42/Everything/aarch64/Packages/a/alternatives-1.33-1.fc42.aarch64.rpm](https://rpmfind.net/linux/fedora/linux/updates/42/Everything/aarch64/Packages/a/alternatives-1.33-1.fc42.aarch64.rpm),t1_mwzbkla,0.0004117093048989,1.5266414266079664e-06,5.4249412642093375e-05,5.2932289690943435e-05,0.0001021010466502,1.8483000530977733e-05,1.4950423974369189e-05,2025-06-10 08:37:49+00:00
AsahiLinux,pontihejo,1749690545.0,Have a look at the documentation for x86 compatibility. It might help you resolve some of the bugs that you’re having https://docs.fedoraproject.org/en-US/fedora-asahi-remix/x86-support/,t3_1l8rb8i,0.0005949540645815,1.805728629733494e-06,4.9720838433131576e-05,7.211480988189578e-05,0.0001152907789219,2.2510103008244187e-05,2.0614887034753338e-05,2025-06-12 01:09:05+00:00
AsahiLinux,pontihejo,1749690900.0,Running a browser under x86 translation might work but it will not be performant,t1_mx788r2,0.0005721437046304,2.320248313480988e-06,4.2120977013837546e-05,0.000104859478597,8.098570833681151e-05,2.8161202862975188e-05,2.3474047338822857e-05,2025-06-12 01:15:00+00:00
AsahiLinux,pontihejo,1749690963.0,"Out of curiosity, what software were you missing?",t1_mx743pu,0.0013728202320635,1.6663163933117175e-06,5.581520963460207e-05,0.0001065471660695,0.000252015364822,3.462668973952532e-05,2.3498370865127072e-05,2025-06-12 01:16:03+00:00
AsahiLinux,pontihejo,1749709533.0,Librewolf provides aarch64 appimages now[https://gitlab.com/librewolf-community/browser/appimage/-/releases](https://gitlab.com/librewolf-community/browser/appimage/-/releases)The aarch64 space in Linux has steadily been getting better over the past few years,t1_mxb3n62,0.0003900064912158,1.46493437114259e-06,3.403578739380464e-05,6.779106479370967e-05,9.994985157391056e-05,1.6970916476566344e-05,1.328207326878328e-05,2025-06-12 06:25:33+00:00
AsahiLinux,pontihejo,1750319673.0,"It's built for aarch64 Linux but I'm getting an error (at least on Hyprland), ""Timeline failed importing"" which is something I have seen previously with other software using a vulkan backend",t1_mylan3f,0.0004243466537445,1.9643493942567147e-06,4.3213702156208456e-05,6.91410168656148e-05,7.880217890487984e-05,1.9286539099994116e-05,1.9523278751876205e-05,2025-06-19 07:54:33+00:00
AsahiLinux,pontihejo,1751027380.0,Just press F5 on here until you see it,t3_1llsaph,0.0021966979838907,5.456642611534335e-06,0.0003477712452877,9.201161446981132e-05,0.0002342456864425,0.0002152069791918,6.457015842897817e-05,2025-06-27 12:29:40+00:00
AsahiLinux,pontihejo,1751033067.0,Not yet,t3_1llu630,0.0003920871822629,1.059117153090483e-06,2.0902949472656474e-05,6.962852785363793e-05,0.0001031898573273,1.677163345448207e-05,1.1899427590833511e-05,2025-06-27 14:04:27+00:00
AsahiLinux,pontihejo,1751294125.0,Not possible without installing m1n1 (at a minimum) internally,t3_1lo8nqr,0.0004149016458541,1.7270231182919815e-06,3.306745566078462e-05,7.624732097610831e-05,8.686756336828694e-05,2.114841117872857e-05,1.5873491065576673e-05,2025-06-30 14:35:25+00:00
AsahiLinux,pontihejo,1751396968.0,"It's not possible to install on M4 yet, only M1 and M2",t1_n0sfdhe,0.0004828856326639,1.7430015759600792e-06,4.177515074843541e-05,7.636199734406546e-05,9.820769628277048e-05,2.264849354105536e-05,1.8523040125728585e-05,2025-07-01 19:09:28+00:00
AsahiLinux,pontihejo,1751678706.0,They don’t do bounties. All money helps the project though,t1_n1do4jc,0.0004207682795822,1.3269082046463154e-06,2.927631066995673e-05,7.026016828604043e-05,0.0001081044902093,1.7948259483091533e-05,1.3814086742058862e-05,2025-07-05 01:25:06+00:00
AsahiLinux,pontihejo,1751843203.0,"No, it doesn’t work",t3_1ltehkk,0.000617719721049,1.605249281055876e-06,4.168016675976105e-05,7.93964063632302e-05,0.0001200393817271,2.517648863431532e-05,1.827863343351055e-05,2025-07-06 23:06:43+00:00
AsahiLinux,pontihejo,1751843625.0,Probably just linux in a VM on MacOS,t1_n1ptndk,0.0004465064266696,1.3100717524139327e-06,2.905159090005327e-05,7.454861770384014e-05,0.0001125668932218,2.035378747677896e-05,1.2728817637253089e-05,2025-07-06 23:13:45+00:00
AsahiLinux,pontihejo,1751946339.0,"That’s unusual for it to take so long, but whatever you do don’t force it to stop, if the resize operation doesn’t stop gracefully it could cause data corruption",t3_1luem9h,0.000669312546961,1.3574192507803673e-06,3.743891647900455e-05,7.682667637709528e-05,0.0001525805419078,2.423689693387132e-05,1.891161809908226e-05,2025-07-08 03:45:39+00:00
AsahiLinux,pontihejo,1751984532.0,"Not sure if this would effect youtube, but have you run widevine-installer?   Also which browser are you using?I think youtube has an issue with throttling some devices based on their user agent string",t3_1lupfu6,0.0009761792025528,3.4152337775594788e-06,8.093498036032543e-05,0.0001247109030373,9.290827438235284e-05,3.8144189602462575e-05,4.243934017722495e-05,2025-07-08 14:22:12+00:00
AsahiLinux,pontihejo,1752021133.0,Are you on a standard Asahi Fedora install? It should just work if you run `sudo dnf install steam`Paste the errors you get with the full terminal output here in the comments,t3_1lv31cr,0.0006389054469764,1.52412189891038e-06,3.789376933127642e-05,7.616622315254062e-05,0.0001292154192924,2.534502164053265e-05,1.741856976877898e-05,2025-07-09 00:32:13+00:00
AsahiLinux,pontihejo,1752201516.0,"I think the maintenance load will get more manageable as the project matures. A lot of the time consuming work revolves around rebasing against upstream, and maintenance like the CI pipelines for M-series devices.Once Asahi is much more upstream in the kernel, it should free up development time to just focus on the new additions and make it more sustainable for the long term like M10, etc. As Asahi becomes more popular and mature, more developers may also begin contributing in the future which could help the pace of progress.""Asahi"" is ultimately a patchset for the Linux kernel that lets it run on M-series hardware along with the boot chain to get to a point where you can load a third-party kernel. In an ideal world, every patch gets merged into mainline Linux, and it's just a matter of updating it and the boot chain.The major caveat is that there's no way of knowing what changes Apple will make to future hardware, so in that sense it just has to be taken as it comes.",t3_1lwrj6t,0.0003879544092342,1.3276562640385237e-06,2.9774591894238256e-05,6.086949724704027e-05,0.0001075123436748,1.834389149735216e-05,1.2513135516201146e-05,2025-07-11 02:38:36+00:00
AsahiLinux,pontihejo,1752319884.0,"I have been having this issue as well and would appreciate if it was fixed.    HDMI doesn't work after sleep, even when plugging or unplugging the display.Sometimes the internal display stops working entirely as well.Only way to deal with it is to restart the computer.Has a bug report been submitted for this problem?",t3_1lsmv8l,0.0004221684648655,1.5682941238992498e-06,3.271330933785066e-05,6.622931687161326e-05,9.552005940349773e-05,2.0313123968662697e-05,1.6868245438672602e-05,2025-07-12 11:31:24+00:00
AsahiLinux,pontihejo,1752324192.0,"Thanks for the explanation, that's interesting to hear how it works and what is needed on M4 for the reverse engineering process. Funny to think that by making the non-MacOS environment more ARM compliant that it ended up making things harder for RE.",t1_n2j26ol,0.000401032535592,1.3721671621169662e-06,2.556200161052402e-05,8.232772961491719e-05,0.0001003369907266,1.9189705199096352e-05,1.3078025403956415e-05,2025-07-12 12:43:12+00:00
AsahiLinux,pontihejo,1752516590.0,Confusing labelling. It’s just a standard arm64 Linux image,t3_1lztnib,0.0004722388985101,1.4387018154593534e-06,2.6873924070969224e-05,8.510512270731851e-05,0.0001027745602186,2.171035521314479e-05,1.605689431016799e-05,2025-07-14 18:09:50+00:00
AsahiLinux,pontihejo,1752608206.0,Asahi does actually have vulkan gpu support,t3_1m0nwgo,0.0006980573525652,1.714967879706819e-06,6.175480666570365e-05,9.774494537850842e-05,0.0001550082379253,1.805433385015931e-05,2.0970053810742684e-05,2025-07-15 19:36:46+00:00
AsahiLinux,pontihejo,1752688483.0,I’ve used distant horizons a while ago on Asahi so I can confirm that it works. Minecraft runs great since it’s supported natively on Aarch64 Linux,t3_1m1j7y8,0.0003440991858951,1.5443246184076995e-06,2.9150220143492337e-05,7.226681191241369e-05,8.475743379676715e-05,1.7091006156988442e-05,1.4441453458857724e-05,2025-07-16 17:54:43+00:00
AsahiLinux,pontihejo,1752789689.0,"  2. There are some tools available for running x86 software, they are FEXEmu, Box64, and muvm. x86 binaries all assume a 4k pagefile environment but Asahi uses 16k, so muvm is a lightweight emulator to provide a 4k environment. With that, FEXEmu can do fast emulation of x86 binaries - similar to Rosetta on MacOS. Box64 is like FEXEmu, but it can work in 16k environment, but it's less reliable and can't run x86\_32 binaries (for now). Wine with ARM64EC support can also be used to run x86 windows binaries (32 and 64 but) in at 16k environment, but it's not very reliable yet.3. Gimp works on Asahi, and something like Kdenlive might be the best option. Davinci resolve's x86\_64 linux or Windows ARM binaries might be usable with the translation tools above",t3_1m2ceyc,0.000835460727103,4.415154307935154e-06,0.0001046424149535,0.0001735454716254,0.0001082892704289,2.0656176275224425e-05,8.35112514323555e-05,2025-07-17 22:01:29+00:00
AsahiLinux,pontihejo,1753118291.0,I'm on an M2 pro and I get problems with HDMI not giving any output until I restart.,t3_1m4xpmf,0.0005291699199005,1.6114062191263656e-06,3.950940663344227e-05,8.825737313600257e-05,0.0001134749909397,2.568043055362068e-05,1.7976317394641228e-05,2025-07-21 17:18:11+00:00
AsahiLinux,pontihejo,1753383076.0,"Yeah I'm getting this too. Like the other commenter said, I believe it's related to changes with explicit sync that were made in Hyprland v0.50, which also affects vulkan+wayland apps. Looks like a pull request to fix it was merged yesterday, so the hyprland-git package from the solopasha Copr should contain the fix soon.",t3_1m897e5,0.0003903965116478,1.5838703575354884e-06,3.626435864134692e-05,6.791931082261726e-05,9.100974421016872e-05,1.683578193478752e-05,1.4155301869323011e-05,2025-07-24 18:51:16+00:00
AsahiLinux,pontihejo,1753480510.0,The is no way of knowing when that will be. The drivers aren't ready yet so all we can do is be patient and supportive until they are available.,t3_1m954vq,0.0005445028073154,1.4189696457833634e-06,2.7794054403784685e-05,9.122271148953588e-05,0.0001250759232789,3.1086819944903255e-05,1.733987664920278e-05,2025-07-25 21:55:10+00:00
AsahiLinux,pontihejo,1753560512.0,Yeah that will be great if it happens. Even if wine arm64ec gets patched to the point that steam.exe works should help a lot,t1_n5bi59q,0.0004375009739305,1.5517948668275494e-06,3.234860560041852e-05,8.303004869958386e-05,9.81604098342359e-05,2.3983953724382445e-05,1.694825550657697e-05,2025-07-26 20:08:32+00:00
AsahiLinux,pontihejo,1753561799.0,"The Copr build is only wine 10.8 and the wow and fex DLLs are built from FEX 2507.1. When I use higher versions of wine, it breaks ARM64EC in my testing. I haven't found a way to build higher versions of Wine without it crashing out immediately.    I just tried FEX 2505 with ER and it still crashes... not sure what I did to get it to launch honestly. No huge loss since the performance was unplayable, sadly",t1_n5bi59q,0.0006920297164469,2.720418478929787e-06,7.657390233362094e-05,0.0001169242459582,0.000115136092063,2.022548324021045e-05,4.994095434085466e-05,2025-07-26 20:29:59+00:00
AsahiLinux,pontihejo,1753695702.0,There is no ETA for an official release,t1_n5k4ea5,0.0004266259202267,1.3985877558297943e-06,2.6713025363278575e-05,7.540249498561025e-05,9.911198867484929e-05,2.1257985281408764e-05,1.3849940842192154e-05,2025-07-28 09:41:42+00:00
AsahiLinux,pontihejo,1753907236.0,"If you want to run x86 wine, you have to do that inside muvm because it requires 4k pages. The easiest way would be to add a program to Steam (from the asahi Steam package) and run it using Proton there. You can also get a prebuilt x86 wine from the kron4ek github repo's releases section.Before that, it's worth testing if the .exe you are interested in runs okay with wine-arm64ec, this is an experimental mode in wine that can run on the host system without muvm, you can install it from my Copr repo: `sudo dnf copr enable lacamar/wine-arm64ec`,  `sudo dnf install fex-emu-wine wine-*`",t3_1mddl0o,0.0004679117701016,1.9201104350941023e-06,5.1996026741107926e-05,7.71141130826436e-05,0.0001050180799211,2.1895237296121195e-05,2.2217687728698365e-05,2025-07-30 20:27:16+00:00
AsahiLinux,pontihejo,1753993023.0,This page from the Asahi Linux website has all the official community links[https://asahilinux.org/community/](https://asahilinux.org/community/),t3_1mdt83w,0.0003565076040104,1.6420838164776796e-06,3.300797106930986e-05,6.653493619523942e-05,8.135065581882372e-05,1.7286893125856295e-05,1.4232538887881674e-05,2025-07-31 20:17:03+00:00
AsahiLinux,pontihejo,1754167712.0,Video output over DP-alt mode (USB-C) is not supported yet.,t3_1mg015c,0.0004150766762904,1.3843027772963978e-06,2.864850830519572e-05,7.253074727486819e-05,0.0001061261500581,1.94891617866233e-05,1.4160946193442214e-05,2025-08-02 20:48:32+00:00
AsahiLinux,pontihejo,1754168108.0,"M3 isn't supported yet, the team for this project is small and they are currently focused on upstreaming the existing downstream Asahi patches so that the project is sustainable long term. This has been going well, but there is no schedule for when the focus will shift back to supporting other M-series generations.",t3_1mfxs48,0.0003766966110561,1.260759972865344e-06,2.663752275111619e-05,6.207417027326301e-05,0.0001038248010445,1.633839201531373e-05,1.1479555723781232e-05,2025-08-02 20:55:08+00:00
AsahiLinux,pontihejo,1754196112.0,"I've updated the FEX to 2508 dlls in the wine arm64ec Copr. I get a few more programs crashing on launch with this version compared to 2507.1. If there's anyone out there with wine/FEX skills, let me know if there's anything I need to change with my fex/wine builds to improve the compatibility",t3_1mg0mb9,0.0376577414572238,7.68393583712168e-05,0.0037560563068836,0.0013395508285611,0.0009241112857125,9.166009840555488e-05,0.0682588070631027,2025-08-03 04:41:52+00:00
AsahiLinux,pontihejo,1754466737.0,"If you're talking about the FEX PR #4759, version 2508.1 was tagged today to include that one. I updated the Copr, so that package is available to download now.Just from some quick testing, it fixes quite a lot of games for me, and that's on wine 10.12.",t1_n72aqe0,0.0033116040285676,1.439368770661531e-05,0.0004127959546167,0.000334583397489,0.0002144783356925,3.0501938454108313e-05,0.0028689517639577,2025-08-06 07:52:17+00:00
AsahiLinux,pontihejo,1754523438.0,The solopasha Copr mentioned by OP has a git version that contains that MR. I'm using it and it's working at the moment. I also saw Janne mentioned something possibly relevant in [a post](https://social.treehouse.systems/@janne/114919640385649490) about adding DRM sync object support to the driver.,t1_n7b8e9b,0.0005845209234394,3.4768320347211557e-06,8.703107596375048e-05,8.126901229843497e-05,8.489106403430924e-05,2.655562275322154e-05,3.539734098012559e-05,2025-08-06 23:37:18+00:00
AsahiLinux,pontihejo,1754523590.0,"I've noticed odd performance issues with Hyprland compared to wlroots compositors, even when turning off all effects. Not sure what the cause is, it might have something to do with the custom aquamarine backend that Hyprland uses.",t3_1mjc6tb,0.0003634486638475,1.4096173117650324e-06,2.6813329895958304e-05,7.969048601808026e-05,9.313482587458566e-05,1.636320121178869e-05,1.3499261513061356e-05,2025-08-06 23:39:50+00:00
AsahiLinux,pontihejo,1754539435.0,"If you're on minimal at the moment, it's possible that you're missing a package or like codecs or something. With plasma-desktop is installed, do you see any change in performance if you run sway or hyprland? Just wondering if plasma-desktop might come with some generic packages you were missing.",t1_n7cr60y,0.0005354185705073,1.4671154531242792e-06,3.369667683728039e-05,8.010412420844659e-05,0.0001219586702063,2.310250056325458e-05,1.618362875888124e-05,2025-08-07 04:03:55+00:00
AsahiLinux,pontihejo,1754541938.0,"Oh okay, that sounds strange. If I was you I would stick to your idea of starting from the minimal install. That's what I did and I'm using Hyprland from the solopasha repo right now and it works fine so it's definitely possible to get it working the way you want. You can just install ""plasma-desktop"" on the minimal install as a sanity check to see if the performance is on top of the minimal package base.If you go off the KDE install and end up removing KDE packages, the dnf updater will make you reinstall them again when you need to update to the next fedora version.",t1_n7d24f0,0.0004627638845704,1.6463756082885084e-06,4.088018977199681e-05,7.250717317219824e-05,0.0001003094439511,2.2142852685647085e-05,1.5778528904775158e-05,2025-08-07 04:45:38+00:00
AsahiLinux,pontihejo,1754620905.0,"It's not going to be an all-or-nothing situation for improvement vs upstreaming, more effort is gradually getting freed up Just yesterday chaos\_princess posted about some changes they are testing for power management [https://social.treehouse.systems/@chaos\_princess/114984338655355750](https://social.treehouse.systems/@chaos_princess/114984338655355750)",t1_n7iwttj,0.0004132985777687,1.4172102282827836e-06,3.2486241252627224e-05,6.611188291572034e-05,0.0001068896963261,1.8240096324007027e-05,1.3855964425601996e-05,2025-08-08 02:41:45+00:00
AsahiLinux,pontihejo,1754731443.0,"I'm having some issues with Hyprland now actually and I think it might be related to mesa 25.2 and how it interacts with wayland on hyprland. Wayland Vulkan and xwayland stuff runs fine but apps running wayland opengl revert to software rendering only on hyprland, mesa seems to have trouble finding the asahi gpu device. KDE didn't seem to have this issue. So confusing. I have downgraded to mesa 25.1.4 for now.",t1_n7d8f1b,0.0004104731197003,1.839961896621389e-06,3.966819713241421e-05,8.313485886901617e-05,8.411643648287281e-05,1.7967524399864487e-05,1.5916722986730747e-05,2025-08-09 09:24:03+00:00
AsahiLinux,pontihejo,1754785537.0,"This is a a Hyprland bug on mesa 25.2, you can downgrade to 25.1.4 for now to avoid it.In my testing it only seems to affect opengl+wayland, programs fall back to software rendering or crash entirely. Opengl+xwayland and vulkan rendering seem to be unaffected and still work",t3_1mlymnv,0.0004410686960909,1.7193402754855924e-06,3.7763140426250175e-05,7.702922448515892e-05,9.3705857580062e-05,2.047116868197918e-05,1.6473131836391985e-05,2025-08-10 00:25:37+00:00
AsahiLinux,pontihejo,1754905951.0,Every time someone asks it gets delayed by 2 weeks,t3_1mn812b,0.0006099127349443,1.3078486063022865e-06,2.7226711608818732e-05,9.560280159348622e-05,0.0001321689487667,3.208056659786962e-05,1.4564408047590405e-05,2025-08-11 09:52:31+00:00
AsahiLinux,pontihejo,1754912601.0,I'll try it out,t3_1mna9r7,0.0010987535351887,2.957943706860533e-06,8.732802962185815e-05,8.351697761099786e-05,0.0001369011733913,0.0001624353317311,3.0294320822576992e-05,2025-08-11 11:43:21+00:00
AsahiLinux,pontihejo,1754963516.0,Hyprland v0.50.0 dropped the legacy renderer,t3_1mnk63v,0.0005821876693516,1.9463489024929004e-06,4.8212816182058305e-05,8.75641853781417e-05,9.4052120402921e-05,2.2952839572099037e-05,2.0089477402507327e-05,2025-08-12 01:51:56+00:00
AsahiLinux,pontihejo,1755051001.0,"There are a few different tools for x86/windows software. What exact software are you trying to run besides Bitwarden?Overheating on firefox might mean you are missing some codecs, you could try install them from RPM fusion non-free:    sudo dnf install https://download1.rpmfusion.org/nonfree/fedora/rpmfusion-nonfree-release-$(rpm -E %fedora).noarch.rpm    sudo dnf install libavcodec-freeworldThough the problem could also just be that since there is no hardware video decoder support yet that the CPU is just heating up from working on decoding the video. I've never used an MBA so I'm not sure if what you're getting is normal for watching youtube.",t3_1mokdme,0.0005770804709754,1.791719114407897e-06,4.8327299737138674e-05,7.987178105395287e-05,0.0001084948526113,2.182032221753616e-05,1.9855357095366344e-05,2025-08-13 02:10:01+00:00
AsahiLinux,pontihejo,1755104382.0,Wine with arm64ec has made it possible to run windows software directly on an Asahi host.,t1_n8h6528,0.000548732059542,1.7810798453865573e-06,5.045854049967602e-05,7.457692117895931e-05,0.0001142096953117,2.6565854568616487e-05,2.403936923656147e-05,2025-08-13 16:59:42+00:00
AsahiLinux,pontihejo,1755144412.0,Haven't heard of that kind of bug before. Which apps are affected?,t3_1mpkjm1,0.0008522568386979,1.6607129964540943e-06,4.255297244526446e-05,8.261563925771043e-05,0.0001675515813985,4.272709338692948e-05,1.85484932444524e-05,2025-08-14 04:06:52+00:00
AsahiLinux,pontihejo,1755372026.0,Building wine yourself or even downloading the releases manually aren't really necessary anymore unless you have some specific development objective in mind. It's best to just add the copr repo and install wine from there. `sudo dnf copr enable lacamar/wine-arm64ec`  `sudo dnf install wine fex-emu-wine`Wine versions 10.5 to 10.12 and fex-emu-wine 2507 to 2508.1 are available so you can switch versions easily with dnf if something's not working. What runs and what doesn't can vary between both wine and FEX DLL versions,t1_n90xznm,0.0048478613607585,1.6283545846818015e-05,0.0007238438702188,0.0004264506860636,0.0003815472009591,3.9591857785126194e-05,0.0023684832267463,2025-08-16 19:20:26+00:00
AsahiLinux,pontihejo,1755434213.0,"It sounds like the install went okay. What wine created is something called a wine prefix. These are basically like a mini windows system root that has had all the necessary libraries and executables from your system wine install copied into to create it. Running any program with wine will refer to this prefix, and this is defined by `WINEPREFIX`. The default is `WINEPREFIX=~/.wine`, which is why it got created in your home directory. Steam also does this with proton, there's a compatdata directory with a prefix for each game, but this shouldn't have any interaction with the prefix that got created in your user home directory.Depending on how you are launching your games, it might be that wine replaced Steam as the default program runner for exe files (or something like that), but I'm not entirely sure what's happening without more information. I haven't noticed any conflicts when I launch games from the steam client while wine is installed. Do games still launch okay from the steam client? Or is this just a problem when using application shortcuts?As for running programs, if everything is okay with your setup, usually just running `wine [Program.exe]` will start it and behave basically how you would expect. You can run winecfg to change settings but typically there's not really a wine GUI app launcher you would want to use. I use Lutris for that purpose (it's in the standard fedora repos), you can configure settings for each app you want to run. If you're trying to run a steam game directly from it's .exe, you will probably need to replace steam\_api.dll with one from Goldberg Emulator and/or remove steam stub from the .exe with something called Steamless. What are you trying to run? I might have it in my library and could try help get it running for you",t1_n95f7g8,0.0005226523499004,2.388430175415124e-06,6.07257716183085e-05,8.369900024263188e-05,0.0001016461246763,1.9388335203984752e-05,2.907478847191669e-05,2025-08-17 12:36:53+00:00
AsahiLinux,pontihejo,1755446994.0,"That's really odd, I'm not sure why that's happening... Steam uses its own proton runtimes that are separate from the system's wine, from what I understand it's meant to be containerised in some sense. Maybe there are some common libraries in wine that are getting used in preference over the ones in the FEX rootfs or something like that. Do the games in Steam start working again if you uninstall wine?Lutris is pretty straightforward, don't worry about putting in app IDs or things like that, in the Lutris GUI, add a game via the ""Add locally installed game"" option and choose wine as the runner. You can set the name to whatever. If you use the exact title name, Lutris will usually be able to populate the game art, which is nice but purely cosmetic. The critical settings are the path of the game executable and being able to turn on or off various settings like DXVK or settings and environmental variables.I have New Vegas and have been testing that and trying to find a way to run it. New Vegas comes with steam stub, so that needs to be removed with Steamless. You also need to set put variable in system.reg in the wine prefix to tell the game where it's data files live    [Software\\Wow6432Node\\Bethesda Softworks\\falloutnv]    ""Installed Path""=""Z:\\home\\[your user]\\.steam\\steam\\steamapps\\common\\Fallout New Vegas\\""With 10.8 and FEX DLLs 2507.1 (setting WineD3D as the backend) it boots and plays audio and the menus are loaded and interactable but it renders a black screen. With the latest wine, FEX, and mesa it was booting with visuals but crashes anyway.I don't have the other games so I can't speak from experience there. I think Fallout 3 also requires a similar registry entry like FNV since I have Oblivion and Skyrim and they use the same kind of registries to point to the game files.",t1_n96jmcm,0.0027459189295768,1.1856281162181403e-05,0.000159411196364,0.0010410600807517,0.0003625871322583,4.95666972710751e-05,8.593089296482503e-05,2025-08-17 16:09:54+00:00
AsahiLinux,pontihejo,1755449769.0,Do `sudo dnf uninstall wine*` to get rid of all the conflicting wine packages first and it should update okay and you can reinstall wine after (I believe the conflict here should be sorted in the newer specfiles I have used for the wine packages). If that doesn't help you can also try `sudo dnf update --refresh --allowerasing`,t3_1msoisj,0.0003824519517365,1.664205683482578e-06,3.5896508052246645e-05,7.218898099381477e-05,8.910709584597498e-05,2.0308241801103577e-05,1.5899489881121553e-05,2025-08-17 16:56:09+00:00
AsahiLinux,pontihejo,1755465852.0,`sudo dnf uninstall wine*`,t1_n98q1ix,0.0013488380936905,3.860270680888789e-06,0.0002973860537167,9.110492101171984e-05,0.0002179484436055,3.9792965253582224e-05,5.901041004108265e-05,2025-08-17 21:24:12+00:00
AsahiLinux,pontihejo,1755576338.0,The asterisk is there for convenience to catch all of the wine subpackages. Removing just `wine` and its dependencies misses `wine-core` and `wine-filesystem` which contains the 2GB of libraries installed in /usr.Lutris still presents the option to run via steam because the wine binary has not actually been uninstalled (it's in the `wine-core` package)The files located in /usr are really only meant to be managed by the system package manager so you need root permissions to add or remove files there.,t1_n9fjv4u,0.0004190428880974,1.4788223552386626e-06,3.4586064430186525e-05,6.743862468283623e-05,0.0001027013786369,1.8915512555395253e-05,1.5767247532494366e-05,2025-08-19 04:05:38+00:00
AsahiLinux,pontihejo,1755604077.0,"The entire Steam stack on Asahi is still very experimental so there are regressions from time to time. It could be down to changes in FEX, that's the heart of the aarch64 to 86\_64x emulation.Wine will be part of the regular Fedora/Asahi repos eventually but there's no ETA.Glad I could be of some help anyway",t1_n9hzff2,0.0007752875681035,3.4683341709751403e-06,9.404934098711236e-05,0.0001271073851967,0.0001120924935094,1.6119307474582456e-05,9.702802344691008e-05,2025-08-19 11:47:57+00:00
AsahiLinux,pontihejo,1755634539.0,No ETA,t3_1murlgi,0.0005278153694234,1.330496843365836e-06,2.842990761564579e-05,8.54207610245794e-05,0.0001206977394758,2.2462605556938797e-05,1.1991839528491257e-05,2025-08-19 20:15:39+00:00
AsahiLinux,pontihejo,1755797223.0,"No, it's not supported yet, he says this clearly in the email, but this an important step towards that support. Now it's a matter of addressing the issues raised by kernel maintainers when they review the patches so that it can be merged into the kernel.",t1_n9xdinu,0.000361580401659,1.3965498055767966e-06,2.536630017857533e-05,7.042014476610348e-05,9.201117791235448e-05,1.828939093684312e-05,1.3382235920289531e-05,2025-08-21 17:27:03+00:00
AsahiLinux,pontihejo,1755797511.0,Hopefully the review process goes smoothly and this USB3 work gets merged into the kernel before too long,t1_n9x66yv,0.0003662811068352,1.457652956560196e-06,2.6523681299295276e-05,7.325490878429264e-05,9.416259854333477e-05,1.9710956621565856e-05,1.3311871953192169e-05,2025-08-21 17:31:51+00:00
AsahiLinux,pontihejo,1755797678.0,"No, that was only Hector and Lina. The rest of the developers have been merging work upstream into the kernel all year long",t1_n9xg42j,0.0003629393468145,1.3375423577599577e-06,2.5621160602895543e-05,7.155889761634171e-05,9.537280129734428e-05,1.7484908312326297e-05,1.2719715414277744e-05,2025-08-21 17:34:38+00:00
AsahiLinux,pontihejo,1755797916.0,Hector wrote the foundations of the USB3 stack so he is credited for that work and has had to sign off on it. Sven and Janne have been responsible for upstreaming and also lots of work on the USB3 stack,t1_n9xgyuz,0.0003449886571615,1.4149629805615405e-06,3.129536708001979e-05,5.716670784750022e-05,9.453723760088906e-05,1.5906707631074823e-05,1.3647708328790031e-05,2025-08-21 17:38:36+00:00
AsahiLinux,pontihejo,1755798206.0,"The patch series is about 4000 lines of code, just offloading that downstream burden will make life easier for everyone",t1_n9xghaf,0.0004298299900256,1.5803834685357288e-06,2.8605019906535745e-05,8.320100459968671e-05,9.138351742876694e-05,2.246410440420732e-05,1.4715750694449524e-05,2025-08-21 17:43:26+00:00
AsahiLinux,pontihejo,1755798264.0,"Ah okay, more credit to Sven then",t1_n9xij1x,0.0003838375560007,1.3214112186687998e-06,2.6890971639659256e-05,7.054516026983038e-05,9.770860197022556e-05,1.8778411686071195e-05,1.3043175385973882e-05,2025-08-21 17:44:24+00:00
AsahiLinux,pontihejo,1755881355.0,Try this command`sudo dnf install --allowerasing mesa-libGL-0:25.2.0-2.fc42.aarch64`,t3_1mxampp,0.0007380999159067,3.657746901808423e-06,8.992588118417189e-05,0.0001056332403095,8.373444870812818e-05,3.63629478670191e-05,3.899513103533536e-05,2025-08-22 16:49:15+00:00
AsahiLinux,pontihejo,1756159128.0,"On Asahi, Zswap is enabled by default on 8GB and 16GB models",t1_najspp6,0.0006771842599846,2.7149965262651676e-06,5.2374689403222874e-05,0.0001405959046678,0.0001024937737383,2.4189790565287694e-05,4.876664388575591e-05,2025-08-25 21:58:48+00:00
AsahiLinux,pontihejo,1756286240.0,"The M1 and M2 graphics drivers are pretty much feature complete and more or less upstreamed. Sad to see, but Alyssa completed what they set out to do.    Most people looking at the project early on didn't even believe it was possible to get OpenGL or Vulkan compliant drivers on this hardware, Apple's own drivers still don't support the full OpenGL spec and there is no first party Vulkan support. And yet here we are, almost taking it for granted.Hopefully other developers familiar with Mesa will find ways to improve the drivers, but even where they stand now it's something to be impressed with.",t3_1n1313h,0.0003679466317407,1.2858886293543037e-06,2.8210120945004743e-05,6.57101918477565e-05,0.0001044922464643,1.6317699191858992e-05,1.239706398337148e-05,2025-08-27 09:17:20+00:00
AsahiLinux,pontihejo,1756286544.0,"There's a lot of demand for it and many talented developers still working on it, so I think it will happen eventually. People thought it was all over when Hector quit, but this year has been really productive despite that. There has been lots of progress with upstreaming and microphone support was added too.",t1_nawtgg3,0.0003700154775287,1.2968753253517209e-06,2.67916802840773e-05,6.580130138900131e-05,0.000100030330941,1.694243837846443e-05,1.3616040632769e-05,2025-08-27 09:22:24+00:00
AsahiLinux,pontihejo,1756394048.0,"Yeah exactly, but of course it depends on them getting accepted by the kernel maintainers. Might need to be be revised, which is just part of the process",t1_nb58lg0,0.000390735163819,1.5010837159934454e-06,2.648041299835313e-05,7.978226494742557e-05,9.009316272567958e-05,2.0001427401439287e-05,1.409124433848774e-05,2025-08-28 15:14:08+00:00
AsahiLinux,pontihejo,1756399785.0,Upstreaming is real progress,t1_nb5sq3o,0.0003976364969275,1.332232500317332e-06,2.36941432376625e-05,7.48146849218756e-05,0.0001025648525683,2.28044118557591e-05,1.2191512723802587e-05,2025-08-28 16:49:45+00:00
AsahiLinux,pontihejo,1756485789.0,"No, displaylink is a special proprietary device that takes a signal over USB and converts it to video. This is different from the standard displayport alt mode which is how video is normally carried over USB-C. All USB-C hubs with HDMI are internally converting DP-alt mode to HDMI, so generic hubs don't work for Asahi yet.",t1_nb9qoqd,0.00042617355939,1.5805899238330312e-06,3.17113044729922e-05,7.975860353326425e-05,9.536898141959682e-05,2.1688316337531433e-05,1.5739513401058502e-05,2025-08-29 16:43:09+00:00
AsahiLinux,pontihejo,1756486077.0,"You can enable HDMI audio by adding a boot option in grub, it's a bit experimental, but it works for me.  Edit /etc/default/grub if you want to try it`GRUB_CMDLINE_LINUX_DEFAULT=""[...other options...]  apple_dcp.hdmi_audio=1""`Then regenerate the grub config after with `sudo grub2-mkconfig -o /boot/efi/EFI/fedora/grub.cfg`",t1_nbapyue,0.0007750955410301,2.9752666250715265e-06,9.47992957662791e-05,0.0001017840404529,0.0001090551813831,3.157267929054797e-05,3.594089866965078e-05,2025-08-29 16:47:57+00:00
AsahiLinux,pontihejo,1756494235.0,"VMs definitely work on Asahi, at least on Fedora. I've used windows and linux VMs through virt-manager and QEMU",t1_nbd3byx,0.0004265309835318,1.5054691857585567e-06,3.516468495945446e-05,6.832786311861128e-05,0.0001037476104102,2.0705439965240657e-05,1.5528814401477575e-05,2025-08-29 19:03:55+00:00
AsahiLinux,pontihejo,1756494603.0,"You can emulate x86\_64 with QEMU or things that use QEMU as a backend, but it will be slow since you would be running a different CPU architecture to the host. As others have said, muvm+fex may work if you only need to run some x86 binaries",t3_1n3fd81,0.0005981534486636,2.4101191229419783e-06,5.128840712131933e-05,0.0001085705080186,8.377838094020262e-05,2.6017056370619684e-05,2.3231345039675944e-05,2025-08-29 19:10:03+00:00
AsahiLinux,pontihejo,1756507863.0,Try the upgrade and then see if there are any errors. If not then you have nothing to worry about,t3_1n3lmyl,0.0008422895334661,1.662234012655972e-06,4.106328196940012e-05,8.334728045156226e-05,0.0001568372244946,3.790497066802345e-05,1.7566939277458005e-05,2025-08-29 22:51:03+00:00
AsahiLinux,pontihejo,1756567775.0,"There are some flags in uboot that would seemingly allow a reduction of the countdown time and silencing the uboot text output entirely, but saving environmental variables in uboot is disabled at the moment.",t3_1n314vs,0.0005227113724686,1.6605546306891483e-06,3.217846096958965e-05,9.055595000972973e-05,0.0001001113414531,2.429243249935098e-05,1.8306369383935817e-05,2025-08-30 15:29:35+00:00
AsahiLinux,pontihejo,1756574067.0,Yeah I asked about this in the matrix chat a few days ago and it was disabled since changing the environment had apparently caused some issues.,t1_nbihkrw,0.0004002349160145,1.3383972827796242e-06,2.4733422833378427e-05,6.932429096195847e-05,9.841103019425644e-05,1.7716640286380425e-05,1.4665009075542912e-05,2025-08-30 17:14:27+00:00
AsahiLinux,pontihejo,1756658521.0,"    [root@alarm]Your hostname is alarm, did you install Arch Linux? You use `pacman` to update on Arch.  What installation process are you trying to follow?",t3_1n4tgxm,0.0010676723904907,1.843585550886928e-06,5.657648580381647e-05,9.686901466920972e-05,0.0001731231895973,2.9133712814655155e-05,2.2629194063483737e-05,2025-08-31 16:42:01+00:00
AsahiLinux,pontihejo,1756675459.0,Maybe there is some kind of Chromium/CEF bug that is fixed in upstream Chromium that hasn't been fixed downstream yet in Brave? Wouldn't be the first time Chromium has broken features for Asahi.,t1_nbokd3x,0.0003730683238245,1.6427369473603903e-06,3.289014057372697e-05,6.954809941817075e-05,8.560937567381188e-05,1.846407940320205e-05,1.5153450476645958e-05,2025-08-31 21:24:19+00:00
AsahiLinux,pontihejo,1756710570.0,"That's really odd, what's your wireless setup? I think the drivers for the wifi module have some limitations for certain kinds of access point connections",t1_nbsl0ul,0.0003854610549751,1.4219201602827525e-06,2.541288449720014e-05,8.493292989442125e-05,9.542638144921511e-05,1.871096537797712e-05,1.448125476599671e-05,2025-09-01 07:09:30+00:00
AsahiLinux,pontihejo,1756898027.0,"If you want to help with reverse engineering, there are still a number of things needing work. Here's the documentation for setting up an environment for that kind of development:  [https://asahilinux.org/docs/sw/tethered-boot/](https://asahilinux.org/docs/sw/tethered-boot/)You may have looked already, but here are the feature support tables, you can see which hardware still needs to be supported like the secure enclave processor, hardware decode/encode, and TouchID:  [https://asahilinux.org/docs/platform/feature-support/m1/#m1-promaxultra-devices](https://asahilinux.org/docs/platform/feature-support/m1/#m1-promaxultra-devices)You might want to look at the github issue tracker for the Asahi fork of the kernel, though that's mostly C:  [https://github.com/AsahiLinux/linux/issues](https://github.com/AsahiLinux/linux/issues)You can also join the matrix development channel or IRC and introduce yourself. They may be able to suggest which drivers would benefit from rust/python/go work and other documentation that's relevant. Community links are here:  [https://asahilinux.org/community/](https://asahilinux.org/community/)",t3_1n7b2yy,0.000431722641224,1.8479051959729984e-06,4.169646490481682e-05,7.174085476435721e-05,9.102494368562476e-05,1.7530588593217544e-05,1.7111702618421987e-05,2025-09-03 11:13:47+00:00
AsahiLinux,pontihejo,1756898744.0,To be fair if he's getting a macbook air the battery on asahi is much better than for macbook pros,t1_nc5rqc5,0.0004085904220119,1.393847355757316e-06,2.709213185880799e-05,7.889932749094442e-05,0.0001026764075504,2.0730118194478564e-05,1.3342018064577132e-05,2025-09-03 11:25:44+00:00
AsahiLinux,pontihejo,1756908522.0,"Yeah, believe it or not it's pretty normal to get over 8 hours of use out of them from a full charge",t1_nc6fe0m,0.000526284915395,1.465349328100274e-06,3.1984127417672426e-05,8.30462813610211e-05,0.0001123769616242,2.5895247745211236e-05,1.6568797946092673e-05,2025-09-03 14:08:42+00:00
AsahiLinux,pontihejo,1756997993.0,It's far from dead. If you like linux and have a macbook pro you wouldn't be disappointed. It's pretty stable and polished.,t1_nc8qd33,0.0004452364519238,1.432883777852112e-06,3.174443554598838e-05,7.284224557224661e-05,0.000107590080006,2.110974492097739e-05,1.5611996786901727e-05,2025-09-04 14:59:53+00:00
AsahiLinux,pontihejo,1757219270.0,"Not supported and no ETA, but this is a core component that is required for DP alt mode. Next step after this gets merged into the kernel would be work on the DCP driver",t1_ncu7rwz,0.0003923736221622,1.5516438907070551e-06,3.120572000625543e-05,7.01532480889e-05,9.17266370379366e-05,1.955169136635959e-05,1.5247353985614607e-05,2025-09-07 04:27:50+00:00
AsahiLinux,pontihejo,1757232153.0,ReactOS is only for x64 and x86. You would need to run it inside an emulator on M-series macs since they use an entirely different architecture.,t3_1namwh9,0.0006826821481809,3.675268544611754e-06,6.295292405411601e-05,0.0001342931791441,6.930829840712249e-05,3.436440965742804e-05,4.025533053209074e-05,2025-09-07 08:02:33+00:00
AsahiLinux,pontihejo,1757390683.0,I tried to check this briefly before I commented. It looked like there was some attempt at arm enablement years ago but it got abandoned. Is there actually a working arm build?,t1_nd35hre,0.0003833570226561,1.3840518704455462e-06,2.819675501086749e-05,6.463053432526067e-05,9.70021210378036e-05,1.8809041648637503e-05,1.4675558304588776e-05,2025-09-09 04:04:43+00:00
AsahiLinux,pontihejo,1757391042.0,"I found ram was a legitimate limitation. MacOS seems to have better ram usage than linux on these systems, but it's still totally usable. You will just need to be more mindful of your browser or electron apps you're using. 8GB will make it harder to run software or games in the muvm/FEX/steam stack.Sway is one of the best options for low ram use on wayland. Fedora Asahi also enables zswap by default on 8GB and 16GB models, which helps a lot. You could increase the zswap allocation if you find you're experiencing ram limitations.",t3_1nc0pjj,0.0005838683573529,2.3996472009457648e-06,4.776488276547752e-05,0.0001305461628362,0.0001012787543004,1.922032970469445e-05,3.724533598870039e-05,2025-09-09 04:10:42+00:00
AsahiLinux,pontihejo,1757391245.0,"The widevine installer still works for firefox and chromium. For forks of those, you will need to copy or symlink the widevine directories/files to the right locations in the system files or profile files of the forks. Take a look a where chromium's widevine files are and copy them into brave's files",t3_1nc70vb,0.0004021789936814,1.5412833818118088e-06,3.0976290872786194e-05,7.725477189524099e-05,9.589891851646826e-05,2.1801457478431985e-05,1.4403683053387796e-05,2025-09-09 04:14:05+00:00
AsahiLinux,pontihejo,1757440324.0,Widevine-installer definitely still works on Fedora Asahi. I have just reinstalled Brave and checked this just for you and can tell you it works.Start by closing BraveThen do the following:    sudo widevine-installer    cd /opt/brave.com/brave    sudo rm WidevineCdm    sudo ln -s /var/lib/widevine/WidevineCdm WidevineCdmStart Brave  Go to settings  Search widevine and enable the Widevine setting  Restart Brave,t1_nd7xvh9,0.0003551662957761,1.4488259694189765e-06,3.166310489177704e-05,6.530688551720232e-05,9.370594489155336e-05,1.822702142817434e-05,1.302925193158444e-05,2025-09-09 17:52:04+00:00
AsahiLinux,pontihejo,1757445986.0,Yeah he's a legend,t1_ndbgcl9,0.000476450251881,1.2107313978049206e-06,2.739793671935331e-05,6.743669655406848e-05,0.0001219797195517,2.1495214241440408e-05,1.2447198969312012e-05,2025-09-09 19:26:26+00:00
AsahiLinux,pontihejo,1757601318.0,"It's worth taking time to read and look around first. The project is under active development and likely to be maintained into the future. You should review the information available here on the [official website](https://asahilinux.org/) and read the blogs from this year to get a good idea about the project.Here is the main page for device support: [https://asahilinux.org/fedora/#device-support](https://asahilinux.org/fedora/#device-support)Drivers are in good shape, but some quirks like wifi/bluetooth interference and HDMI displays not working after sleep. GPU drivers are fully conformant with OpenGL and Vulkan standards. Power management is not as good as MacOS.Software limitations exist mostly for proprietary or legacy software. You can use a variety of approaches to run this software, including muvm (to create a 4k pagefile environment), FEXBash (fast x86 emulator), and box64 (alternative x86 emulator to FEX). Most actively maintained open source software projects provide arm64 releases or can be manually compiled to arm64. This guide contains useful information [https://docs.fedoraproject.org/en-US/fedora-asahi-remix/x86-support/](https://docs.fedoraproject.org/en-US/fedora-asahi-remix/x86-support/)Wine on the host system (aarch64 16k pagefiles) is available in an unofficial [experimental](https://copr.fedorainfracloud.org/coprs/lacamar/wine-arm64ec/) capacity and is hit-or-miss at the moment. x86 wine/proton can be run in muvm using FEX and Steam is supported using this approach.",t3_1ne9v7g,0.0009386757737956,6.9446432462427765e-06,0.0001316383131779,0.0002132873923983,0.0001085997064365,2.778607449727133e-05,0.0001132872930611,2025-09-11 14:35:18+00:00
AsahiLinux,pontihejo,1757608770.0,Simply wrong,t1_ndn3uih,0.0007005084189586,9.600511248208932e-07,1.8416896637063473e-05,0.0001059503119904,0.0001731870725052,2.563071575423237e-05,9.797954589885194e-06,2025-09-11 16:39:30+00:00
AsahiLinux,pontihejo,1757609062.0,Yeah I noticed there was a regression with signal-desktop this week for the openSUSE package I use. If this is affecting multiple different arm builds he probably just needs to make an issue on the main signal desktop repo[https://github.com/signalapp/Signal-Desktop](https://github.com/signalapp/Signal-Desktop),t3_1nea1vu,0.0003729678574018,1.4828345911155338e-06,3.0511948352796026e-05,6.938142905710265e-05,9.35169737203978e-05,1.908958984131459e-05,1.3997542737342885e-05,2025-09-11 16:44:22+00:00
AsahiLinux,pontihejo,1757620289.0,"It's been possible to use since the Fedora release, probably before that too when Asahi was Arch. [https://docs.fedoraproject.org/en-US/quick-docs/installing-docker/](https://docs.fedoraproject.org/en-US/quick-docs/installing-docker/)",t3_1nehw66,0.0003876664268318,1.389459725942288e-06,3.1683310226071626e-05,6.797951209591702e-05,9.80401164270006e-05,1.618705573491752e-05,1.2575414075399747e-05,2025-09-11 19:51:29+00:00
AsahiLinux,pontihejo,1757963961.0,What you're seeing here is Hyprland. The console window is foot terminal with Iosevka Term.,t1_ne8g89w,0.0005096005043014,1.339187633675465e-06,2.755465538939461e-05,9.214279270963743e-05,0.0001237920951098,2.508163743186742e-05,1.2778172276739497e-05,2025-09-15 19:19:21+00:00
AsahiLinux,pontihejo,1758189004.0,"If you free up some space by resizing the APFS partition and create a HFS+ partition in MacOS (or exFAT), this can be mounted read/write on Linux. The main type of APFS partitions used for MacOS can't be mounted in a way that's readable or writable",t3_1njq574,0.0004047306720167,1.6161740177267347e-06,3.3308908314211294e-05,7.464999362127855e-05,9.137384768109769e-05,1.8414772057440132e-05,1.4598003872379197e-05,2025-09-18 09:50:04+00:00
AsahiLinux,pontihejo,1758230702.0,"Probably just get an m1 or m2 pro, it will outperform the m3 air and you can use an external display already",t3_1nkk5zc,0.0005000252276659,1.7694759435471497e-06,4.4740940211340785e-05,6.847319309599698e-05,0.0001066353870555,2.7185818908037614e-05,2.0652236344176345e-05,2025-09-18 21:25:02+00:00
AsahiLinux,pontihejo,1758311653.0,What do you need an Ubuntu based system for exactly?,t3_1nlanes,0.0004595042846631,1.4605096794184649e-06,2.9855254979338497e-05,7.697804539930075e-05,0.0001024434532155,2.1887075490667485e-05,1.4139866834739225e-05,2025-09-19 19:54:13+00:00
AsahiLinux,pontihejo,1758311789.0,Yeah it would have been cool if ALARM wasn't such a train wreck,t1_nf4kppe,0.0044391062110662,3.3436690500820987e-06,7.78310204623267e-05,0.00048933934886,0.0004181430267635,0.000552131445147,3.181432111887261e-05,2025-09-19 19:56:29+00:00
AsahiLinux,pontihejo,1758357071.0,Read this: [https://asahilinux.org/docs/sw/partitioning-cheatsheet/](https://asahilinux.org/docs/sw/partitioning-cheatsheet/),t3_1nlrl8u,0.0004278024716768,1.585457084729569e-06,4.0103714127326384e-05,7.173319318098947e-05,9.82044221018441e-05,1.772385621734429e-05,1.5482353774132207e-05,2025-09-20 08:31:11+00:00
AsahiLinux,pontihejo,1758382384.0,"Yeah this is pretty normal. If you lower brightness and get rid of background processes you can get more like 5 hours on a healthy battery.M1 (normal) have much better battery life on Asahi (though not quite as good as MacOS), there's something about the Pro/Max SoCs that has made it difficult to optimise power consumption. Though it used to be more like 2 or 3 hours battery life lolIt's a known issue and it's being worked on.",t3_1nlw86i,0.0004118777287658,1.424344077349815e-06,3.1886669603409246e-05,6.710261368425563e-05,0.0001035119275911,1.874606095952913e-05,1.496015192969935e-05,2025-09-20 15:33:04+00:00
AsahiLinux,pontihejo,1758389344.0,This has more to do with the difficulty of reverse engineering the power management for these devices and re-implementing it effectively on Linux,t1_nfa0558,0.0003880738804582,1.296587242904934e-06,2.3069431335898116e-05,7.443155482178554e-05,0.0001029736959026,1.9682178390212357e-05,1.3048077562416438e-05,2025-09-20 17:29:04+00:00
AsahiLinux,pontihejo,1758389448.0,"Sounds like you're doing everything you can realistically. Might be worth using htop, btop, or your preferred process manager to look at processes that show any usage that's more than negligible",t1_nf9vetd,0.0004663330619223,1.3727482155445614e-06,3.047318386961706e-05,7.083766104187816e-05,0.0001139781743404,1.9967219486716203e-05,1.5049615285533946e-05,2025-09-20 17:30:48+00:00
AsahiLinux,pontihejo,1758459296.0,"Happy to help. You could also try using Sway or another lightweight compositor and see how the battery is there, if it's better you could switch if you don't mind the tradeoffs that come with an environment like that.",t1_nfednzz,0.0004232492065057,1.405853026881232e-06,2.709830914682243e-05,7.905220991233364e-05,0.0001035783716361,2.108964326907881e-05,1.4766952517675236e-05,2025-09-21 12:54:56+00:00
AsahiLinux,pontihejo,1758534919.0,People just get annoyed because someone makes a post like this multiple times a week on a sub that's fairly quiet already and one of the main places people come for news or updates about the project,t1_nfk14kk,0.0005306837265379,1.2312845001360984e-06,3.0931245419196784e-05,7.004715735092759e-05,0.0001295758411288,1.8811337213264775e-05,1.4291022125689778e-05,2025-09-22 09:55:19+00:00
AsahiLinux,pontihejo,1758555623.0,"It's not really entitlement, it's more that OP was lazy and treated the sub as his search engine for a popular question answered a dozen times before",t1_nfjbrl3,0.019039012491703,3.2250436561298557e-06,0.0004275374521967,0.000244604278123,0.0090361749753355,3.9100214053178206e-05,0.0001207829336635,2025-09-22 15:40:23+00:00
AsahiLinux,pontihejo,1758754329.0,Hyprland works fine on Asahi,t1_ng0mc92,0.0005107805482111,1.3604712876258418e-06,3.163859582855366e-05,8.577223343309015e-05,0.0001223869185196,1.858036011981312e-05,1.4683257177239284e-05,2025-09-24 22:52:09+00:00
AsahiLinux,pontihejo,1758755450.0,"I use Hyprland (solopasha) and started from the minimal install, not sure what went wrong, it would be helpful to have crash logs. It sounds like you might have been missing dependencies or something basic while setting up your environment on minimal.Installing with the KDE base has much more of the regular dependencies already installed so probably contains whatever you were missing from the minimal install. Sounds like deleting all the KDE stuff has fucked up your SDDM theme because I'm guessing it was using the Plasma SDDM theme or something it depended on. You will probably need to reconfigure SDDM or reinstall plasma and use that to configure the theme.These mostly don't sound like Asahi problems, rather Linux problems, so you might have more luck closely reading documentation for configuring whatever you're trying to use like Arch Wiki or man pages. Maybe post logs from specific errors you're having.Sounds like you could have a usable system if you reinstall the KDE base and then install & use Hyprland but just leave all the KDE stuff installed.",t3_1npmv6i,0.0143844038248062,4.9183425289811566e-05,0.0151334004476666,0.0002475970832165,0.0010504534002393,0.0001211877606692,0.0006603196961805,2025-09-24 23:10:50+00:00
AsahiLinux,pontihejo,1758757892.0,"Yeah I'm on M2 pro, but I have done the same thing previously on M1 pro",t1_ng1994c,0.000428844243288,1.5519503904215526e-06,3.8492577004944906e-05,7.741132867522538e-05,0.0001006777092698,1.8965962226502597e-05,1.6723670341889374e-05,2025-09-24 23:51:32+00:00
AsahiLinux,pontihejo,1758782049.0,"You should try read the documentation first  [https://docs.fedoraproject.org/en-US/fedora-asahi-remix/x86-support/](https://docs.fedoraproject.org/en-US/fedora-asahi-remix/x86-support/)Your main ways of approaching this involve muvm+FEX, box64 (also muvm+box64), and more experimentally wine with arm64ec/wow64. These all provide different approaches to running x86/x86\_64 (4k) software on an ARM64 (16k) host.",t3_1npshxj,0.0005312495632097,2.405338364042109e-06,6.50883448543027e-05,9.114332351600753e-05,9.956857684301212e-05,1.767478715919424e-05,3.249900692026131e-05,2025-09-25 06:34:09+00:00
AsahiLinux,pontihejo,1758835359.0,"You might need to manually extract the appimage and run some part of the contents directly like toplevel appimage run script or the main binary inside the extracted contents. This might work, or you could get an error for missing libraries in which case you could manually download and extract the F42 x86\_64 version of the library and declare it with LD\_LIBRARY\_PATH (concatenated with your current library path)",t1_ng1xww5,0.0004430209810379,1.9057712279391128e-06,4.078837082488462e-05,7.76459855842404e-05,8.39477579575032e-05,1.984676237043459e-05,1.8427121176500805e-05,2025-09-25 21:22:39+00:00
AsahiLinux,pontihejo,1758848175.0,"I think Asahi is still underrated as far as Linux laptops, it's a surprisingly polished experience and the hardware is high quality though there are a few (slowly disappearing) caveats. USB-C display output is not available yet, battery (especially sleep) is similar but not quite as good as MacOS on the base models but still better than many x86 alternatives, ARM is not well supported for proprietary and legacy software (FOSS support tends to be good however and often can be compiled for ARM from source).Definitely try to get 16GB of RAM, MacOS seems to get away with less due to whatever RAM management they have, it simply doesn't work so well on Linux unfortunately and I don't think it's an Asahi-specific thing. ZRAM is enabled by default on 8GB and 16Gb models so that does help a lot. I'd also try to get more storage if you can find a somewhat acceptable price, especially if you want to hold onto this device for longer. And yes you will need to leave something like 70GB allocated to MacOS due to the space it needs for updates, and this may be needed for future driver support, so 180GB left for Linux ends up being quite anemic. I believe it's possible to actually delete MacOS it entirely, but this comes with risks of making your system unbootable and needing to DFU restore.M2 support is on par with M1 support (except microphones for M2 pro). USB-C display output isn't available yet but it's getting worked on, it's just that the USB stack for Apple silicon has ended up being much more complicated than anyone anticipated and it doesn't map nicely on the Linux framework for USB connections. There's no ETA, but components are gradually getting merged upstream and prepared for this so make of that what you will. DisplayLink dongles can be used (proprietary video over USB protocol), and some Asahi users find this works well enough for them.Software support is inherently complicated by the platform architecture, ARM64 16k pagefile, but there are tools available now that can help run a lot of software but it's not yet in a ""Just Works"" package like Apple's Rosetta - Asahi's Steam stack is the closest to that for now. The main things to know are [muvm](https://github.com/AsahiLinux/muvm) (emulates 4k pages), [FEXBash](https://github.com/FEX-Emu/FEX) (a fast x86/x86\_64) emulator, [box64](https://github.com/ptitSeb/box64) (an x86\_64 emulator that a bit more hacky and can work without 4k pages), and wine with [arm64ec/wow64](https://copr.fedorainfracloud.org/coprs/lacamar/wine-arm64ec/). So if something doesn't work you have different approaches to experiment with and a good chance you can get things working, but it's still not 100% yet. See the [documentation](https://docs.fedoraproject.org/en-US/fedora-asahi-remix/x86-support/) on x86 emulation.I don't believe you need to log in with your Apple ID to set up Asahi. That just needs a local admin-level account which gets created by default anyway when you set the MacBook up.I've never used NixOS Asahi though I believe people have had good experiences with it, so you should try it out if you are keen on NixOS. I'm personally reluctant to use versions of Asahi besides Fedora at this stage since there is still quite a lot downstream (though far less than previously), so it's not a trivial exercise for other distro maintainers to keep up with changes on the mainline.",t3_1nqlxyx,0.000904424348846,6.300300356087973e-06,0.0001470002462156,0.00015339863603,0.000101995850855,2.8959397241123952e-05,9.237583435606211e-05,2025-09-26 00:56:15+00:00
AsahiLinux,pontihejo,1758866281.0,"You can put crashes in pastebin and link it here. I can't remember the packages that minimal starts with or what dependencies Hyprland pulls in, but you might need to install GPU drivers and some other things manually. It sounds like the renderer is missing. I'm pretty sure both kitty and alacritty require GPU rendering so that could be why they're crashing but I'm surprised sway runs at all. What do you get when you run `ls -a /dev/dri`Try install this stuff and restart afterwards:`sudo dnf install mesa-dri-drivers mesa-vulkan-drivers libglvnd mesa-demos vulkan-tools xorg-x11-server-Xwayland libdrm mesa-libEGL`It's also possible you might be missing some environmental variables when starting Hyprland, and that might be helped by running hyprland-uwsm since uwsm sets up some platform variables to keep dbus and wayland happy (package should be `uwsm` and `hyprland-uwsm` or `hyprland-git-uwsm` and you can start it from TTY with `uwsm start -- hyprland.desktop`. Have you been referring to Hyprland wiki much?",t1_ng825c4,0.0028961761854588,9.893737114907708e-06,0.000329377449816,0.0002809570578392,0.0001739045837894,6.41496226307936e-05,0.0001284631871385,2025-09-26 05:58:01+00:00
AsahiLinux,pontihejo,1758867114.0,"Here's a comment from James, one of the main developers working on Asahi, clarifying the changes with M4 that make reverse engineering harder but by no means impossible:[https://www.reddit.com/r/AsahiLinux/comments/1lwrj6t/comment/n2j26ol/?utm\_source=share&utm\_medium=web3x&utm\_name=web3xcss&utm\_term=1&utm\_content=share\_button](https://www.reddit.com/r/AsahiLinux/comments/1lwrj6t/comment/n2j26ol/?utm_source=share&utm_medium=web3x&utm_name=web3xcss&utm_term=1&utm_content=share_button)",t1_ng16jwu,0.0004112738824915,1.3335977655515308e-06,3.39097241521813e-05,6.094988566474058e-05,0.0001102324313251,1.512763265054673e-05,1.3856280929758212e-05,2025-09-26 06:11:54+00:00
AsahiLinux,pontihejo,1759015187.0,"There aren't many accessible ways to contribute to development due to the specialised knowledge required to make meaningful contributions. This is a copy of one of my comments answering a similar question from a few weeks ago with what you need to look at to find a way to contribute:    If you want to help with reverse engineering, there are still a number of things needing work. Here's the documentation for setting up an environment for that kind of development:  [https://asahilinux.org/docs/sw/tethered-boot/](https://asahilinux.org/docs/sw/tethered-boot/)You may have looked already, but here are the feature support tables, you can see which hardware still needs to be supported like the secure enclave processor, hardware decode/encode, and TouchID:  [https://asahilinux.org/docs/platform/feature-support/m1/#m1-promaxultra-devices](https://asahilinux.org/docs/platform/feature-support/m1/#m1-promaxultra-devices)You might want to look at the github issue tracker for the Asahi fork of the kernel:  [https://github.com/AsahiLinux/linux/issues](https://github.com/AsahiLinux/linux/issues)You can also join the matrix development channel or IRC and introduce yourself. They may be able to suggest which drivers would benefit from rust/python/go work and other documentation that's relevant. Community links are here:  [https://asahilinux.org/community/](https://asahilinux.org/community/)",t3_1nrxdlo,0.0004144057747907,1.6936452311711037e-06,4.037459075334482e-05,6.92067842464894e-05,9.51146794250235e-05,1.6503950973856263e-05,1.6547164705116302e-05,2025-09-27 23:19:47+00:00
AsahiLinux,pontihejo,1759107917.0,DFU restore is meant to work in pretty much any scenario except hardware failure. Could there be an issue with the USB cable or port you are using?,t3_1nsr7vd,0.0004612614575307,1.5743437415949302e-06,3.209154965588823e-05,7.646401354577392e-05,9.911529923556373e-05,2.317107646376826e-05,1.5791594705660827e-05,2025-09-29 01:05:17+00:00
AsahiLinux,pontihejo,1759134175.0,Very nice! This is super cool to see. Do you think you'll try get more hardware working or is this more of a proof of concept?,t3_1nt5679,0.0004103085957467,1.608967636457237e-06,3.181398642482236e-05,6.891470547998324e-05,9.154251893050969e-05,2.134649912477471e-05,1.7102303900173865e-05,2025-09-29 08:22:55+00:00
AsahiLinux,pontihejo,1759174832.0,Maybe you can run this:[https://github.com/wojciech-graj/doom-ascii](https://github.com/wojciech-graj/doom-ascii)Linux gaming on M3 lol,t1_ngt6z94,0.0005700233159586,1.9247597720095655e-06,6.384855805663392e-05,8.106258610496297e-05,0.0001232283102581,2.2095769963925704e-05,2.006462455028668e-05,2025-09-29 19:40:32+00:00
AsahiLinux,pontihejo,1759190778.0,"Oh wow, I didn't realise that was possible with just drm framebuffer",t1_ngwxnah,0.000555484672077,1.7980063375944155e-06,4.627556700143032e-05,7.908372936071828e-05,0.0001049316852004,2.6413803425384685e-05,1.881422576843761e-05,2025-09-30 00:06:18+00:00
AsahiLinux,pontihejo,1759242477.0,"There have been several project announcements posted here since February and the development is by no means abandoned, it's actively maintained. There is plenty of activity from developers including important patches being merged into the Linux kernel. As for people posting problems, there are many posts that do get answers and help. This is a purely voluntary effort, people have to give their free time to help or contribute. What an ignorant and entitled comment",t1_ngz7ntf,0.8148694038391113,5.9672656789189205e-06,0.0004958071513101,0.0002726961683947,0.7660802602767944,3.7408510252134874e-05,5.29655662830919e-05,2025-09-30 14:27:57+00:00
AsahiLinux,pontihejo,1760251232.0,"Yes it should be fine, also consider using the search function",t3_1o4htlg,0.000377714051865,1.534852913209761e-06,2.5034250938915648e-05,8.284055365948007e-05,9.067996143130586e-05,2.1286081391735937e-05,1.4471232134383172e-05,2025-10-12 06:40:32+00:00
AsahiLinux,pontihejo,1760381480.0,He has been working hard to get this merged in a good state and satisfy the maintainers,t3_1o5oh0f,0.0003494345874059,1.415759470546618e-06,2.7059673811891116e-05,6.769326137145981e-05,9.370076440973207e-05,1.958477878361009e-05,1.3657030649483204e-05,2025-10-13 18:51:20+00:00
AsahiLinux,pontihejo,1760598396.0,"The drivers are fully conformant with the latest versions of Vulkan (1.4) and OpenGL (4.6). Performance is not as optimised as some Metal workloads since the hardware itself was not designed with these standards in mind (MacOS only has OpenGL 4.1 since Apple considers it a deprecated standard), so the drivers are often forced to use computationally expensive functions to compensate for deficiencies in the hardware. All things considered the GPU drivers are in a very good state.",t3_1o7ufu7,0.000361852813512,1.3546698482969075e-06,2.9202585210441612e-05,6.938844308024272e-05,9.7809468570631e-05,1.655368396313861e-05,1.2773007256328128e-05,2025-10-16 07:06:36+00:00
AsahiLinux,pontihejo,1760603352.0,Yeah decode/encode is all in software at this stage.,t1_njrhec2,0.0004742234887089,1.461016722714703e-06,3.149704571114853e-05,7.932768494356424e-05,0.0001028371989377,2.3879585569375195e-05,1.3776932973996736e-05,2025-10-16 08:29:12+00:00
AsahiLinux,pontihejo,1760695443.0,"You can run `sudo widevine-installer` to enable DRM content on Firefox and Chromium. Any browsers built on Firefox or Chromium can also be made to work by copying the files related to widevine into their system files.It's Fedora Linux so yes it's a practical base to learn from, there is a lot in the Fedora repos and you can find or compile what's not in there if you are motivated.The RAM issue will vary on what you want to do. Asahi enables a lot of compressed swap by default on low RAM models, and you could add more too if you want to give up some disk space.It's not a feature parity yet, no hardware decode/encode (all in software) and USB-C video is still a work in progress. Plus other quality of life things like HDR or Touch-ID are not implemented yet.Base M1 has similar battery life to MacOS from what I've seen people say, but sleep consumes battery faster than MacOS.",t3_1o8kaun,0.0003882472519762,1.2948670473633683e-06,2.961860445793718e-05,6.157562893349677e-05,0.0001077989581972,1.6691501514287665e-05,1.3296849829202984e-05,2025-10-17 10:04:03+00:00
AsahiLinux,pontihejo,1760695819.0,"DP-altmode is being actively worked on and there has been legitimate progress, so I'm sure it will get there eventually. The first big component for it (USB) is nearly upstreamed, the main guy working on it has been able to clean the driver up a lot during this process and make it behave a lot more nicely.",t1_njrdctu,0.0004579469095915,2.07111293093476e-06,6.81561286910437e-05,7.930181891424581e-05,0.000126571583678,3.429598655202426e-05,1.5790932593517937e-05,2025-10-17 10:10:19+00:00
AsahiLinux,pontihejo,1760738438.0,"USB-C DP altmode is still not supported yet, but it's being worked on.",t3_1o9edr2,0.0004504882090259,1.4305898048405652e-06,3.355315129738301e-05,7.030339475022629e-05,0.0001080872680176,1.951787999132648e-05,1.4390036994882394e-05,2025-10-17 22:00:38+00:00
AsahiLinux,pontihejo,1760738680.0,Hardware video decode/encode has not been implemented yet on Asahi so it's all done in software for now. I don't think anyone's working on it at the moment but someone might pick it up after a bit more upstreaming and other progress is made.,t3_1o9bw4p,0.0003772358177229,1.428903260602965e-06,3.083058982156217e-05,6.123867933638394e-05,9.46618165471591e-05,1.7609056158107705e-05,1.4383998859557323e-05,2025-10-17 22:04:40+00:00
AsahiLinux,pontihejo,1760739084.0,For mac mini though the HDMI output should work fine,t1_nk1o903,0.0003748558228835,1.5046150565467542e-06,2.652004150149878e-05,7.770724914735183e-05,9.475103433942422e-05,2.2767686459701508e-05,1.4138222468318418e-05,2025-10-17 22:11:24+00:00
AsahiLinux,pontihejo,1760913716.0,"The updates go fine. The Asahi remix version updates usually come a little while after mainline fedora, maybe a week or so",t3_1oawb8i,0.0003487322246655,1.5005168734205654e-06,2.720036900427658e-05,7.388533413177356e-05,8.81204687175341e-05,1.8686534531298093e-05,1.3717702131543774e-05,2025-10-19 22:41:56+00:00
AsahiLinux,pontihejo,1760913731.0,"My mistake, thanks for the correction.",t1_nk3cnlw,0.0005084699951112,1.2527156059150002e-06,2.606183079478797e-05,6.48325658403337e-05,0.000122651545098,2.2142217858345248e-05,1.2770911780535243e-05,2025-10-19 22:42:11+00:00
AsahiLinux,pontihejo,1760988584.0,Take a look at this  [https://asahilinux.org/fedora/#divfedora-linux-42--apple-silicon--fedora-asahi-remixdiv](https://asahilinux.org/fedora/#divfedora-linux-42--apple-silicon--fedora-asahi-remixdiv),t3_1obpt8k,0.0004894165322184,1.7880031464301285e-06,4.551052552415058e-05,8.533087384421378e-05,0.0001010212217806,2.2347247067955323e-05,1.6671345292706974e-05,2025-10-20 19:29:44+00:00
AsahiLinux,pontihejo,1761055241.0,M4 Pro is not supported yet and there is no ETA due to other work such as upstreaming and USB-C improvements being prioritised for the time being.You can check here for details on what is/isn't supported:  [https://asahilinux.org/fedora/#device-support](https://asahilinux.org/fedora/#device-support)[https://asahilinux.org/docs/platform/feature-support/overview/](https://asahilinux.org/docs/platform/feature-support/overview/),t3_1obwu72,0.0003810628259088,1.3630061630465209e-06,3.197900514351204e-05,6.150826084194705e-05,0.0001012935317703,1.6487669199705124e-05,1.3041982128925156e-05,2025-10-21 14:00:41+00:00
AsahiLinux,pontihejo,1761152080.0,I updated the other day and it has had no impact on my Asahi install,t3_1odc38e,0.0004391064576338,1.5500820609304355e-06,3.236983684473671e-05,7.548113353550434e-05,9.26844877540134e-05,1.9266079107183032e-05,1.608665843377821e-05,2025-10-22 16:54:40+00:00
AsahiLinux,pontihejo,1761161928.0,There are some other USB bits coming together so fingers crossed,t1_nktu68s,0.0004932555020786,1.589631210663356e-06,3.5097582440357655e-05,7.840678154025227e-05,0.0001109646618715,2.736508940870408e-05,1.9004435671376996e-05,2025-10-22 19:38:48+00:00
AsahiLinux,pontihejo,1761201359.0,"Not really, there is still more that needs to be worked on and/or merged like DCP and ATCPHY",t1_nkuftfm,0.0005012789042666,1.7472273157181917e-06,4.362390609458089e-05,7.164862472563982e-05,0.0001016621172311,2.4233107978943735e-05,2.11273454624461e-05,2025-10-23 06:35:59+00:00
AsahiLinux,pontihejo,1761201763.0,"The username and password are probably alarm and alarm or root and root. Those errors don't matter, they are just clobbering the TTY, just ignore them.",t3_1odkyw0,0.0082015981897711,6.556818334502168e-06,0.000376786396373,0.000212931598071,0.0008121580467559,0.0001399630709784,0.0004285422619432,2025-10-23 06:42:43+00:00
AsahiLinux,pontihejo,1761208025.0,"I don't think it's broken, this is PEBKAC",t1_nkuubff,0.0009933458641171,2.027087248279713e-06,6.384740117937326e-05,0.000132798202685,0.0001921175717143,2.6406853066873737e-05,2.559700806159526e-05,2025-10-23 08:27:05+00:00
AsahiLinux,pontihejo,1761230523.0,Looks like no one at this stage,t3_1oe41aw,0.0015541709726676,1.4633286582466098e-06,3.277523137512617e-05,0.000175548455445,0.000297124730423,7.281114085344598e-05,1.5426554455189034e-05,2025-10-23 14:42:03+00:00
AsahiLinux,pontihejo,1761231942.0,"Without a contributor who has the interest and capability, there's going to be no GPU support past M2",t1_nkyujr0,0.0004400819598231,1.221864522449323e-06,2.3145368686527945e-05,7.804923370713368e-05,0.0001166938018286,1.8968259610119276e-05,1.2653633348236326e-05,2025-10-23 15:05:42+00:00
AsahiLinux,pontihejo,1761232633.0,"Unfortunately it's not going to be straightforward like that, M3/4/5 have a different GPU instruction set architecture to M1 and M2, so a truly significant amount of reverse engineering is needed to get back up to fully conformant GPU drivers for those generations. Some work will likely be able to be adapted to the new hardware but a lot will need to be rewritten.",t1_nkyxbc3,0.0003543932689353,1.4093203617449037e-06,2.874650999729056e-05,6.466252671089023e-05,9.50247485889122e-05,1.811925721995067e-05,1.275856811844278e-05,2025-10-23 15:17:13+00:00
AsahiLinux,pontihejo,1761239249.0,"Sounds hotter than usual. You should check CPU usage statistics using htop or btop to see if there are any background tasks over something like 2% of total CPU.  Pro/Max models get 4-6 hours typically, so this does seem low. They can get pretty warm to the touch but yours sounds hotter. If there isn't anything using significant CPU then it could actually be some sort of hardware issue.",t3_1oe7te9,0.0003563553618732,1.38984933073516e-06,2.7482463337946683e-05,6.408957415260375e-05,9.557709563523532e-05,1.6511728972545825e-05,1.3698379007109908e-05,2025-10-23 17:07:29+00:00
AsahiLinux,pontihejo,1761239404.0,There has been tangible progress for USB-C DP altmode recently. Literally yesterday some important patches were merged into the Linux kernel,t1_nkzbr7j,0.0003480875166133,1.4387032933882438e-06,2.825187948474195e-05,6.688533176202327e-05,9.251494338968767e-05,1.824468927225098e-05,1.321425133937737e-05,2025-10-23 17:10:04+00:00
AsahiLinux,pontihejo,1761240161.0,Honestly that's less usage than my M2 Max right now as I type this and it's comfortably warm. Might be worth taking it to the Apple store or contacting whoever you bought it from,t1_nkzm1ji,0.0006423731683753,1.6219208873735624e-06,4.8973375669447705e-05,6.912255776114762e-05,0.0001403270871378,2.5697310775285587e-05,2.105016028508544e-05,2025-10-23 17:22:41+00:00
AsahiLinux,pontihejo,1761243886.0,"Adept knowledge of vulkan and opengl, low level languages like C or Rust, and reverse engineering techniques.",t1_nkztjl0,0.0022121113725006,2.2894428184372373e-06,0.0001013401924865,0.0001397359737893,0.000392750633182,2.6844159947359003e-05,4.0749026084085926e-05,2025-10-23 18:24:46+00:00
AsahiLinux,pontihejo,1761245517.0,"I can't comment on the feasibility of putting together an M3 installer in its current state, but if it was doable I think this would be worth the downsides of the public forming calcified ideas around Asahi's level of hardware support (i.e. some people still think that GPU support on M1 or M2 OpenGL only or otherwise incomplete). There are all kinds of passionate people that love experimenting with bleeding edge technology even if it's incomplete. This is how I started with Asahi before it even had any GPU drivers to speak of. Access to such an installer might benefit from being a limited access pre-alpha or similar to avoid upsetting people with the wrong expectations.The heart of this project is the idea of taking excellent hardware from a closed ecosystem and enabling it to run an open operating system. I think it's overall counterproductive to gatekeep that, as it's against the spirit of the whole endeavour.I have to wonder about if the original approach to Asahi was to only work on it in a closed group until the drivers were at the current level, if it would have already died.This is just my rambling steam of conscious, I'm not a developer and I don't mean to be a ""back seat driver"" for the people actually contributing code or managing the project. I just worry that it will stagnate and die, just to be relegated to being a novelty version of Linux that exists only to enable what will eventually be legacy hardware.",t1_nl00032,0.0004500999348238,1.3882450957680703e-06,3.5863009543390945e-05,6.061220119590871e-05,0.0001172329430119,1.947476266650483e-05,1.4419626495509874e-05,2025-10-23 18:51:57+00:00
AsahiLinux,pontihejo,1761304381.0,"Here is where you can install it experimentally at the moment.[https://copr.fedorainfracloud.org/coprs/lacamar/wine-arm64ec/](https://copr.fedorainfracloud.org/coprs/lacamar/wine-arm64ec/)Just ask me here if you have any questions.By the way you don't need wine for hollow knight, the linux version can run with box64[https://www.reddit.com/r/AsahiGaming/comments/1na5s6t/silksong\_gog\_version\_runs\_on\_asahi\_with\_box64/?utm\_source=share&utm\_medium=web3x&utm\_name=web3xcss&utm\_term=1&utm\_content=share\_button](https://www.reddit.com/r/AsahiGaming/comments/1na5s6t/silksong_gog_version_runs_on_asahi_with_box64/?utm_source=share&utm_medium=web3x&utm_name=web3xcss&utm_term=1&utm_content=share_button)",t1_nl3yip9,0.0012895873514935,2.6472043828107417e-06,8.686864021001384e-05,0.0001672449579928,0.0002602936292532,5.443020927486941e-05,3.05728790408466e-05,2025-10-24 11:13:01+00:00
AsahiLinux,pontihejo,1761335027.0,The default repos don't contain any build of wine. You'll need to use the wine-arm64ec copr (or compile it yourself),t1_nl47hrw,0.0009923360776156,2.489621238055406e-06,9.204907837556676e-05,0.0001021312345983,0.0001785674830898,3.256232230341993e-05,4.093925599590875e-05,2025-10-24 19:43:47+00:00
AsahiLinux,pontihejo,1761386176.0,"Should have been more specific, they don't contain any aarch64 build of wine, see the [spec](https://src.fedoraproject.org/rpms/wine/blob/rawhide/f/wine.spec) where it defines `ExclusiveArch` as only x86. There is also no arm64ec in this build.",t1_nl7vc4d,0.0004520225338637,1.988604253710946e-06,4.255488238413818e-05,8.151116344379261e-05,8.240878378273919e-05,2.143801611964591e-05,1.9302786313346587e-05,2025-10-25 09:56:16+00:00
AsahiLinux,pontihejo,1761400396.0,"As far as I know, there is no way to install x86\_64 packages in a way that's helpful. Your best approach might be to find and download the opera fedora package (or appimage if they provide that) and manually extract it, then try running it through muvm+FEXBash, muvm+box64, or just box64. You will likely need to go through a process of feeding it the required x86\_64 or thunked arm64 libraries using LD\_LIBRARY\_PATH=""\[libraries\]:$LD\_LIBRARY\_PATH""If there's any possibility that you could use a different browser, I would explore that option. Browsers are heavy and they will consume far more resources running via x86\_64 emulation (even the fast kinds like FEX or box64)",t3_1ofqlsa,0.0007151621975935,2.9018551686021965e-06,6.567648961208761e-05,0.0001513110619271,0.0001165614448837,1.8172037016483955e-05,5.8055717090610415e-05,2025-10-25 13:53:16+00:00
AsahiLinux,pontihejo,1761407144.0,"Nice, thanks for the tip! I was having a problem with this the other day",t3_1ofqe3t,0.0004628772730939,1.4240575865187566e-06,3.5506713174981996e-05,6.01876454311423e-05,0.0001085434996639,2.14893116208259e-05,1.566550781717524e-05,2025-10-25 15:45:44+00:00
AsahiLinux,pontihejo,1761494008.0,"Just to keep expectations realistic:[From Sven](https://social.treehouse.systems/@sven/115440800574099821)  *Like last time this does NOT contain Thunderbolt or DP-AltMode support yet.*  *It's last big piece of code I wrote that's only been in our downstream trees though. Once this is upstream, I can finally focus on new features :-)*",t3_1ogm9ff,0.0004099833022337,1.7830224123827063e-06,4.014052319689654e-05,6.721282989019528e-05,8.35819955682382e-05,1.956291998794768e-05,1.709989010123536e-05,2025-10-26 15:53:28+00:00
AsahiLinux,pontihejo,1761494535.0,The gap in battery life from MacOS to Linux is way way bigger for pro/max compared to base models. Not much you can configure as a user to change this unfortunately,t1_nlhqy7n,0.000428987754276,1.3245794434624258e-06,2.752112050075084e-05,7.282051228685305e-05,0.0001093281825887,1.7912623661686666e-05,1.4482415281236172e-05,2025-10-26 16:02:15+00:00
AsahiLinux,pontihejo,1761499941.0,"Just tested now since I have a full battery. If I close my browser and turn the screen and keyboard brightness all the way down I get an expected battery of about 6 hours 30 minutes (waybar battery widget, might not be the best estimate).I decided to take some extra time to get rough power consumption (based on /sys/class/power\_supply/macsmc-battery/power\_now) for different things:    Rough power estimates:    keyboard backlight:   0.2 to 2 W    screen:               3 to 11 W    baseline:             5 W    100% CPU load:        60 W    zen browser (min):    5 W    wifi+bluetooth:       1 WI'm on Hyprland, baseline was with screen off, keyboard backlight off, and wifi+bluetooth off, \~1-2% CPU usage.",t1_nlhuslc,0.0005270831170491,2.0892587144771824e-06,6.119583122199401e-05,6.966166256461293e-05,0.0001161910258815,2.3772248823661357e-05,3.0386561775230803e-05,2025-10-26 17:32:21+00:00
AsahiLinux,pontihejo,1761538660.0,Pro battery is substantially worse on Asahi (womp womp) since there are still some power management features yet to be implemented. I described some rough numbers for battery life and power draw [here](https://www.reddit.com/r/AsahiLinux/comments/1ogkcqq/comment/nlibym4/?utm_source=share&utm_medium=web3x&utm_name=web3xcss&utm_term=1&utm_content=share_button),t1_nlfrp4w,0.0004556104540824,1.5526476317972993e-06,4.160729440627619e-05,8.580241410527378e-05,0.0001207254754262,1.6920381312957034e-05,2.577454870333895e-05,2025-10-27 04:17:40+00:00
AsahiLinux,pontihejo,1761538784.0,"The x86 emulation stack (FEX, muvm, steam) is packaged on Fedora but it's a wild west for other distros. Plus only Fedora and Gentoo have the experimental wine arm64ec builds being shipped at this stage",t1_nlepz3z,0.0004573035403154,1.8338970448894545e-06,4.281768633518368e-05,8.84498076629825e-05,9.455102554056792e-05,1.9935025193262845e-05,2.2240838006837297e-05,2025-10-27 04:19:44+00:00
AsahiLinux,pontihejo,1761538839.0,Fedora and Gentoo are the best options since these two are the only distributions being actively maintained by the core developers,t3_1og10se,0.0004685325839091,1.298484221479157e-06,2.6359826733823866e-05,8.602123853052035e-05,0.0001216638702317,1.809501372918021e-05,1.2241376680321991e-05,2025-10-27 04:20:39+00:00
AsahiLinux,pontihejo,1761558932.0,"No problem, glad the information is useful for you",t1_nlltfkr,0.0005967137403786,1.682994479779154e-06,3.606281461543403e-05,7.236232340801507e-05,0.0001113651378545,3.2110470783663914e-05,1.8404571164865047e-05,2025-10-27 09:55:32+00:00
AsahiLinux,pontihejo,1761656997.0,"Yes, there are a few devs that use Gentoo so they notice issues and try to fix them quickly",t1_nllssbj,0.0005593581008724,1.594453351572156e-06,3.4278818930033594e-05,9.58966265898198e-05,0.0001176006335299,2.259727807540912e-05,1.5950183296808973e-05,2025-10-28 13:09:57+00:00
AsahiLinux,pontihejo,1761864696.0,"Comments I have seen from the developers suggest that they need to implement variable refresh rate to get 120hz, this depends changes to how DCP (display co-processor) is handled. 120hz isn't a priority at the moment, and I'm guessing they want to upstream the existing DCP code before trying to implement VRR. DCP is also one of the weirder parts of Apple Silicon, so it's more difficult to change things for it without breaking functionality.Here's some information about DCP  [https://asahilinux.org/2021/08/progress-report-august-2021/#reverse-engineering-dcp](https://asahilinux.org/2021/08/progress-report-august-2021/#reverse-engineering-dcp)[https://youtu.be/uTZISTjqy9Q?t=7951](https://youtu.be/uTZISTjqy9Q?t=7951)",t3_1okcg82,0.0003773116914089,1.2870762020611437e-06,2.986516301461961e-05,6.362045678542927e-05,0.0001076046537491,1.4973168617871124e-05,1.203555984830018e-05,2025-10-30 22:51:36+00:00
AsahiLinux,pontihejo,1761913723.0,DP altmode requires DCP changes too so they will probably try get that upstreamed and maybe look at VRR at some stage after DP altmode is implemented.,t1_nma5fxg,0.0004148423322476,1.7420028370906948e-06,3.46809538314119e-05,7.803353219060227e-05,8.500609692418948e-05,1.9988861822639592e-05,1.5943885955493897e-05,2025-10-31 12:28:43+00:00
AsahiLinux,pontihejo,1761994687.0,What software are you trying to run?,t3_1oladab,0.0013694271910935,1.7944089449883904e-06,6.75618284731172e-05,9.076482092496008e-05,0.0002421970420982,3.6601752071874216e-05,2.6535850338405e-05,2025-11-01 10:58:07+00:00
AsahiLinux,pontihejo,1761996428.0,That’s normal for box64 and wine arm64ec. What are you trying to run and how did you get wine exactly? ,t3_1oll26d,0.0007017549942247,1.55201837515051e-06,4.569143129629083e-05,8.17635518615134e-05,0.0001546980201965,2.5825578632066023e-05,2.245716495963279e-05,2025-11-01 11:27:08+00:00
AsahiLinux,pontihejo,1762577050.0,"I'm on Hyprland and just installed Kodi to test this, everything seems normal as far as I can tell. You might need to check your Hyprland config or post it here if you want others to help you.",t3_1or4lsw,0.0005219297017902,1.5420685031131145e-06,3.496005228953436e-05,7.221872510854155e-05,0.0001142176406574,2.6443090973771177e-05,1.6199410310946405e-05,2025-11-08 04:44:10+00:00
AsahiLinux,pontihejo,1762735156.0,"The improvements are mainly in terms of GL and Vulkan specification conformance, the performance is not quite as good tasks that are on MacOS and for Metal. But Asahi generally wins on OpenGL and Vulkan workloads.",t1_nnwcw2f,0.0003718720108736,1.516710995019821e-06,2.743742152233608e-05,8.46841576276347e-05,9.197581675834954e-05,1.7935408322955482e-05,1.4489984096144326e-05,2025-11-10 00:39:16+00:00
AsahiLinux,pontihejo,1762740273.0,"So many questions that can mostly be answered with some of your own searching but I'll try to answer:*Is asahi only fedora based or is arch also alive still?*  [Arch Linux ARM Asahi was revived](https://asahi-alarm.org/) a while ago but Fedora is still the only official distribution.*How is battery life, cpu performance, & gpu performance on M1 max?*  Probably 4-6 hours with low impact use, maybe 24 hours on suspend.    Rough power estimates:    keyboard backlight:   0.2 to 2 W (min to max brightness)    screen:               3 to 11 W (min to max brightness)    baseline:             5 W    100% CPU load:        60 W    zen browser (min):    5 W    wifi+bluetooth:       1 W    youtube video         20 WMacbook Max M1/2 14"" has a battery size of 70 watt hours, so 3.5 W of power draw will let the battery last 20 hours, 10 hours with 7 W, 5 hours with 14 W, 3.33 hours with 21 W, etc. (in theory).*How is game performance on M1 max?*  M2 Max gets \~4500 on the vkmark benchmark. Maybe M1 Max would be somewhere around \~4000? Game performance is highly dependent on compatibility with the various tools used to make it possible to run games. Muvm, FEX, and Proton games will have less performance than native aarch64 games, but those are rare. Minecraft (a native game) runs at about 250fps (3024x1964) on default settings once it stabilises (M2 Max).*Anything I can't do on on asahi arch/fedora that I could normally do on normal arch/fedora?*  No, not that I can think of. Everything that runs on aarch64 Linux will work, with the increasingly rare exception of software that doesn't tolerate 16k pages. In which case muvm can be used to provide a 4k page environment.*Can I controll the cpu/gpu performance and fans?*  No, this can't be changed in userspace. The kernel/firmware controls this automatically and safely.*Can I install to external ssd instead of internal one (for testing)?*  No, this is not possible in a way that matters. Closest option is to install Linux and automatically mount a drive at startup to be used as a the home partition, but this is not ideal because the drive will unmount if you suspend the device.*Is there a chance of bricking my macbook?*  No, the installation is very safe. There is a risk of error during uninstallation since that is a manual process and you may accidentally delete the wrong containers/partitions.*Is there a chance that macos will be broken?*  No, each OS install living on M-series hardware has its own MacOS version (including firmware), so they are kept separate. Also see previous answer.*If there is a chance that macos will break what is it and how easy it is to fix the install?*  No, it's very safe while sticking to normal procedures. See previous answers. If you do something undocumented and manage to break the system, you can DFU restore using another device or at the Apple store if you do not have one.*Does macos detect linux as a threat like windows 11 does and delete it sometimes?*  No, never.*What is cpu bound, gpu bound, and mixed bound performance in games like?*  *Can I run 32 bit apps (only 32 bit apps I know of are games).*  Only with special tools like the muvm+FEX+Steam+proton stack, muvm+FEX+Wine, or special builds of [Wine](https://copr.fedorainfracloud.org/coprs/lacamar/wine-arm64ec/). The Steam option is the simplest and officially supported way at the moment.*Is the asahi linux kernel tweaked for M series?*  I'm not sure what this question is asking. The kernel is patched to allow it to run on these SoCs.",t3_1os6ehk,0.0026559163816273,1.8618229660205543e-05,0.0005037594237364,0.0003210962750017,0.0001409814576618,7.160648237913847e-05,0.0004418739990796,2025-11-10 02:04:33+00:00
AsahiLinux,pontihejo,1762740455.0,"You can't use the package manager to install any x86 software on Asahi.Spotify is not available on arm64 linux, you will need to use it in a browser (after running sudo widevine-installer), or install a third party spotify app that supports arm64 Linux.",t1_nny8ym3,0.000487843848532,1.747305532262544e-06,3.712873512995429e-05,8.835741755319759e-05,9.604680235497652e-05,2.2348973288899288e-05,1.8647886463440955e-05,2025-11-10 02:07:35+00:00
AsahiLinux,pontihejo,1762744871.0,"*Btw minecraft is technically native to every cpu arch out there. If that arch has jvm port that is.*  Okay. I used it as an example because it is popular and widely available so most already have a reference point for it. There are not many popular games with aarch64 Linux native support.*By tweaked I meant kernel has compile time parameters tweaked...*  I'm not sure, ask in the community Matrix channels or IRC. I would guess they do because this is a kernel based project that's highly architecture specific. If not, I don't suppose there is anything stopping you from finding a way of building it yourself with your desired flags.*I was surprised to hear macos won't delete linux since apple seemed more anti consumer than Microsoft.*  Surprising if it's your first day here. Relevant comment from a developer: [link](https://www.reddit.com/r/AsahiLinux/comments/1omg6cy/comment/nmp11kc/?utm_source=share&utm_medium=web3x&utm_name=web3xcss&utm_term=1&utm_content=share_button)",t1_no1n4hz,0.0003651031001936,1.394145101585309e-06,3.0410246836254373e-05,6.798469985369593e-05,9.676136687630787e-05,1.4917511180101428e-05,1.3375321032071952e-05,2025-11-10 03:21:11+00:00
AsahiLinux,pontihejo,1762745168.0,"It might be related to colour bit depth, I'm not sure.    monitor = eDP-1, 3024x1964@60.00Hz, 0x100, 1, bitdepth, 10, cm, wideHere are some Hyprland launch environment variables which may be relevant (I think the HDR ones here are just placebo though, HDR isn't supported...)    export CLUTTER_BACKEND=wayland    export QT_QPA_PLATFORMTHEME=kde    export GDK_BACKEND=wayland,x11    export ENABLE_HDR_WSI=1    export DXVK_HDR=1    export WLR_DRM_NO_ATOMIC=1    export SDL_VIDEODRIVER=wayland",t1_nnt3dmv,0.0005557622062042,1.9585431800805964e-06,4.499706847127527e-05,9.762449917616324e-05,0.0001154978599515,2.4279534045490436e-05,2.0493787815212272e-05,2025-11-10 03:26:08+00:00
AsahiLinux,pontihejo,1762764926.0,I have multiple DEs installed on my system. Maybe some kind of conflict is possible with Weston but I can't really see why it would be a broken combination,t1_no2r4ax,0.0004680893034674,2.0462441625568317e-06,4.447769606485963e-05,6.779617251595482e-05,8.291785343317315e-05,2.5321489374618977e-05,2.286826202180237e-05,2025-11-10 08:55:26+00:00
AsahiLinux,pontihejo,1762766293.0,"I have Weston installed now and I'm not seeing any conflict. Weston just uses Mesa as the rendering backend, the same as Hyprland. Mesa has the Asahi GPU userspace drivers merged upstream",t1_no2u5k0,0.0003825099265668,1.614499524293933e-06,2.8341821234789677e-05,8.169185457518324e-05,8.51020377012901e-05,1.937399065354839e-05,1.5052944036142437e-05,2025-11-10 09:18:13+00:00
AsahiLinux,pontihejo,1762811923.0,It's one of the best supported unofficial distributions because a few of the core developers use Gentoo on Asahi and they frequently fix or improve gentoo for these devices.,t3_1otofkr,0.0004129669687245,1.3359806416701758e-06,2.7555261112865992e-05,7.485664536943659e-05,0.000107741827378,1.630567385291215e-05,1.316431735176593e-05,2025-11-10 21:58:43+00:00
AsahiLinux,pontihejo,1762834770.0,100+ watts,t3_1otzjl1,0.0004512418236117,1.3576651554103591e-06,2.6180827262578532e-05,7.917472976259887e-05,0.0001074296378646,2.400340417807456e-05,1.1733171049854718e-05,2025-11-11 04:19:30+00:00
AsahiLinux,pontihejo,1763026768.0,"This is great news for the ARM Linux ecosystem since Steam now has some real skin in the game. They will need to devote some consistent development effort towards ARM Linux, FEX, and Wine/Proton ARM64EC to provide a good experience for users. I'm hoping this support will be mostly pagesize agnostic and that we will eventually see a native Steam client for ARM Linux.Steam has been an overall benevolent force pushing certain aspects of desktop Linux to mature, like Wayland's HDR protocol. Fingers crossed they will continue to raise the bar",t3_1ovecv0,0.0004135291092097,1.437915784663346e-06,3.838476914097555e-05,6.128325912868604e-05,0.0001082125745597,1.7615571778151207e-05,1.5757987057440914e-05,2025-11-13 09:39:28+00:00
AsahiLinux,pontihejo,1763028294.0,"If Steam provides an ARM client that can run on 16k hosts, then that will at least take off a big chunk of memory pressure for muvm.",t1_noicqfv,0.0003902610915247,1.4668818266727612e-06,2.7474652597447857e-05,7.687409379286692e-05,9.752020559972152e-05,1.929307109094225e-05,1.5181192793534136e-05,2025-11-13 10:04:54+00:00
AsahiLinux,pontihejo,1763207492.0,"So strange, I wonder what's wrong",t1_nou3x1s,0.00095171056455,1.6329076970578171e-06,3.5315679269842803e-05,0.0001421923370799,0.0001524580875411,4.53483262390364e-05,1.7478039808338508e-05,2025-11-15 11:51:32+00:00
AsahiLinux,pontihejo,1763210315.0,They are still working on it plus upstreaming existing patches to reduce maintenance burden,t3_1oxnumf,0.0004564464325085,1.376371528749587e-06,2.494947511877399e-05,8.269398676929995e-05,0.0001106327981688,2.361014412599616e-05,1.4377856132341549e-05,2025-11-15 12:38:35+00:00
AsahiLinux,pontihejo,1763272514.0,The Asahi installer sets up zswap by default for low memory models,t1_np1mvi9,0.0005116696120239,1.4388582485480583e-06,2.835101258824579e-05,7.941207877593115e-05,0.0001174180943053,2.2535577954840846e-05,1.830043584050145e-05,2025-11-16 05:55:14+00:00
AsahiLinux,pontihejo,1763273004.0,"Even when using a very large swapfile (24GB+), Linux still experiences memory pressure problems on these devices. I used a 16GB model for a long time and upgraded to 96GB and so many frustrating low memory crashes and hangups went away. MacOS is so much more forgiving with high memory use.",t1_np2gais,0.0005100746056996,1.7848445850177086e-06,3.62573737220373e-05,8.378700294997543e-05,0.0001077648485079,2.1249312339932654e-05,2.5051183911273256e-05,2025-11-16 06:03:24+00:00
AsahiLinux,pontihejo,1763319600.0,You certainly don't need to compile mesa to get GPU support on M2 Pro devices. This is installed by default with the versions of Fedora that ship a desktop environment. Asahi userspace drivers are included in mainline mesa.,t3_1oysut7,0.0004032510623801,1.5425009678438073e-06,3.047652353416197e-05,7.858710159780458e-05,9.196800965582952e-05,1.921213697642088e-05,1.4820308933849446e-05,2025-11-16 19:00:00+00:00
AsahiLinux,pontihejo,1763320493.0,Asahi on M1 and M2 devices have rendering enabled out of the box. But you installed the wrong kernel with no Asahi patches and totally broke compatibility. It's disinformation to write something saying the flagship is broken when you clearly did strange things to your install and your experience is a total departure from what others have encountered from installing Fedora Asahi in the default way.,t1_np6nw4v,0.0003957685257773,1.3862447758583585e-06,2.855298953363672e-05,6.971622497076169e-05,9.889692591968924e-05,1.731854172248859e-05,1.315013832936529e-05,2025-11-16 19:14:53+00:00
AsahiLinux,pontihejo,1763320738.0,Okay if you reinstall go with Fedora KDE plasma and maybe just try not to overthink it,t1_np6ula4,0.0003870611835736,1.3693578466700274e-06,2.5711822672747076e-05,7.616476796101779e-05,0.0001003244542516,1.9919367332477123e-05,1.311979940510355e-05,2025-11-16 19:18:58+00:00
AsahiLinux,pontihejo,1763363158.0,"Yeah fair enough, I think it's wrong to discount the experience you had and it's not productive to go over what you may or may not have fumbled with the install or subsequent troubleshooting.If you end up doing a fresh install of Fedora KDE and get the same problems, it's worth asking for help on the Asahi matrix chat to figure out what's wrong so that they can get the right debugging information to help you and fix anything on the project's end if there is a genuine issue with the installer",t1_np70xp7,0.0004026803944725,1.3822817663822209e-06,2.94804667646531e-05,6.656940240645781e-05,0.0001014408335322,1.9100845747743733e-05,1.3619468518299982e-05,2025-11-17 07:05:58+00:00
AsahiLinux,pontihejo,1763456884.0,\> Steam  This level is normal due to steam running inside muvm and steam being built on web browser technology  \> Brave  Normal level for a web browser  \> Background services   Might be possible to save 1 GiB ram here or somethingThe rest would be be Linux caching or RAM being used for video purposes because these systems have shared memory rather than RAM and VRAM separately,t3_1p0439o,0.0003945647040382,1.407642571393808e-06,2.9318471206352115e-05,6.521702016470954e-05,9.975761349778622e-05,1.7894935808726586e-05,1.4511917470372282e-05,2025-11-18 09:08:04+00:00
AsahiLinux,pontihejo,1763651483.0,Internal microphone doesn't work on M2 Pro/Max at the moment due to changes in AOP compared to M1,t3_1p24dqi,0.0004009941476397,1.5187040389719186e-06,3.479033330222592e-05,6.414778908947483e-05,9.706124546937644e-05,1.8118756997864693e-05,1.5283983884728514e-05,2025-11-20 15:11:23+00:00
AsahiLinux,pontihejo,1763652017.0,Yes it's a known issue and there is intent to fix it. I think I recall seeing that the guys who would be best to work on it don't have access to M2 Pro/Max devices to debug the problem,t1_npusrvu,0.0004781844618264,1.726966956994147e-06,5.699432222172618e-05,7.497266778955236e-05,0.0001164973436971,3.36886769218836e-05,1.5031025213829707e-05,2025-11-20 15:20:17+00:00
AsahiLinux,pontihejo,1763655025.0,Damn idk that's a good question 🤔,t3_1p26v6y,0.970490038394928,0.0187665186822414,0.9579075574874878,0.0076687587425112,0.2950154840946197,0.0009226041729561,0.0073403595015406,2025-11-20 16:10:25+00:00
AsahiLinux,pontihejo,1763697648.0,It needs to be HDMI if you're using the HDMI port on the macbook pro. Beyond that it should just work unless the cheap monitor is badly out of spec or something,t3_1p2npcj,0.0005145584582351,1.5065016896187444e-06,3.632562220445834e-05,7.820352766430005e-05,0.0001130040909629,2.2705002265865915e-05,1.724182948237285e-05,2025-11-21 04:00:48+00:00
AsahiLinux,pontihejo,1763697891.0,"1. If you are on KDE, open system settings and search cursor and under Appearances & Style go to Cursors then select a cursor theme and change the cursor size from the drop down menu at the top of the window. 2. Might be worth expanding swap from 8 GiB to 16 GiB if you are okay with giving up 8 GiB of storage space and are noticing the system hang often when you have things open.",t3_1p2fh6d,0.0003914541448466,1.426753101441136e-06,3.057926369365305e-05,6.964758358662948e-05,9.893352398648858e-05,1.8208675101050176e-05,1.39038274937775e-05,2025-11-21 04:04:51+00:00
AsahiLinux,pontihejo,1763773622.0,Link to the Copr repo where those packages can be downloaded:https://copr.fedorainfracloud.org/coprs/lacamar/wine-arm64ec/,t1_nq1ni74,0.0004041036299895,1.496739514550427e-06,3.362278584972955e-05,7.608216401422396e-05,0.0001005288140731,1.846582381404005e-05,1.4149470189295243e-05,2025-11-22 01:07:02+00:00
AsahiLinux,pontihejo,1763969835.0,"That was M3, Linux has not been booted on M4 yet due to the changes to SPTM which require reverse engineering first before bringing up the system.",t1_nqhro1p,0.0003970353864133,1.449399519515282e-06,2.9045690098428167e-05,6.684146501356736e-05,9.50767789618112e-05,1.9098677512374707e-05,1.4354318409459664e-05,2025-11-24 07:37:15+00:00
AsahiLinux,pontihejo,1763971419.0,"For M4, Secure Page Table Monitor (SPTM) and limited developer time are the major hurdles right now that prevent progress. [SPTM changed with M4](https://www.reddit.com/user/FOHjim/search/?q=sptm&type=comments&cId=764edcf9-8bf4-4e66-b103-d056bd60626b&iId=60249f42-e018-48f9-bbd1-0e1d5b5c31bd) so it's currently not possible to boot Apple's kernel using the M1N1 hypervisor, which is necessary for the hardware to be studied. In the early days of Asahi, CPU was one of the first things to be supported and the install script was publicly available as an alpha kind of experience. It's not clear what the roadmap is for M4 but I'd like to hope that CLI Linux is bootable before Apple's EoL for the platform.",t3_1p58rxe,0.0003864778846036,1.3748904166277498e-06,3.412002115510404e-05,5.671661710948683e-05,0.000109457221697,1.5433572116307914e-05,1.3163513358449563e-05,2025-11-24 08:03:39+00:00
AsahiLinux,pontihejo,1763977798.0,"No ETA at the moment, seems like the main blocker is issues around FEX and its root filesystem",t3_1p5csnk,0.0054156486876308,1.6524078091606498e-05,0.0003410759964026,0.0010920802596956,0.0003104932548012,3.453982208156958e-05,0.0026780904736369,2025-11-24 09:49:58+00:00
AsahiLinux,pontihejo,1764976962.0,Unity x86\_64 Linux binaries can usually run via box64,t1_nse307e,0.0004401006444822,1.913140749820741e-06,3.4866327041527256e-05,9.35500647756271e-05,8.024035923881456e-05,2.353344279981684e-05,1.6906187738641165e-05,2025-12-05 23:22:42+00:00
AsahiLinux,pontihejo,1764978647.0,"You can get Signal via some COPR repos (e.g. [useidel](https://copr.fedorainfracloud.org/coprs/useidel/signal-desktop/)) and it's possible to compile it yourself if you don't trust others to provide the binaries for you.I might be missing something, but Proton Pass is available as an [extension for Firefox](https://copr.fedorainfracloud.org/coprs/useidel/signal-desktop/), not sure if that works for you120 Hz/VRR is believed to be on the less challenging end to implement but it's not seen as a priority for the developers. Hopefully that gets worked on in the future as it's something I'd love to see too. Upstreaming and USB-C/Thunderbolt is the current objective",t1_nseomnx,0.0004706321342382,1.5613755977028632e-06,4.2840234527830034e-05,7.046623068163171e-05,0.0001166555302916,1.761117164278403e-05,1.6676720406394452e-05,2025-12-05 23:50:47+00:00
AsahiLinux,pontihejo,1764978853.0,"I can confirm what aaaaaaaaana is saying, I've had USB devices/hubs cause uboot to hang. It's got an unreliable USB implementation so there are a lot of odd behaviours there",t1_nsbg6dg,0.0016974015161395,3.077047722399584e-06,0.0001269365893676,0.0001598276285221,0.0002459022798575,7.465874659828842e-05,4.97807159263175e-05,2025-12-05 23:54:13+00:00
AsahiLinux,pontihejo,1765011832.0,"Valheim, Inscryption, and Hollow Knight work, just a few examples I can think of. Appimages can be a bit unreliable with box64, you might be able to make it work by unpacking it with --appimage-extract, either on the host or inside a muvm instance. I've found that performance is rather good with box64 when the game works (even 3D)",t1_nskarmz,0.0004242977011017,1.777353759280231e-06,3.903363904100843e-05,7.715736865065992e-05,8.782458462519571e-05,1.951477133843582e-05,1.7524103895993903e-05,2025-12-06 09:03:52+00:00
AsahiLinux,pontihejo,1765054740.0,"If the binaries/packages you want to use are publicly available, I can try to find a way to run them",t1_nskhjr4,0.0004576377687044,1.5025000266177813e-06,3.1428426154889166e-05,7.505034591304138e-05,0.0001021264542941,2.352381852688268e-05,1.4820930118730756e-05,2025-12-06 20:59:00+00:00
AsahiLinux,pontihejo,1765095943.0,Lurk and google for 2 seconds before posting,t3_1pgc01z,0.0010826420038938,1.936369926625048e-06,8.638259168947116e-05,7.85360170993954e-05,0.0002154794347006,3.2335716241505e-05,2.516429594834335e-05,2025-12-07 08:25:43+00:00
AsahiLinux,pontihejo,1765095958.0,Simply wrong,t1_nsq9ewf,0.0007005084189586,9.600511248208932e-07,1.8416896637063473e-05,0.0001059503119904,0.0001731870725052,2.563071575423237e-05,9.797954589885194e-06,2025-12-07 08:25:58+00:00
AsahiLinux,pontihejo,1765095995.0,Read up  [https://asahilinux.org/blog/](https://asahilinux.org/blog/),t1_nsq9yx7,0.0003935266286134,1.7310645716861472e-06,3.802288847509771e-05,6.720077362842858e-05,8.385870751226321e-05,1.9086641259491444e-05,1.541831807116978e-05,2025-12-07 08:26:35+00:00
AsahiLinux,pontihejo,1765096270.0,"These kinds of posts are extremely low effort or even malicious trolling, so there would be no loss if they were all deleted",t1_nsqafip,0.0402606353163719,4.041587089886889e-06,0.0002774708846118,0.0007368454826064,0.0101915979757905,0.0001628491008887,0.0001360895403195,2025-12-07 08:31:10+00:00
AsahiLinux,pontihejo,1765396097.0,"Very cool, thanks for collecting and presenting this data",t3_1pjcdru,0.0003935050626751,1.4576404510080463e-06,2.6719777451944537e-05,7.246452150866389e-05,9.369719191454352e-05,2.0033308828715235e-05,1.5022284060250968e-05,2025-12-10 19:48:17+00:00
AsahiLinux,pontihejo,1765463662.0,"Thanks for the observation, you should pass it on to the contributors and let them know they're working on a dead project",t1_ntg6nf6,0.0014212433015927,2.2222848201636225e-06,7.120772352209315e-05,0.0001244763843715,0.0002040779945673,8.78915234352462e-05,2.6541874831309545e-05,2025-12-11 14:34:22+00:00
AsahiLinux,pontihejo,1765554112.0,"Godot publishes Linux ARM64 builds with their github releases. I've not used it for development, but the games I have tested seem to run as you would expect. You just need the correct engine binary for the platform being used to run the game.",t3_1pkta03,0.0004259917768649,1.722645833979186e-06,3.920842573279515e-05,7.364925841102377e-05,8.98017970030196e-05,1.9653632989502512e-05,1.670304664003197e-05,2025-12-12 15:41:52+00:00
AsahiLinux,pontihejo,1765630549.0,You'll need to familiarise yourself with SMB mounting  [https://wiki.archlinux.org/title/Samba](https://wiki.archlinux.org/title/Samba)KDE's default file manager has a network share function too I think.,t3_1pljj6b,0.0004891460412181,2.093503098876681e-06,4.9485508498037234e-05,7.079504575813189e-05,8.375377365155146e-05,2.2513497242471203e-05,2.145566577382851e-05,2025-12-13 12:55:49+00:00
AsahiLinux,pontihejo,1765631620.0,"I had just figured this was something Linux was still missing, but I'm curious to know now if this is actually implemented",t3_1plc5px,0.0003754317876882,1.5370061419162084e-06,2.7883308575837873e-05,7.062323857098818e-05,8.711842383490875e-05,1.888175575004425e-05,1.4660115084552672e-05,2025-12-13 13:13:40+00:00
AsahiLinux,pontihejo,1765721589.0,"Yes I've noticed this problem and I use [TITDB](https://github.com/tascvh/trackpad-is-too-damn-big) to help avoid it.  If you use that daemon and disable tap-to-click, almost all these kind of annoying events go away. I use these flags: `sudo titdb -b 5 -r 20 -l 20 -t 10 -d /dev/input/by-path/platform-2a9b30000.input-event-mouse`  Apple's implementation of trackpad input does a lot of filtering for events that are triggered by your thumbs or other parts of your hand lightly touching the upper corners/edges of the trackpad. Linux's libinput has some palm detection to prevent this kind of thing but I find it deficient compared to whatever Apple is doing.",t3_1pmejgj,0.0600908398628234,6.968505476834252e-05,0.0962331667542457,0.0002652305411174,0.0049417777918279,0.0001449770643375,0.0005951361381448,2025-12-14 14:13:09+00:00
AsahiLinux,pontihejo,1765724110.0,What are you doing when you are getting these pink flashes? How much RAM do you have?,t3_1pmeya8,0.0062974588945508,3.304846586615895e-06,0.0001321661839028,0.0005312809953466,0.0012496212730184,9.466749907005578e-05,9.465630137128755e-05,2025-12-14 14:55:10+00:00
AsahiLinux,pontihejo,1765726842.0,"The pink flash happens when something goes wrong with GPU memory. Since the RAM on M devices is shared by the system and the GPU, they are more sensitive to memory pressure. MacOS tends to handle this much more gracefully than Linux, so it doesn't take very much to cause these low memory graphical issues, especially on 8GB of RAM. What's your system resource usage and what applications do you have running?",t1_ntzokpa,0.0005631514941342,1.6536628208996262e-06,3.4725202567642555e-05,8.884059934644029e-05,0.000129753636429,2.122472506016493e-05,2.206948738603387e-05,2025-12-14 15:40:42+00:00
AsahiLinux,pontihejo,1765781913.0,"Don't use the x86\_64 appimage, you need the arm64 appimage [https://github.com/obsidianmd/obsidian-releases/releases](https://github.com/obsidianmd/obsidian-releases/releases)",t3_1pmzfvb,0.0005192053504288,1.7867281485450803e-06,3.983514761785045e-05,9.397036774316804e-05,0.0001016057067317,2.475544170010835e-05,1.843249992816709e-05,2025-12-15 06:58:33+00:00
AsahiLinux,pontihejo,1766651369.0,"As always no ETAs, but it'll come eventually",t1_nvu4p08,0.0004175951180513,1.2710214605249348e-06,2.4924505851231515e-05,8.066530426731333e-05,0.0001031117571983,1.8520971934776753e-05,1.2147783309046645e-05,2025-12-25 08:29:29+00:00
AsahiLinux,pontihejo,1766692434.0,"Yes, libre office is in the Fedora repos",t1_nvwczrh,0.0015975595451891,1.7385939372616122e-06,7.870409899624065e-05,0.0001333203108515,0.0003597565228119,2.7605155992205255e-05,3.434806058066897e-05,2025-12-25 19:53:54+00:00
AsahiLinux,pontihejo,1766777097.0,I like the optimism but Touch ID is very tedious to RE and it’s not a priority for any of the contributors right now :(,t1_nw017k9,0.0007941028452478,1.3383743180384045e-06,3.6975172406528145e-05,8.711028203833848e-05,0.0001695647661108,2.115081224474125e-05,1.608046113688033e-05,2025-12-26 19:24:57+00:00
AsahiLinux,pontihejo,1766825011.0,Maybe someone will randomly wake up one day and smash it out. There's no way to predict it,t1_nw3q7ry,0.3610406517982483,9.047274215845393e-05,0.0009244679822586,0.0052073667757213,0.0031927728559821,0.2595460712909698,0.0003756609221454,2025-12-27 08:43:31+00:00
AsahiLinux,pontihejo,1766825183.0,Every time someone asks for an estimation the delivery date doubles so I think we're looking at the ETA being around the heat death of the universe now :D,t1_nw37v3a,0.0004455434100236,1.419672230440483e-06,2.6365160010755065e-05,8.525303564965725e-05,0.0001018158800434,2.332645090064034e-05,1.5106267710507382e-05,2025-12-27 08:46:23+00:00
AsahiLinux,pontihejo,1767029040.0,Absolute legend. Can't wait to see further progress with M3,t3_1pyltas,0.0004813160339836,1.6949394421317263e-06,3.418864798732102e-05,8.231760148191825e-05,9.688794671092182e-05,2.5583123715477996e-05,1.639151741983369e-05,2025-12-29 17:24:00+00:00
AsahiLinux,pontihejo,1767075942.0,Has the hardware changed significantly for M3 audio?,t1_nwmlfnw,0.000377732067136,1.537221578473691e-06,2.8533011573017575e-05,7.378683221759275e-05,9.260012302547692e-05,2.1249899873510003e-05,1.3836448488291351e-05,2025-12-30 06:25:42+00:00
AsahiLinux,pontihejo,1767100956.0,M3 is in early bringup. M4 is pending some challenging work to bring M4 support to the m1n1 hypervisor to make RE practical.,t3_1pzhkpv,0.0004004976944997,1.4717496696903254e-06,3.0950632208259776e-05,7.073229062370956e-05,0.000103616999695,1.9701783458003778e-05,1.4039869711268692e-05,2025-12-30 13:22:36+00:00
AsahiLinux,pontihejo,1767101781.0,"Really great talk, this has been a very exciting end of the year for Asahi thanks to so much hard work from the contributors. We are lucky to have such talented contributors like Sven",t3_1pzgg3d,0.0003675278858281,1.3830056104779942e-06,3.154739897581749e-05,5.793277159682475e-05,9.609196422388776e-05,1.6462672647321597e-05,1.4695220670546403e-05,2025-12-30 13:36:21+00:00
AsahiLinux,pontihejo,1767102107.0,"They said Asahi would never be possible beyond a toy project, so let's wait and see.",t1_nwq5vbv,0.0007522839005105,1.5996744195945212e-06,3.6566376365954056e-05,0.0001112090321839,0.0001412854617228,4.560419256449677e-05,1.9616030840552412e-05,2025-12-30 13:41:47+00:00
AsahiLinux,pontihejo,1767103526.0,"Documenting and emulating SPTM is likely to be of interest to researchers or other third parties outside of Asahi, so there's potentially many places where a breakthrough could come from besides just Asahi contributors. Just to give one angle that could get M4 bringup over this hurdle.",t1_nwqaybz,0.0003582455101422,1.371881808154285e-06,2.7744903491111472e-05,6.887561903567985e-05,9.55600626184605e-05,1.6381687601096928e-05,1.2853975022153463e-05,2025-12-30 14:05:26+00:00
AsahiLinux,pontihejo,1767103545.0,Source for what?,t1_nwqb7ko,0.0007212344789877,1.8245780211145757e-06,5.238762605586089e-05,9.166244853986429e-05,0.0001216378805111,3.3377244108123705e-05,2.009177660511341e-05,2025-12-30 14:05:45+00:00
AsahiLinux,pontihejo,1767104057.0,Let us know how it goes!,t1_nwq74c3,0.0004857365274801,1.3017548781135702e-06,2.6728977900347672e-05,8.4943778347224e-05,0.0001094955296139,2.7012751161237247e-05,1.2148825589974876e-05,2025-12-30 14:14:17+00:00
AsahiLinux,pontihejo,1767110507.0,"It was an offhand remark, so cut me some slack, but I'll do my best. Assuming you're asking genuinely.Marcan's Mastodon, where he at times responded to the higher profile negativity towards the project, has been deleted and his old Twitter account is locked down, however, his resignation [blog post](https://marcan.st/2025/02/resigning-as-asahi-linux-project-lead/) from February 2025 is probably the next best to give an overview of the kind of public negative sentiments that lingered around the project, see this excerpt:>*For a long time, well after we had a stable release, people kept claiming Asahi Linux and Fedora Asahi Remix in particular were “alpha” and “unstable” and “not suitable for a daily driver” (despite* [*thousands of users*](https://stats.asahilinux.org)*, myself included, daily driving it and even using it for servers).*There were toxic remarks made[ on Linux Weekly News](https://lwn.net/Articles/987712/) in August 2024 by Nvidia's Jason Gunthorpe (user `jgg`) referring to the Asahi Graphics Driver as an ""unmerged toy"", Asahi Lina responded and was met with further derision:>*... that doesn't change today's facts - AGX is currently unmerged and serves a tiny and niche user base with no commercial relavance.* ***That is an unmerged toy by my definition.***This was ***after*** the drivers were made conformant with OpenGL 4.6 and Vulkan 1.3. This would have been crushing to have one of their peers from Linux kernel graphics development call the culmination of years of hard work an irrelevant niche toy.    Here is a comment from a user on [hackernews](https://news.ycombinator.com/item?id=32317468) in August 2022 where an overview of Asahi Linux was posted:>*Is there any value in Asahi Linux given GPU won't be likely supported for the next 10+ years (based on how long it took for regular Linux to get decent Nvidia and Radeon open source drivers and those didn't rely on any crypto chips)?* ***It seems like a nice toy project without much value.***I'm not going to make an effort to dredge up any more toxic old posts. There has been a certain kind of negativity amongst some people that has followed the Asahi project from the start, and this has managed to increase fear, uncertainty, & doubt around the project and ultimately contributed to Hector Martin's resignation from his own project.",t1_nwqfvhs,0.0068808700889348,1.42122889883467e-05,0.0011806744150817,0.0002917870297096,0.0004928961861878,9.07401627046056e-05,0.0003209123387932,2025-12-30 16:01:47+00:00
AsahiLinux,pontihejo,1767113066.0,"I recall reading that there are some fundamental limitations with the silicon when it comes to using an eGPU over thunderbolt, marcan42 has touched on this a few times in the past.",t1_nwqw11a,0.0003464523761067,1.2932578101754189e-06,2.3224169126478955e-05,7.291946531040594e-05,9.840324491960928e-05,1.6196074284380302e-05,1.2898278328066226e-05,2025-12-30 16:44:26+00:00
AsahiLinux,pontihejo,1767117719.0,Does this mean I can daily drive Asahi now?,t3_1pznoyh,0.000430761516327,1.4634374565503094e-06,2.8341768484096978e-05,8.876243373379111e-05,9.96880917227827e-05,2.382730963290669e-05,1.4947744602977764e-05,2025-12-30 18:01:59+00:00
AsahiLinux,pontihejo,1767136780.0,More faster more better,t1_nwqf4fv,0.0006805718876421,1.2948164567205822e-06,2.7194948415854014e-05,0.0001073930834536,0.0001438446342945,2.6904028345597908e-05,1.9467132005956955e-05,2025-12-30 23:19:40+00:00
AsahiLinux,pontihejo,1767165849.0,"You don’t need to compile wine with arm64ec yourself, you can get install it via this copr https://copr.fedorainfracloud.org/coprs/lacamar/wine-arm64ec/It also includes certain patches that make the arm64ec/wow64 experience better.Wine arm64ec isn’t so reliable yet, especially on 16k aarch64 like Asahi Linux. It also tends to be less reliable for the proprietary software that’s not available for Linux or aarch64 Linux like certain games or complex, quirky software. I think it has massive value as a translation layer and love it when it works since it sometimes allows us to run software on the host system without muvm which is typically more performant ",t3_1q01g9l,0.0004863947106059,1.6680908174748763e-06,4.5251083065522835e-05,7.21884352969937e-05,0.0001079621215467,1.903176962514408e-05,1.983086986001581e-05,2025-12-31 07:24:09+00:00
AsahiLinux,pontihejo,1767169915.0,"It's okay, I know. I already use Asahi and was just joking about the DP-altmode cliche",t1_nwtmzts,0.0004898204933851,1.2423126918292835e-06,3.256561467424035e-05,7.125167030608281e-05,0.0001276054099434,1.7913785995915532e-05,1.3098421732138377e-05,2025-12-31 08:31:55+00:00
