Subreddit,username,timestamp,comment_text,parent_id,toxicity,severe_toxicity,obscene,identity_attack,insult,threat,sexual_explicit,date
AsahiLinux,Prestigious-Oil374,1696932730.0,Stumble Guys runs but crashes after about a minute,t3_174heiz,0.0029303128831088,4.7007797547848895e-06,0.0001744215551298,0.0003250764275435,0.0005413868348114,0.0002753644366748,4.6356566599570215e-05,2023-10-10 10:12:10+00:00
AsahiLinux,Prestigious-Oil374,1696934523.0,"Any word on whether or not this VM could be used to install other x86_64 apps? Also, how would we go about updating the VM in the future? I got it up and running on my end with a few games working",t3_1727qy6,0.0005905302823521,2.7379871880839346e-06,5.290190892992541e-05,0.0001066039694705,7.332634413614869e-05,2.8633214242290705e-05,3.0522249289788306e-05,2023-10-10 10:42:03+00:00
AsahiLinux,Prestigious-Oil374,1696965877.0,I got those two games working under Steam. But I was asking if we could install other x86_64 apps besides steam such as discord and other apps not currently available in the ARM repos,t1_k49duqx,0.0004687141918111,1.81682514721615e-06,3.652382656582631e-05,8.609838550910354e-05,8.57696941238828e-05,2.173450957343448e-05,1.966810668818653e-05,2023-10-10 19:24:37+00:00
AsahiLinux,Prestigious-Oil374,1696966307.0,would love to but unfortunately i dont own many games on steam XD,t1_k49gols,0.0008042165427468,2.5847996312222676e-06,6.895533442730084e-05,0.000109984743176,9.656540350988509e-05,3.5796587326331064e-05,3.479066435829736e-05,2023-10-10 19:31:47+00:00
AsahiLinux,Prestigious-Oil374,1696970326.0,i've read about that- thanks!,t1_k4bq365,0.0004075171891599,1.1660091558951535e-06,2.682335434656125e-05,6.126864900579676e-05,0.0001040930510498,1.74936812982196e-05,1.053066625900101e-05,2023-10-10 20:38:46+00:00
AsahiLinux,Prestigious-Oil374,1696978564.0,lol @ salty downvoters,t1_k4bdr7f,0.0084542566910386,2.10810230782954e-06,0.0001366643118672,0.0003488547517918,0.0029276767745614,6.403215229511261e-05,4.062238076585345e-05,2023-10-10 22:56:04+00:00
AsahiLinux,Prestigious-Oil374,1696980322.0,"If someone can figure out how to get gallium nine working on the Steam microvm, cities skylines and other DX9 games (provided they dont use EAC) should work",t3_174heiz,0.0004545138799585,1.468628624934354e-06,3.162128268741071e-05,8.515863009961322e-05,0.0001070042198989,2.108445369231049e-05,1.4437844583881088e-05,2023-10-10 23:25:22+00:00
AsahiLinux,Prestigious-Oil374,1697001805.0,who said anything about sound? but no.,t1_k4dmiuq,0.0005504106520675,1.2700605793725115e-06,2.4972707251436077e-05,8.384975080844015e-05,0.0001278932613786,2.250194847874809e-05,1.4600538634113036e-05,2023-10-11 05:23:25+00:00
AsahiLinux,Prestigious-Oil374,1697002081.0,I don't own it :c,t1_k4dq0ee,0.0016143834218382,3.5418406696408056e-06,0.0001748985087033,0.0001241230493178,0.0001521801023045,4.463746154215187e-05,4.346129935584031e-05,2023-10-11 05:28:01+00:00
AsahiLinux,Prestigious-Oil374,1697009673.0,figured it'd be hard :<,t1_k4e08zc,0.0008804967510513,2.063994770651334e-06,6.111622496973723e-05,9.280122321797536e-05,0.0001463007938582,7.71732593420893e-05,2.0036095520481467e-05,2023-10-11 07:34:33+00:00
AsahiLinux,Prestigious-Oil374,1697013715.0,stick with macOS for now. asahi isn't ready as a full replacement for macOS yet,t3_1758iuo,0.0005731810815632,1.4700945030199364e-06,3.0300472644739784e-05,8.612933743279427e-05,0.0001209683978231,3.566985105862841e-05,1.5339997844421305e-05,2023-10-11 08:41:55+00:00
AsahiLinux,Prestigious-Oil374,1697013921.0,i'm lucky i even got steam working XD,t1_k4e5f4l,0.0014395103789865,3.813107696259976e-06,0.0001496136828791,0.0001278313138755,0.0001363318879157,8.689963578945026e-05,6.760023825336248e-05,2023-10-11 08:45:21+00:00
AsahiLinux,Prestigious-Oil374,1697087676.0,congrats on getting it running! I'm currently driving it on M1 Max 2021,t3_175ua57,0.0008368482813239,1.672637154115364e-06,4.928559064865112e-05,9.078905713977292e-05,0.0001724286266835,4.008933683508076e-05,1.9474930013529956e-05,2023-10-12 05:14:36+00:00
AsahiLinux,Prestigious-Oil374,1697151161.0,The Arch version will become a community spin (like the ubuntu and debian spins) and the Fedora version will be the main focus of the Asahi team. Arch Linux ARM itself is not very well-maintained in of itself whereas Fedora ARM is officially maintained by the Fedora team so it's advisable to use the Fedora Asahi Remix from now on.,t3_176gsr9,0.0003497727157082,1.588867462487542e-06,3.066236968152225e-05,6.996798038017005e-05,8.411121962126344e-05,1.696589788480196e-05,1.33804242068436e-05,2023-10-12 22:52:41+00:00
AsahiLinux,Prestigious-Oil374,1697374779.0,Asahi isn't its own distro. It's a development branch of the Linux kernel that will eventually exist in mainline Linux for all current distros.,t3_178ep5j,0.000368369044736,1.3621122434415156e-06,2.3875692932051606e-05,8.283968782052398e-05,9.264225082006304e-05,1.7159974959213287e-05,1.3313141607795842e-05,2023-10-15 12:59:39+00:00
AsahiLinux,Prestigious-Oil374,1697404768.0,"Fedora devs are officially helping the Asahi team. The Arch spin is a community-driven version much like Ubuntu or Debian Asahi. Arch Linux ARM is historically un-maintained.Go with fedora. Even if you like Arch, using it on ARM is not ideal. Too much headache.",t3_178otlp,0.0003975851286668,1.3812421002512565e-06,2.8941727578057908e-05,7.172949699452147e-05,0.0001014464505715,1.6683099602232687e-05,1.2660270840569863e-05,2023-10-15 21:19:28+00:00
AsahiLinux,Prestigious-Oil374,1697404825.0,Arch version will still be developed but it will be a community spin rather than the flagship sandbox for asahi development.,t1_k5123ev,0.0003734811034519,1.4669292340840911e-06,2.558978485467378e-05,7.63273419579491e-05,9.046213381225245e-05,1.865759986685589e-05,1.3344385479285847e-05,2023-10-15 21:20:25+00:00
AsahiLinux,Prestigious-Oil374,1697406561.0,"Using the Arch spin means you'll be using an under-maintained distro foundationally (Arch Linux ARM) and you'll have to rely on the community maintaining the Asahi version of Arch to implement the changes. Meanwhile, Fedora Asahi will recieve updates as soon as they're announced and the Fedora ARM distro is officially maintained by the Fedora team. Arch ARM is community maintained and lots of packages that should work just dont. That's the whole reason Asahi team switched in the first place.",t1_k517gaj,0.0003626353573054,1.4638269476563437e-06,3.072899562539533e-05,6.735301576554775e-05,9.106913057621568e-05,1.6209069144679233e-05,1.2727311514026953e-05,2023-10-15 21:49:21+00:00
AsahiLinux,Prestigious-Oil374,1697535221.0,Could you link?,t1_k58i4tx,0.0004589540476445,1.4723997310284176e-06,2.749577834038064e-05,8.503657591063529e-05,0.0001005850062938,2.569432217569556e-05,1.3252363714855164e-05,2023-10-17 09:33:41+00:00
AsahiLinux,Prestigious-Oil374,1697538700.0,I'm asking about running things that aren't provided by steam. trying to add programs via the steam client just crashes the vm.,t1_k58msj1,0.0005004748818464,1.4134067214399693e-06,2.8225918867974545e-05,7.69668840803206e-05,0.0001109429722419,2.505008524167351e-05,1.722454180708155e-05,2023-10-17 10:31:40+00:00
AsahiLinux,Prestigious-Oil374,1697583221.0,it's already able to be testedhttps://sinrega.org/2023-10-06-using-microvms-for-gaming-on-fedora-asahi/,t1_k5adxzg,0.0003474087279755,1.2921851748615154e-06,2.7546300771064125e-05,6.424794264603406e-05,9.949673403752968e-05,1.6156720448634587e-05,1.2206892279209567e-05,2023-10-17 22:53:41+00:00
AsahiLinux,Prestigious-Oil374,1697584688.0,this is the final integration of it. just a very early version of it.,t1_k5btqj4,0.0003319887327961,1.3761076615992351e-06,2.3761685952194966e-05,6.570668483618647e-05,8.884331327863038e-05,1.7571679563843645e-05,1.2607595635927282e-05,2023-10-17 23:18:08+00:00
AsahiLinux,Prestigious-Oil374,1697938504.0,yes. it's that bad.,t3_17da9p0,0.0073795295320451,3.966433723689988e-06,0.0002399981021881,0.0003196731850039,0.0009274653275497,0.0003748383314814,6.232423766050488e-05,2023-10-22 01:35:04+00:00
AsahiLinux,Prestigious-Oil374,1698592211.0,this seems like a lot of work for a feature that is probably dying in the next gen of 13 inch mbps,t1_k6yi02h,0.0005640233284793,1.9532214992068475e-06,4.513424573815428e-05,8.195488044293597e-05,8.745678496779874e-05,3.05382018268574e-05,2.1948884750599973e-05,2023-10-29 15:10:11+00:00
AsahiLinux,Prestigious-Oil374,1698613277.0,if i had to use a 13 in mbp again i'd prefer real function keys. hate touch bar xD,t1_k6ylc0a,0.0118154929950833,1.4759194527869113e-05,0.0005705223302356,0.0008484403952024,0.0003211960720364,0.0002191541425418,0.0003630678984336,2023-10-29 21:01:17+00:00
AsahiLinux,Prestigious-Oil374,1699129743.0,"change the lines with ""38"" to ""39""",t1_k7tlykb,0.0003576402959879,1.468144205318822e-06,2.410414890618995e-05,9.056000999407844e-05,8.801162766758353e-05,2.102730468322989e-05,1.252806123375194e-05,2023-11-04 20:29:03+00:00
AsahiLinux,Prestigious-Oil374,1699571639.0,super cool!,t3_17roi99,0.0004100112419109,1.269283302463009e-06,2.453753404552117e-05,7.419246685458347e-05,0.0001037742185872,2.0766665329574607e-05,1.287136910832487e-05,2023-11-09 23:13:59+00:00
AsahiLinux,Prestigious-Oil374,1699585912.0,yes i'm gonna melt my speakers on my 5000 dollar machine thx,t1_k8kw32q,0.0037085299845784,5.377515208238037e-06,0.0003268297004979,0.0001966122363228,0.0003459457657299,0.0002712872810661,8.351172436960042e-05,2023-11-10 03:11:52+00:00
AsahiLinux,Prestigious-Oil374,1699589858.0,so installing speaker drivers is now officially sanctioned?,t1_k8lnhnl,0.0006171909626573,1.523296532468521e-06,3.289760570623912e-05,0.0001089035577024,0.0001303758617723,3.083023693761788e-05,1.7857157217804343e-05,2023-11-10 04:17:38+00:00
AsahiLinux,Prestigious-Oil374,1700010571.0,arch linux arm sucks in general don't use it,t3_17vfci3,0.8065603375434875,0.0010115910554304,0.5260622501373291,0.00233173253946,0.2796588838100433,0.0003778514801524,0.0167481340467929,2023-11-15 01:09:31+00:00
AsahiLinux,Prestigious-Oil374,1700013911.0,16in M1 Max. I do not have ext keyboard,t1_k9arvoc,0.0009286197018809,3.025603518835851e-06,8.780574717093259e-05,8.89745497261174e-05,0.0001066066106432,4.1372863051947206e-05,4.388803426991217e-05,2023-11-15 02:05:11+00:00
AsahiLinux,Prestigious-Oil374,1700232627.0,curl https://fedora-asahi-remix.org/install | sh,t3_17xaob9,0.0004305985348764,1.8138961195290904e-06,4.6469122025882825e-05,6.559924077009782e-05,8.662552863825113e-05,2.061834675259888e-05,1.6635452993796207e-05,2023-11-17 14:50:27+00:00
AsahiLinux,Prestigious-Oil374,1700333514.0,Run ubuntu off a liveusb and use idevicerestore on it.,t3_17ya3ks,0.0005257439333945,1.5263109389707097e-06,2.9121601983206347e-05,8.994808740681037e-05,0.0001156854559667,3.139586260658689e-05,1.566792889207136e-05,2023-11-18 18:51:54+00:00
AsahiLinux,Prestigious-Oil374,1700369276.0,"make a bootable USB with ubuntu on it, boot into it and use it to get idevicerestore.",t3_17yp8tf,0.0033601149916648,4.179084953648271e-06,0.0001427847309969,0.0002081161219393,0.0003113279526587,0.0003054549160879,6.095971184549853e-05,2023-11-19 04:47:56+00:00
AsahiLinux,Prestigious-Oil374,1700371320.0,Maybe through a VM?,t1_k9ur9nj,0.0003557896707206,1.2800084050468286e-06,2.1956755517749116e-05,7.935537723824382e-05,9.375197987537832e-05,1.9045150111196563e-05,1.1689056009345222e-05,2023-11-19 05:22:00+00:00
AsahiLinux,Prestigious-Oil374,1700450408.0,wifi and bluetooth at the same time doesnt play nice yet :),t1_k9y6f13,0.0004258478293195,1.4427921541937394e-06,2.866971590265166e-05,8.036671351874247e-05,9.885421604849398e-05,2.020418105530553e-05,1.4012181054567918e-05,2023-11-20 03:20:08+00:00
AsahiLinux,Prestigious-Oil374,1700456642.0,I saw vulkan mesa in my updates and after reboot dolphin renders games in fullscreen under vulkan. just not currently as well as gl.,t1_k9zdhwe,0.0003761344996746,1.5240578932207427e-06,2.796210173983127e-05,7.929085404612124e-05,8.865635754773393e-05,1.8891967556555755e-05,1.508930745330872e-05,2023-11-20 05:04:02+00:00
AsahiLinux,Prestigious-Oil374,1700457521.0,i got it after running sudo dnf update,t1_k9zeys0,0.0006345075671561,2.958059212687658e-06,8.588124183006585e-05,7.598486263304949e-05,7.832539995433763e-05,3.130942423013039e-05,2.8846772693214007e-05,2023-11-20 05:18:41+00:00
AsahiLinux,Prestigious-Oil374,1700460155.0,they're from asahi.,t1_k9zjbov,0.0004507996200118,1.1099981520601432e-06,2.2066918972996064e-05,9.197310282615943e-05,0.0001154792480519,1.7314296201220714e-05,1.1445865311543456e-05,2023-11-20 06:02:35+00:00
AsahiLinux,Prestigious-Oil374,1700460235.0,running vulkaninfo shows that vulkan 1.0-1.3 is supported,t1_k9zjhnj,0.0003523561172187,1.6603535186732188e-06,3.3195574360433966e-05,6.779022078262642e-05,8.449565211776644e-05,1.821122714318335e-05,1.4868923244648611e-05,2023-11-20 06:03:55+00:00
AsahiLinux,Prestigious-Oil374,1700460346.0,i'm wrong then,t1_k9zjlw6,0.0006475411355495,1.291455987484369e-06,3.0438359317486174e-05,9.140321344602852e-05,0.0001366034703096,2.807643977575935e-05,1.2739018529828172e-05,2023-11-20 06:05:46+00:00
AsahiLinux,Prestigious-Oil374,1700534524.0,How do you get the exe file inside steam's home folder?,t3_176pnwk,0.0014072773046791,1.707045726107026e-06,6.095209755585529e-05,0.0001652068458497,0.00027028893237,3.634467793744989e-05,3.424366150284186e-05,2023-11-21 02:42:04+00:00
AsahiLinux,Prestigious-Oil374,1700539221.0,Okay so I have a container id. How would I transfer the exe file from my host to the VM?,t1_ka44quq,0.000667841581162,2.074948270092136e-06,4.829882527701557e-05,0.0001130296222981,0.000100536388345,2.7893735023099e-05,2.3269973098649643e-05,2023-11-21 04:00:21+00:00
AsahiLinux,Prestigious-Oil374,1700540624.0,what is the name of the folder?,t1_ka485by,0.0004011044511571,1.3879709968023235e-06,2.514090738259256e-05,7.981437374837697e-05,9.59083263296634e-05,2.044410939561203e-05,1.2981798136024736e-05,2023-11-21 04:23:44+00:00
AsahiLinux,Prestigious-Oil374,1700544211.0,do you know where the krun vm drive would be within the host file manager?,t1_ka45b5i,0.0004656662640627,1.3771684734820155e-06,2.929787115135696e-05,8.254476415459067e-05,0.0001155982463387,2.3984342988114804e-05,1.4001894669490866e-05,2023-11-21 05:23:31+00:00
AsahiLinux,Prestigious-Oil374,1700550696.0,i got it working but still struggling to get the exe into steam so i can run it with proton because going higher than home directory in the file manager gui within steam crashes it,t1_ka4mjgj,0.0008945729350671,2.08923688660434e-06,6.891990051371977e-05,9.173057333100588e-05,0.0001435170415788,3.62577848136425e-05,4.143461410421878e-05,2023-11-21 07:11:36+00:00
AsahiLinux,Prestigious-Oil374,1700597047.0,I have steam but I'm trying to run games that aren't on steam using the proton,t1_ka6v85r,0.0012946306960657,2.7660455543809803e-06,0.0001145539208664,9.900618897518144e-05,0.0001938285422511,4.561941750580445e-05,6.710811430821195e-05,2023-11-21 20:04:07+00:00
AsahiLinux,Prestigious-Oil374,1700637041.0,currently macos for gaming. in less than a year asahi should have a vulkan driver so it'll probably be better,t3_1812yut,0.0003926523786503,1.4149617300063255e-06,2.8964092052774504e-05,7.52847408875823e-05,9.983659401768818e-05,1.986158713407349e-05,1.4496702533506324e-05,2023-11-22 07:10:41+00:00
AsahiLinux,Prestigious-Oil374,1700698904.0,ALARM is a broken distro. Stuff like speakers wont be enabled in the arch spin for quite some time. It'll be considered a community spin and updates will have to be implemented by somebody. Arch ARM is a mess right now.,t3_181nq0d,0.0004968119901604,1.4732593172084307e-06,3.354960063006729e-05,7.300003198906779e-05,0.0001106349081965,1.9673565475386567e-05,1.4409069081011694e-05,2023-11-23 00:21:44+00:00
AsahiLinux,Prestigious-Oil374,1700712303.0,"Might as well so the upgrade to the official release goes as smoothly as possible. The official release of Fedora Asahi Remix will be on Fedora 39 so upgrading sooner rather than later will probably cause less (possible) headaches. should work fine either or, though. Definitely move up to 39 sooner rather than later!",t3_181hulj,0.0003560232580639,1.412540200362855e-06,2.730065352807287e-05,6.709486478939652e-05,9.225805115420373e-05,1.8464363165549003e-05,1.2960299500264227e-05,2023-11-23 04:05:03+00:00
AsahiLinux,Prestigious-Oil374,1700875488.0,You can try Reviving your system using Apple Configurator from another Mac as this will install the latest recoveryOS without wiping your system,t3_1835nrn,0.0008567884215153,2.4515959466953063e-06,5.613296525552869e-05,9.314717317465691e-05,0.000123568723211,3.999578257207759e-05,3.441540684434585e-05,2023-11-25 01:24:48+00:00
AsahiLinux,Prestigious-Oil374,1701006604.0,"no, dm me because i would love to use wine under the krunvm.",t1_ka6nxmd,0.002616454847157,4.41031488662702e-06,0.0002492760249879,0.0001774538686731,0.0003269275475759,0.0001179995088023,8.956866076914594e-05,2023-11-26 13:50:04+00:00
AsahiLinux,Prestigious-Oil374,1701027925.0,brave browser is run by a homophobe zealot. use firefox.,t3_184dfeg,0.1948917955160141,3.776584344450384e-05,0.000367357279174,0.1138867437839508,0.0544018447399139,0.0003446278860792,0.0006585856899619,2023-11-26 19:45:25+00:00
AsahiLinux,Prestigious-Oil374,1701030849.0,the founder was an ousted mozilla ceo that had let his religion and bullshit decide how he took the company. donated to homophobic causes. fuck brave. fuck chromium.,t1_kavmkxq,0.9916771650314332,0.1285335123538971,0.9688370823860168,0.1642870008945465,0.7468727231025696,0.0018015947425737,0.1335063725709915,2023-11-26 20:34:09+00:00
AsahiLinux,Prestigious-Oil374,1701153029.0,steam works fine under krunvm however only games that work with GL 3.1 will work. Asahi supports 3.3 but virgl hasnt been updated beyond 3.1,t3_185g1jb,0.0004655324737541,2.625301476655295e-06,5.15972678840626e-05,8.540764247300103e-05,7.034725422272459e-05,2.495887565601151e-05,2.6015470211859792e-05,2023-11-28 06:30:29+00:00
AsahiLinux,Prestigious-Oil374,1701725279.0,jfc lmao,t3_18ascvt,0.0012173326686024,3.2499226563231787e-06,0.0001570049644215,0.0001456195168429,0.0001953318860614,2.853616933862213e-05,2.968471744679846e-05,2023-12-04 21:27:59+00:00
AsahiLinux,Prestigious-Oil374,1701755409.0,m2 max is very recent in terms of asahi development. best remedy is time especially if stated fixes do not work.,t3_18atbpl,0.0003727888979483,1.4236107972465106e-06,2.574457903392613e-05,7.353073306148872e-05,9.612807480152696e-05,1.893375883810222e-05,1.3283389307616744e-05,2023-12-05 05:50:09+00:00
AsahiLinux,Prestigious-Oil374,1702607592.0,i was using KDE and it was fine enough but so many things on it seem so bare-bones whereas gnome comes with a lot of desktop-friendly things out of the box,t3_188kxjt,0.000352158822352,1.3239706504464266e-06,2.592648161225952e-05,6.713608308928087e-05,9.812148346100004e-05,1.6069945559138432e-05,1.3705201126867904e-05,2023-12-15 02:33:12+00:00
AsahiLinux,Prestigious-Oil374,1702633974.0,please stop making arch posts people. no you cannot move arch to fedora without a reinstall. no arch is not officially supported. no speakers don't work outside of the current supported model (2020 mba),t3_18ivcyt,0.0006067759240977,1.4988793282100232e-06,2.913818570959847e-05,9.890013461699708e-05,0.000116406721645,2.464172212057747e-05,1.5293986507458612e-05,2023-12-15 09:52:54+00:00
AsahiLinux,Prestigious-Oil374,1702634023.0,satan is sending you a message,t3_18iqdfu,0.0285506788641214,1.6702648281352594e-05,0.0018930220976471,0.0015522674657404,0.0036637240555137,0.0001497104531154,0.0004849429242312,2023-12-15 09:53:43+00:00
AsahiLinux,Prestigious-Oil374,1702767723.0,"Speakers are only available for Mac Mini, Mac Studio and the 13 and 14 inch Pro models",t3_18jzzc3,0.0004603592096827,1.285266989725642e-06,2.8287411623750813e-05,7.535354961873963e-05,0.0001209712791023,1.925672950164881e-05,1.337238609266933e-05,2023-12-16 23:02:03+00:00
AsahiLinux,Prestigious-Oil374,1702767801.0,if you are on 16 inch then theyre not enabled yet,t1_kdo7lni,0.000548408657778,1.4649427839685814e-06,2.9597624234156683e-05,0.0001045779863488,0.0001097813728847,2.457387927279342e-05,1.4986710993980523e-05,2023-12-16 23:03:21+00:00
AsahiLinux,Prestigious-Oil374,1702780487.0,should be. marcan said last night it's enabled. try using dnf upgrade --refresh,t1_kdpbdnz,0.0006549565587192,1.6854181694725412e-06,3.9410813769791275e-05,0.0001273649540962,0.0001266372419195,2.6378864276921377e-05,1.8235767129226588e-05,2023-12-17 02:34:47+00:00
AsahiLinux,Prestigious-Oil374,1702780593.0,"""@⁠room With the latest updates, we're enabling speakers on these models: Mac Mini (all models), Mac Studio (all models), MacBook Pro (13""/14"" models only). Make sure to do a dnf update --refresh to get the latest updates and reboot. Note: there is known wonkiness in the Mac Mini DSP parameters, this should be fixed by an update ~tomorrow."" -marcan",t1_kdpbdnz,0.000397247786168,1.7498535953563987e-06,3.984171780757606e-05,6.815548113081604e-05,8.796204201644287e-05,1.9030987459700555e-05,1.6328642232110724e-05,2023-12-17 02:36:33+00:00
AsahiLinux,Prestigious-Oil374,1702858344.0,if you want to use GPTK then yes but otherwise no,t3_18kmklr,0.0007254148949868,1.9284675545350183e-06,4.4661308493232355e-05,0.0001154979690909,0.000113274778414,2.7987927751382813e-05,1.9965333194704726e-05,2023-12-18 00:12:24+00:00
AsahiLinux,Prestigious-Oil374,1702962693.0,My J316 (16 in 2020 m1 max) mbp got support this morning,t3_18lr4h0,0.0003801636921707,1.3723870324611198e-06,2.9914390324847773e-05,6.78865471854806e-05,0.0001029721315717,1.7788726836442947e-05,1.2504354344855528e-05,2023-12-19 05:11:33+00:00
AsahiLinux,Prestigious-Oil374,1703039465.0,sell and get a maxed out M2 Max,t1_ke489wz,0.000677621923387,1.6723644193916698e-06,4.676462049246766e-05,7.774437835905701e-05,0.0001434026780771,4.118061769986525e-05,1.633487227081787e-05,2023-12-20 02:31:05+00:00
AsahiLinux,Prestigious-Oil374,1703116469.0,It runs 3.3 and can run dolphin very well,t3_18n4pse,0.0003507637884467,1.425848608960223e-06,2.766957004496362e-05,6.27316112513654e-05,9.311307076131924e-05,2.0476969439187087e-05,1.32511513584177e-05,2023-12-20 23:54:29+00:00
AsahiLinux,Prestigious-Oil374,1703132424.0,asahi arch is not supported and arch linux arm distro is pure shit,t3_18ndh6r,0.947788953781128,0.0066096982918679,0.9032841324806212,0.0043496200814843,0.2268038541078567,0.0005579678108915,0.0042247571982443,2023-12-21 04:20:24+00:00
AsahiLinux,Prestigious-Oil374,1703357312.0,using the gnome tweaks tool go to Keyboard and then Additonal Layout options,t1_kehtujt,0.0004233157669659,1.3826311260345392e-06,2.536816282372456e-05,8.47096016514115e-05,0.0001054597378242,2.163454337278381e-05,1.338435413344996e-05,2023-12-23 18:48:32+00:00
AsahiLinux,Prestigious-Oil374,1703357440.0,there is no possible way to irreversibly damage your computer from installing or using Asahi Linux. It's only worth it if you feel that you'd rather a Linux enviornment and there's a certain function of a Linux desktop environment that you prefer over the MacOS environment and desktop.You'll still have MacOS anyway and the installer makes it very clear as such. So you'll be able to swap around the two OSes easily.,t3_18pbvw8,0.000521232956089,1.816790472730645e-06,4.102480670553632e-05,7.95866726548411e-05,9.461659647058696e-05,2.258465246995911e-05,1.829984103096649e-05,2023-12-23 18:50:40+00:00
AsahiLinux,Prestigious-Oil374,1703357635.0,"supposedly you can use Steam's proton wine prefix after following this guide: https://sinrega.org/2023-10-06-using-microvms-for-gaming-on-fedora-asahi/ to run windows software. Keep in mind though that TSO (the hardware in the apple silicon that accelerates x86 to ARM translation) is not yet supported in the microVM so programs will not run as well as, say, running an Intel program on macOS via Rosetta2. This will be fixed in the future, though.Long story short, yes it's probably possible but not recommended until TSO is implemented into the microVM. You would be better off getting the free VMWare Fusion Player and running Win 11 ARM.",t3_18p1paw,0.0003798450634349,1.2958132629137251e-06,2.9903352697147056e-05,6.579056935152039e-05,0.0001095101397368,1.6152591342688538e-05,1.2376722224871628e-05,2023-12-23 18:53:55+00:00
AsahiLinux,Prestigious-Oil374,1703406415.0,"sudo dnf groupinstall ""KDE Desktop""sudo dnf groupremove ""GNOME Desktop""",t3_18pppm1,0.000742805423215,3.544317678461084e-06,0.0001153121047536,0.0001023911027004,8.945880108512938e-05,3.18966485792771e-05,3.4838609280996025e-05,2023-12-24 08:26:55+00:00
AsahiLinux,Prestigious-Oil374,1703406731.0,because the drivers that the SoC needs haven't been reverse engineered to make the thunderbolt functionality work yet. the packages available are for CPUs that have already been upstreamed into the Fedora packages. The reason you need to use *Asahi* Linux rather than just Fedora is because lots of the drivers are specifically programmed for the SoC in the Mac.,t3_18pq9ve,0.0003890731313731,1.3309270343597746e-06,2.7079940991825424e-05,7.671533239772543e-05,0.000101936442661,1.9196406356059015e-05,1.2948241419508122e-05,2023-12-24 08:32:11+00:00
AsahiLinux,Prestigious-Oil374,1703406799.0,this is a blog post from nearly two years ago ffs,t1_kepsbdf,0.0004799109883606,1.3781906318399706e-06,4.195572546450421e-05,6.229215068742633e-05,0.0001179085229523,1.5930132576613687e-05,1.337621233687969e-05,2023-12-24 08:33:19+00:00
AsahiLinux,Prestigious-Oil374,1703407809.0,HDMI. I don't know about displaylink but I'd recommend waiting for thunderbolt if you really need it. Things drop out of nowhere.,t1_kepycks,0.0007648345199413,1.8835810351447435e-06,4.684929444920272e-05,9.15823329705745e-05,0.0001311960804741,3.848835694952868e-05,2.103631049976684e-05,2023-12-24 08:50:09+00:00
AsahiLinux,Prestigious-Oil374,1703435316.0,The 2013 version may work. It only requires DirectX 9 so it may work under the Proton layer. https://sinrega.org/2023-10-06-using-microvms-for-gaming-on-fedora-asahi/Your mileage may vary. Don't buy this game unless you have another machine you could definitely play this on. It may or may not work. Given that it's an older game it has a better chance of working but no guarantees.,t3_18ptxu2,0.0004063609812874,1.3445367130771049e-06,3.011435182997957e-05,6.6227228671778e-05,0.0001065389296854,1.7852678865892813e-05,1.332820738753071e-05,2023-12-24 16:28:36+00:00
AsahiLinux,Prestigious-Oil374,1703440038.0,it's less so that there's versions and moreso that it's a rolling downstream effort that is actively being upstreamed. It's not exactly its own distribution.,t1_kerhr5q,0.000358021701686,1.3933689615441835e-06,2.557241532485932e-05,7.27338992874138e-05,9.195669554173946e-05,1.6868421880644746e-05,1.412725123373093e-05,2023-12-24 17:47:18+00:00
AsahiLinux,Prestigious-Oil374,1703441245.0,it's possible but not worth the time!,t3_18pyg5o,0.001575851929374,1.86660190593102e-06,6.541777111124247e-05,0.0001285081525566,0.0003027758793905,4.8497608077013865e-05,2.0609739294741303e-05,2023-12-24 18:07:25+00:00
AsahiLinux,Prestigious-Oil374,1703449696.0,this is a good read on understanding how Asahi Linux installs itself onto a system.https://github.com/AsahiLinux/docs/wiki/Partitioning-cheatsheet,t1_kerldv7,0.0003804876469075,1.4454172969635692e-06,2.9970671675982885e-05,6.697353819618002e-05,9.456094267079608e-05,1.7475289496360347e-05,1.4338256733026356e-05,2023-12-24 20:28:16+00:00
AsahiLinux,Prestigious-Oil374,1703689319.0,dolphin-emu is over 20 years old xD,t1_kf3ks44,0.000669990258757,1.5286184407159451e-06,4.489385901251808e-05,8.739100303500891e-05,0.0001343957992503,2.3071212126524188e-05,1.9571411030483432e-05,2023-12-27 15:01:59+00:00
AsahiLinux,Prestigious-Oil374,1703713500.0,speakers work on all the M1 and M2 series laptops.,t3_18sb49e,0.0004874536534771,1.3475790865413728e-06,3.159114203299396e-05,7.580262172268704e-05,0.0001258157717529,1.986382449103985e-05,1.4425099834625144e-05,2023-12-27 21:45:00+00:00
AsahiLinux,Prestigious-Oil374,1703867791.0,no,t1_kexs2x7,0.0008443462429568,1.366038304695394e-06,3.203568485332653e-05,0.0001046136894728,0.0001608185411896,3.850296707241796e-05,1.220316880790051e-05,2023-12-29 16:36:31+00:00
AsahiLinux,Prestigious-Oil374,1703948510.0,"m3 will not be ready for a good bit. i currently daily drive it on my M1 Max mbp and it's definitely a lot better (for me) than macOS. i like being able to customize things on the fly and the better openGL drivers/32 bit game support via microVMs work for the older games i tend to enjoy. Speakers work great. Haven't had issues with wifi. Bluetooth isnt something i use regularly but I've read if you have 5ghz wifi (most people with fast wifi do) then it's fine. docking station if you mean for display port monitors then that's sadly still a no. if you want additional monitors you'll need a mbp with an hdmi-out. however, i've found linux to handle external displays a lot more common-sense-like than macos.",t3_18ufpdg,0.0004738676361739,1.615278733879677e-06,4.369955786387436e-05,7.045030361041427e-05,0.0001114504484576,2.0541845515253954e-05,1.7630445654504e-05,2023-12-30 15:01:50+00:00
AsahiLinux,Prestigious-Oil374,1703948749.0,"for older games like Team Fortress Classic, Half-Life and Portal they will run absolutely fine using the microVM guide provided by another user in the comments here. Until certain improvements are mace to the microVM, though, don't expect native performace. However, these updates tend to drop at random so don't get discouraged by not seeing real time updates online.Vulkan is not fully supported yet but maybe so in 2024. openGL is supported up to 3.3 with a conformant 3.1 driver. There are a lot of opensource ARM games that work great. Dolphin-emu also works fantastically. Rosalie's Mupen GUI is probably the best N64 emulator for the mac right now.",t3_18u6gwh,0.0003589487168937,1.3852932170266286e-06,3.136070154141635e-05,6.417164695449173e-05,9.831198258325458e-05,1.5810506738489494e-05,1.330113627773244e-05,2023-12-30 15:05:49+00:00
AsahiLinux,Prestigious-Oil374,1703962381.0,"I don't use it but i've read it works. Not very familiar with it, though.",t1_kfktuu6,0.0004540595982689,1.528990196675295e-06,3.426982948440127e-05,6.567128730239347e-05,9.558238525642082e-05,1.9131215594825335e-05,1.636200067878235e-05,2023-12-30 18:53:01+00:00
AsahiLinux,Prestigious-Oil374,1703993343.0,well the macOS version of dolphin-emu has a maintained metal backend so the performance on macOS would certainly be better,t1_kfna115,0.0003874521062243,1.597439450051752e-06,2.802008020807989e-05,8.161771984305233e-05,8.996936230687425e-05,2.3575674276798964e-05,1.4594746971852146e-05,2023-12-31 03:29:03+00:00
AsahiLinux,Prestigious-Oil374,1704209918.0,either your wifi is messed up or this is a troll,t1_kfzb476,0.7386140823364258,1.2918664651806466e-05,0.001171778421849,0.0005299182375892,0.6394391655921936,0.0001224206498591,0.0001698777487035,2024-01-02 15:38:38+00:00
AsahiLinux,Prestigious-Oil374,1704212481.0,are you on arch or fedora?,t1_kfzqjv9,0.0015850517665967,1.7648346783971649e-06,4.959473881172016e-05,0.0002121991274179,0.0003016148402821,4.950533184455708e-05,2.1224157535471026e-05,2024-01-02 16:21:21+00:00
AsahiLinux,Prestigious-Oil374,1704213459.0,I dunno I just did a speedtest and I get 400 mbps down and 400 mbps up,t1_kfzrhi3,0.0005308987456373,2.0010229491163045e-06,4.450412598089315e-05,9.282025712309404e-05,9.694978507468476e-05,3.622889198595658e-05,2.1454317902680486e-05,2024-01-02 16:37:39+00:00
AsahiLinux,Prestigious-Oil374,1704230741.0,"Flatpaks currently do not package the asahi mesa drivers. You can install them but you will not have graphics drivers working within them.As for day to day browsing, asahi works totally well.",t3_18wznpr,0.0004074243479408,1.4015156466484768e-06,2.7746966225095093e-05,7.921211363282055e-05,9.8863456514664e-05,2.0121537090744823e-05,1.4443271538766568e-05,2024-01-02 21:25:41+00:00
AsahiLinux,Prestigious-Oil374,1704231559.0,Freetube has an rpm file for arm64 https://github.com/FreeTubeApp/FreeTube/releases,t1_kg18ajp,0.0004160603275522,1.531555653855321e-06,3.613690205384046e-05,6.906437920406461e-05,9.929721272783354e-05,1.8251877918373793e-05,1.5911624359432608e-05,2024-01-02 21:39:19+00:00
AsahiLinux,Prestigious-Oil374,1704296577.0,> nodejsfunnily enough i actually just installed this yesterday xDyes you can install through the fedora repo. I wouldn't recommend flatpaks on asahi yet.,t1_kg4aqaq,0.0007082971278578,2.7633827812678646e-06,7.992534665390849e-05,8.543598960386589e-05,9.42207989282906e-05,3.110781835857779e-05,3.422374720685184e-05,2024-01-03 15:42:57+00:00
AsahiLinux,Prestigious-Oil374,1704315903.0,this is a method to get FEX running: https://sinrega.org/2023-10-06-using-microvms-for-gaming-on-fedora-asahi/,t3_18xu0k9,0.3661428391933441,0.000367952598026,0.0345538482069969,0.0031438192818313,0.0059961592778563,0.0003251300367992,0.4491881728172302,2024-01-03 21:05:03+00:00
AsahiLinux,Prestigious-Oil374,1704316598.0,I have no idea about that. I just am aware that the microVM 4k kernel with FEX is going to be the way going forward for Asahi's answer to Rosetta 2,t1_kg6k23p,0.0013688110047951,5.495522600540426e-06,0.0001464540546294,0.0001802873885026,0.0001534646144136,2.04974439839134e-05,0.0003697600332088,2024-01-03 21:16:38+00:00
AsahiLinux,Prestigious-Oil374,1704382883.0,asahi alternative distros also cannot use external displays on laptops without an HDMI port.,t1_kga63bw,0.0003806982713285,1.4113741144683445e-06,2.238775596197229e-05,9.180766210192814e-05,9.506843343842776e-05,1.813536982808728e-05,1.3518741070583928e-05,2024-01-04 15:41:23+00:00
AsahiLinux,Prestigious-Oil374,1704388462.0,no.,t1_kgavgc0,0.0007785811321809,1.3613251894639689e-06,2.658823723322712e-05,0.0001120737797464,0.0001548780710436,3.462444510660134e-05,1.2068615433236118e-05,2024-01-04 17:14:22+00:00
AsahiLinux,Prestigious-Oil374,1704389142.0,when it's ready c:,t1_kgax2bd,0.0018313401378691,3.9652350096730515e-06,0.0001444345252821,0.0001595355861354,0.0001786645589163,0.000154786685016,7.755059777991846e-05,2024-01-04 17:25:42+00:00
AsahiLinux,Prestigious-Oil374,1704390051.0,There's no time-frame. Being that it's a show-stopper for some users it's actively being developed however there isn't any progress reports or things like that.,t1_kgaztep,0.0005681907059624,1.2873450714323551e-06,3.1776176911080256e-05,6.8080255005043e-05,0.0001444984372938,1.9849980162689466e-05,1.6087640688056126e-05,2024-01-04 17:40:51+00:00
AsahiLinux,Prestigious-Oil374,1704397103.0,It did for a while. Wi-fi and bluetooth didn't work correctly in parity for a while when using 2.4ghz wifi,t1_kgbkgzp,0.0003744652785826,1.4611044889534242e-06,3.038154864043463e-05,7.000936602707952e-05,9.524909546598792e-05,1.666611569817178e-05,1.405342663929332e-05,2024-01-04 19:38:23+00:00
AsahiLinux,Prestigious-Oil374,1704403283.0,the reinstall stuff was pre-official release and involved those still on Arch and those that had installed the Fedora Remix prior to the end of the August-ish. Since official release you will not need to reinstall your system in order to be on the correct upgrade path.,t1_kgc0rjl,0.0004106930864509,1.4519811202262645e-06,3.2372896384913474e-05,6.741785909980536e-05,9.725089330459014e-05,1.830687506299e-05,1.320825413131388e-05,2024-01-04 21:21:23+00:00
AsahiLinux,Prestigious-Oil374,1704407346.0,if you're used to macOS it's an adjustment but it works fine for me now. I've been daily driving asahi for about 2 months.,t1_kgcag2f,0.0003684222465381,1.5133992974369903e-06,3.0394299756153487e-05,6.816873792558908e-05,9.102484909817576e-05,1.997765684791375e-05,1.579228774062358e-05,2024-01-04 22:29:06+00:00
AsahiLinux,Prestigious-Oil374,1704480844.0,i've never gotten it to match but the defaults are fine once you get used to them.,t1_kgfeew9,0.0004132223548367,1.4938703998268466e-06,2.916192534030415e-05,8.02021095296368e-05,9.5921044703573e-05,2.363382009207271e-05,1.485571283410536e-05,2024-01-05 18:54:04+00:00
AsahiLinux,Prestigious-Oil374,1704598872.0,is it doing it by detecting what's coming out of the speakers?,t3_190gk8i,0.0003662877134047,1.3532533102988964e-06,2.3731319743092172e-05,8.200677984859794e-05,9.553982818033546e-05,1.883277036540676e-05,1.2895204235974234e-05,2024-01-07 03:41:12+00:00
AsahiLinux,Prestigious-Oil374,1704657484.0,apt install kubuntu-desktop?,t3_1910n88,0.000908451154828,2.1945936623524176e-06,5.999212953611277e-05,0.0001107462740037,0.0001503478997619,4.259101478965022e-05,2.3159322154242545e-05,2024-01-07 19:58:04+00:00
AsahiLinux,Prestigious-Oil374,1704686877.0,the op is using Ubuntu Asahi,t1_kgtnau8,0.0004140103410463,1.3705363244298496e-06,2.6492665710975416e-05,8.003395487321541e-05,0.0001003222569124,1.893874468805734e-05,1.3438531823339872e-05,2024-01-08 04:07:57+00:00
AsahiLinux,Prestigious-Oil374,1704688180.0,Yes there is. https://ubuntuasahi.org/,t1_kguhhfr,0.0003805335145443,1.418577312506386e-06,2.843104630301241e-05,7.328013452934101e-05,8.940669795265421e-05,1.66332956723636e-05,1.2358582353044769e-05,2024-01-08 04:29:40+00:00
AsahiLinux,Prestigious-Oil374,1704910827.0,use sway. asahi mesa only works on wayland.,t3_193dx1u,0.0006958605372346,1.4204251783667132e-06,3.263880353188142e-05,0.0001360683818347,0.0001564390404382,2.698756907193456e-05,1.4744829968549311e-05,2024-01-10 18:20:27+00:00
AsahiLinux,Prestigious-Oil374,1705030856.0,try installing the chrome rpm the same way the steam rpm is installed in Sergio's microvm guide and then running it via FEXBash. there is a way to get things from the host into the microvm but i do not recall how to do that. if you know how then please let me know,t3_194jc6k,0.0005237265140749,1.780180014065991e-06,3.885148180415854e-05,0.0001078294953913,0.0001045738899847,1.6567249986110255e-05,2.37949971051421e-05,2024-01-12 03:40:56+00:00
AsahiLinux,Prestigious-Oil374,1705050908.0,if you follow the instructions given by the installer then you shouldn't run into any issues.Alternative desktop environments would be limited to those that support wayland. You could use xorg desktops but you would be sacrificing the mesa drivers which enable GPU.,t3_194qu9j,0.0004371636896394,1.5672476365580224e-06,3.0038145268918015e-05,8.784938108874485e-05,9.367377788294108e-05,2.068041794700548e-05,1.5421052012243308e-05,2024-01-12 09:15:08+00:00
AsahiLinux,Prestigious-Oil374,1705099315.0,openGL is supported up to 3.3,t1_khky52w,0.0004745025071315,2.111607500410173e-06,4.367701694718562e-05,8.421434904448688e-05,8.575252286391333e-05,2.327460970263928e-05,1.995939419430215e-05,2024-01-12 22:41:55+00:00
AsahiLinux,Prestigious-Oil374,1705160975.0,not yet,t3_195ot18,0.0004013082943856,1.1011532023985635e-06,2.135167051164899e-05,6.987783854128793e-05,0.0001042495132423,1.699041240499355e-05,1.2233020243002102e-05,2024-01-13 15:49:35+00:00
AsahiLinux,Prestigious-Oil374,1705162951.0,expect big strides in this come close of Q1 2024.,t3_195r1zn,0.0003655809559859,1.4169102087180363e-06,2.464383578626439e-05,7.914777961559594e-05,9.56583462539129e-05,2.0316592781455256e-05,1.2591998711286578e-05,2024-01-13 16:22:31+00:00
AsahiLinux,Prestigious-Oil374,1705166046.0,there is a solution currently to run graphics-intensive tasks with FEX through a microVM at near native performance thanks to DRM and its going to be upstreamed hopefully by close of Q1 2024. so expect some news about it in the coming months.here is the (very) experimental method to get stuff running but don't expect much. https://sinrega.org/2023-10-06-using-microvms-for-gaming-on-fedora-asahi/,t1_khoriaj,0.0006360405241139,2.3327506823989097e-06,6.1008093325654045e-05,0.0001169059614767,0.0001219742553075,1.4759897567273583e-05,5.8596680901246145e-05,2024-01-13 17:14:06+00:00
AsahiLinux,Prestigious-Oil374,1705166115.0,no.there is no progress tracking. this is mainly a volunteer effort. things will be done when they're done. external displays only work on laptops with an HDMI port. DP alt mode out will be ready when it's ready. it's a priority so it'll be sooner rather than later.,t1_khoufha,0.0004036363970953,1.4399537349163438e-06,2.8027936423313804e-05,7.330990774789825e-05,9.659164788899945e-05,2.049023169092834e-05,1.4539400581270456e-05,2024-01-13 17:15:15+00:00
AsahiLinux,Prestigious-Oil374,1705166389.0,right but I'm saying that FEX is the officially sanctioned answer to Rosetta 2. TSO being enabled (hopefully by the time its upstream) within the VM should make use of the hardware within apple silicon to accelerate translation.,t1_khovcj2,0.0015687951818108,6.710554316669004e-06,0.0001448328257538,0.0002861384418793,0.0001589165913173,2.2201209503691643e-05,0.0004091029404662,2024-01-13 17:19:49+00:00
AsahiLinux,Prestigious-Oil374,1705289796.0,what do you use a computer for? if you have proprietary applications required for school/work then you need to see if they're available in the Fedora/RPMFusion repositories for aarch64.If you don't require any specific application like that then you'd probably have a good time with a secondhand M1 macbook air with asahi linux.,t3_196del9,0.0004936706391163,1.8762448235065676e-06,4.34671419498045e-05,7.69605758250691e-05,8.960735431173816e-05,2.200494782300666e-05,1.7928381566889584e-05,2024-01-15 03:36:36+00:00
AsahiLinux,Prestigious-Oil374,1705336364.0,then it's a good choice,t1_khy8w8x,0.000360018981155,1.3019883908782504e-06,2.2261589037952945e-05,8.31546785775572e-05,9.246361878467724e-05,2.101143036270514e-05,1.26546465253341e-05,2024-01-15 16:32:44+00:00
AsahiLinux,Prestigious-Oil374,1705376498.0,> Mullvad Browser seems only to support X86 I would highly recommend not going with a browser that you would have to run in an emulator. You could likely compile it yourself if you but on Asahi that will come without GPU acceleration (as Flatpak provides its own Mesa version. Why would the flatpak affect a program compiled from source?,t1_ki2gi85,0.0004414108989294,1.6727454976717129e-06,3.784403816098347e-05,7.323891622945666e-05,9.113298438023776e-05,1.9630964743555523e-05,1.582068762218114e-05,2024-01-16 03:41:38+00:00
AsahiLinux,Prestigious-Oil374,1705382990.0,<3 real one,t1_ki2xc1h,0.0004153274348936,1.298827214668563e-06,3.2470379665028304e-05,5.541156860999763e-05,0.0001074832398444,1.847804742283188e-05,1.2259461982466746e-05,2024-01-16 05:29:50+00:00
AsahiLinux,Prestigious-Oil374,1705449319.0,sergio lopez says there will be a stride in this by close of Q1 2024 so expect something important this year.,t3_198d53x,0.0003664875112008,1.368031576021167e-06,2.6471981982467696e-05,7.125901174731553e-05,9.789130126591772e-05,1.8354739950154908e-05,1.2752364455081988e-05,2024-01-16 23:55:19+00:00
AsahiLinux,Prestigious-Oil374,1705449383.0,https://sinrega.org/2023-10-06-using-microvms-for-gaming-on-fedora-asahi/,t1_ki6nguu,0.0004098516074009,1.2785810667992337e-06,3.0980605515651405e-05,6.940393359400332e-05,0.0001133146361098,1.7251351891900413e-05,1.1835054465336723e-05,2024-01-16 23:56:23+00:00
AsahiLinux,Prestigious-Oil374,1705449474.0,"theres no decision lol. using asahi arch is not viable. use an ARM distro that is maintained like Fedora, Ubuntu or Debian- all of which have asahi support",t3_197wgih,0.0004932592855766,1.5763870351293008e-06,2.9477207135641947e-05,9.00046361493878e-05,9.734822378959508e-05,2.344319727853872e-05,1.552404683025088e-05,2024-01-16 23:57:54+00:00
AsahiLinux,Prestigious-Oil374,1705449519.0,bruhhh,t3_1979qf7,0.0037431688979268,3.845129413093673e-06,0.0004247665347065,0.0001889254926936,0.0009726245189085,4.525669282884337e-05,9.142727503785864e-05,2024-01-16 23:58:39+00:00
AsahiLinux,Prestigious-Oil374,1705450859.0,not necessarily. it depends on who is willing to write drivers. the most recent intel macs have stupid proprietary chips in them that no one wants to develop for. the apple silicon macs however have quite a following given their power and efficiency that leads to a polished out of the box experience. this type of question should be asked in a general linux forum and not here.,t1_ki7ee8v,0.4060226082801819,1.1003796316799708e-05,0.0033000279217958,0.0004548322467599,0.3457322120666504,5.80099513172172e-05,0.000140026473673,2024-01-17 00:20:59+00:00
AsahiLinux,Prestigious-Oil374,1705514628.0,no.,t3_1993340,0.0007785811321809,1.3613251894639689e-06,2.658823723322712e-05,0.0001120737797464,0.0001548780710436,3.462444510660134e-05,1.2068615433236118e-05,2024-01-17 18:03:48+00:00
AsahiLinux,Prestigious-Oil374,1705683388.0,asahi doesn't have a metal driver and never will,t1_kilbrs9,0.0007891015848144,1.637533046050521e-06,3.812640716205351e-05,0.0001276338880416,0.0001457723410567,3.992406345787458e-05,1.886802238004748e-05,2024-01-19 16:56:28+00:00
AsahiLinux,Prestigious-Oil374,1705943194.0,considering they're the lead asahi dev...they would probably know that it's /actually possible/,t1_kj1hfih,0.0006899264408275,1.1313738923490746e-06,3.314723653602414e-05,6.956176366657019e-05,0.0002036410442087,1.9382438040338457e-05,1.5187767530733254e-05,2024-01-22 17:06:34+00:00
AsahiLinux,Prestigious-Oil374,1706120993.0,the asahi installer has that option but it needs so much space for macOS due to future firmware updates.,t1_kjdo3hx,0.0004026717506349,1.4235957905839314e-06,2.5302928406745195e-05,8.279395842691883e-05,9.807592869037762e-05,2.045438850473147e-05,1.3585714441433083e-05,2024-01-24 18:29:53+00:00
AsahiLinux,Prestigious-Oil374,1706166922.0,asahi is literally on official release. it's not early season. it went from alpha to beta to official.graphics work to an absolutely insane point for reverse engineered driversDSP sound works which makes the tiny speakers in the macbooks sound lovely.the fedora experience is polished by devs that maintain the official fedora workstation distro.it's polished. this isn't early software.,t3_19f2fqr,0.0004954006290063,1.3457168961394927e-06,3.372213905095123e-05,7.06592109054327e-05,0.0001209728943649,1.7238098735106178e-05,1.43916822707979e-05,2024-01-25 07:15:22+00:00
AsahiLinux,Prestigious-Oil374,1706325871.0,"set up RPM fusion, set up krunvm with FEX/4k kernel, install emulators like dolphin-emu, snes9x-gtk, duckstation (available on opensuse software), set up ublock origin on firefox",t3_1abtr45,0.0008160503930412,3.280704731878359e-06,8.783924567978829e-05,0.0001423228386556,0.0001020575364236,3.193033626303077e-05,5.48448515473865e-05,2024-01-27 03:24:31+00:00
AsahiLinux,Prestigious-Oil374,1706325935.0,"yee i just leave it plugged in all the time. better for the battery in the long run, too.",t1_kjqtlsb,0.0004718116833828,1.5577229532937054e-06,3.0894454539520666e-05,8.181112934835255e-05,0.0001034743254422,3.0771017918596044e-05,1.5823343346710317e-05,2024-01-27 03:25:35+00:00
AsahiLinux,Prestigious-Oil374,1706974366.0,it essentially installs another macos using the credentials provided initially,t1_koqortc,0.0003825895837508,1.3003888170715072e-06,2.411293280601967e-05,7.655609078938141e-05,0.0001053194428095,1.7338868929073215e-05,1.246734791493509e-05,2024-02-03 15:32:46+00:00
AsahiLinux,Prestigious-Oil374,1707023586.0,yeah,t1_kou93d3,0.0005627161008305,1.2003324627585243e-06,2.613173819554504e-05,9.622245124774054e-05,0.0001250070054084,2.313612276338972e-05,1.2335715837252792e-05,2024-02-04 05:13:06+00:00
AsahiLinux,Prestigious-Oil374,1707159862.0,easy way to end up with an unbootable system,t1_kp1lmfe,0.0010943729430437,1.7012844182318076e-06,4.398759119794704e-05,0.0001114834012696,0.0002058593527181,4.075019023730419e-05,2.3564707589684986e-05,2024-02-05 19:04:22+00:00
AsahiLinux,Prestigious-Oil374,1707176234.0,kernel on official release is 6.6.3-413,t3_1ajt9q5,0.0004097828350495,1.6813453385111643e-06,3.732758341357112e-05,6.620873318752274e-05,8.8927561591845e-05,2.1976216885377653e-05,1.5022569641587324e-05,2024-02-05 23:37:14+00:00
AsahiLinux,Prestigious-Oil374,1707422862.0,opensuse tumbleweed has more aarch64 software available via software.opensuse.org,t1_kpj3yxj,0.0005408110446296,2.419411202936317e-06,5.565357787418179e-05,8.41677829157561e-05,7.9599347373005e-05,2.28325243369909e-05,2.471031984896399e-05,2024-02-08 20:07:42+00:00
AsahiLinux,Prestigious-Oil374,1707593707.0,i'm not sure this is legal,t3_1anh9kx,0.000529806362465,1.345016357845452e-06,2.55895884038182e-05,9.8140662885271e-05,0.0001179820683319,2.439604577375576e-05,1.2799979231203906e-05,2024-02-10 19:35:07+00:00
AsahiLinux,Prestigious-Oil374,1707595043.0,i've been using as a daily driver since about September and I don't come across very many issues. I don't like macOS because of the inability to customize it and modify certain functionality.,t3_1anba1o,0.0004118151264265,1.3758427712673438e-06,2.9091206670273095e-05,6.909824151080102e-05,0.0001025653327815,1.838353819039185e-05,1.477433215768542e-05,2024-02-10 19:57:23+00:00
AsahiLinux,Prestigious-Oil374,1707828775.0,yes please make a morrowind installer plz,t1_kpzvck1,0.0305510554462671,2.0404550014063716e-05,0.0049696387723088,0.0007675747037865,0.005333675071597,0.000550078402739,0.0004011962155345,2024-02-13 12:52:55+00:00
AsahiLinux,Prestigious-Oil374,1707877975.0,with Prism?,t1_kq9d1db,0.000458218739368,1.192022068607912e-06,2.235611464129761e-05,8.791004802333191e-05,0.0001126315401052,2.1068775822641328e-05,1.1283169442322103e-05,2024-02-14 02:32:55+00:00
AsahiLinux,Prestigious-Oil374,1707878666.0,glad i didnt end up buying minecraft then lol,t1_kqbxqhp,0.0009969667298719,2.0857510207861196e-06,6.87608408043161e-05,0.0001112378813559,0.0001443779328837,4.697195618064143e-05,2.4699153073015623e-05,2024-02-14 02:44:26+00:00
AsahiLinux,Prestigious-Oil374,1707935105.0,I love gnome but sadly it causes game emulators to artificially lag for some reason.,t3_1aql1qw,0.0005935319350101,1.5288005670299754e-06,3.611760621424765e-05,0.0001060358190443,0.0001474037999287,2.506458986317739e-05,1.9410850654821843e-05,2024-02-14 18:25:05+00:00
AsahiLinux,Prestigious-Oil374,1707937452.0,the M1 is used to refer to Apple Silicon in general,t1_kqezqgk,0.0003806080785579,1.3836441894454763e-06,2.9828388505848125e-05,6.145525549072772e-05,0.0001026438112603,1.684332892182283e-05,1.2947698451171163e-05,2024-02-14 19:04:12+00:00
AsahiLinux,Prestigious-Oil374,1707941790.0,Can you try again with the now-released GL 4.6 drivers?,t1_kqbxqhp,0.0004913236480206,1.5892719602561556e-06,3.353168722242117e-05,0.00010811707034,0.0001033391381497,2.91549731628038e-05,1.7949389075511135e-05,2024-02-14 20:16:30+00:00
AsahiLinux,Prestigious-Oil374,1707942922.0,dang,t1_kqflvsf,0.0048491866327822,7.219239250844112e-06,0.0008396155317313,0.0001738957944326,0.0005152234225533,0.0002517845423426,0.0001063987292582,2024-02-14 20:35:22+00:00
AsahiLinux,Prestigious-Oil374,1707946276.0,https://sinrega.org/2023-10-06-using-microvms-for-gaming-on-fedora-asahi/,t3_1aqycnj,0.0004098516074009,1.2785810667992337e-06,3.0980605515651405e-05,6.940393359400332e-05,0.0001133146361098,1.7251351891900413e-05,1.1835054465336723e-05,2024-02-14 21:31:16+00:00
AsahiLinux,Prestigious-Oil374,1707956255.0,the microVM wouldn't have worked with GL 4.6 anyway as the latest GL it supported is 3.1,t3_1ar0r5x,0.0004166912403889,1.971306119230576e-06,3.60626436304301e-05,9.035781840793788e-05,8.294251892948523e-05,1.862501449068077e-05,2.1632935386151075e-05,2024-02-15 00:17:35+00:00
AsahiLinux,Prestigious-Oil374,1707963633.0,I tried to do so but I get to 35 percent compiled and it spits out compiler errors having to do with arm :(,t1_kqg88e7,0.0004034567682538,1.4818986073805718e-06,2.8242289772606455e-05,7.476839527953416e-05,9.292466711485758e-05,1.9481951312627643e-05,1.687764233793132e-05,2024-02-15 02:20:33+00:00
AsahiLinux,Prestigious-Oil374,1707967131.0,let me know if you're ever able to do it on fedora! :D,t1_kqhdz9x,0.0034292652271687,2.1400935565907275e-06,7.130516314646229e-05,0.0004562828398775,0.0005199663573876,9.006963227875531e-05,3.097871376667172e-05,2024-02-15 03:18:51+00:00
AsahiLinux,Prestigious-Oil374,1707980275.0,I've got Xemu working :3,t3_1aqqe30,0.0005342407384887,1.9910919490939705e-06,5.433209298644215e-05,7.764828478684649e-05,0.0001020043127937,2.3297305233427323e-05,2.0351573766674846e-05,2024-02-15 06:57:55+00:00
AsahiLinux,Prestigious-Oil374,1708012517.0,no.,t3_1arhqdb,0.0007785811321809,1.3613251894639689e-06,2.658823723322712e-05,0.0001120737797464,0.0001548780710436,3.462444510660134e-05,1.2068615433236118e-05,2024-02-15 15:55:17+00:00
AsahiLinux,Prestigious-Oil374,1708021811.0,This makes sense because flatpaks don't use the asahi-mesa driver,t1_kqke1vm,0.0006531021208502,1.351733885712747e-06,3.5064658732153475e-05,0.0001087920754798,0.0001589946623425,2.0769379261764694e-05,1.621854789846111e-05,2024-02-15 18:30:11+00:00
AsahiLinux,Prestigious-Oil374,1708042303.0,Did you follow the instructions that say to wait at least 25 seconds after powering down and to hold the power button while powering on until you see boot options?,t3_1art081,0.0004703567828983,1.3645878880197415e-06,2.5862498659989797e-05,7.957073103170842e-05,0.0001121687309932,2.7916326871491037e-05,1.5179773981799372e-05,2024-02-16 00:11:43+00:00
AsahiLinux,Prestigious-Oil374,1708047616.0,read the krunvm docs,t3_1arqtro,0.0005412255995906,1.4826464393991046e-06,3.743384877452627e-05,8.057527884375304e-05,0.0001254765811609,2.5128445486188863e-05,1.3239101463113911e-05,2024-02-16 01:40:16+00:00
AsahiLinux,Prestigious-Oil374,1708057262.0,"this would be a big leap forward in asahi gaming if rpcs3 can be built on the remix. GTA V, Skyrim, and other heavy hitters.",t3_1aryon4,0.0003973502025473,1.6292334521494922e-06,3.117963206022978e-05,7.950399594847113e-05,9.025689359987156e-05,2.2896349037182517e-05,1.5102926226973068e-05,2024-02-16 04:21:02+00:00
AsahiLinux,Prestigious-Oil374,1708057338.0,if you're trying to install flatpaks that require the GPU then don't bother with it. try looking at software.opensuse.org or RPMFusion for that.,t3_1arwuqi,0.000804440351203,3.1431006846105447e-06,8.17296386230737e-05,9.220123320119455e-05,8.824088581604883e-05,2.9567834644694813e-05,4.231922866893001e-05,2024-02-16 04:22:18+00:00
AsahiLinux,Prestigious-Oil374,1708057669.0,https://github.com/steamlink/steamlink,t3_1ard957,0.0003574814472813,1.4321856269816635e-06,2.8118936825194396e-05,7.062444637995213e-05,8.8498491095379e-05,1.852450441219844e-05,1.2141714250901714e-05,2024-02-16 04:27:49+00:00
AsahiLinux,Prestigious-Oil374,1708058279.0,https://www.veracrypt.fr/en/CompilingGuidelineLinux.html,t3_1arzh2u,0.0004404978826642,1.5992092130545643e-06,3.8738678995287046e-05,7.125819684006274e-05,9.947035869117826e-05,2.1592106349999085e-05,1.6396301361965016e-05,2024-02-16 04:37:59+00:00
AsahiLinux,Prestigious-Oil374,1708059989.0,yeah that's what i mean. talking with devs it seems that it's not yet intended for aarch64 platforms. that's why builds from the main repo fail. hopefully the release of the latest asahi mesa inspires devs (ive talked with devs from ryujinx and rpcs3) to try to work on their opengl backends to better work with asahi,t1_kqn8ms7,0.0004564544651657,1.586965254318784e-06,4.0472430555382743e-05,7.304752216441557e-05,0.0001015860398183,1.995465390791651e-05,1.5925499610602856e-05,2024-02-16 05:06:29+00:00
AsahiLinux,Prestigious-Oil374,1708093969.0,Are you going to provide an updater script once openGL works?,t1_kqnpe7j,0.0006029466167092,1.8857271015804145e-06,3.5248991480330005e-05,0.0001246474275831,9.620208584237844e-05,2.7188491003471427e-05,2.003292684094049e-05,2024-02-16 14:32:49+00:00
AsahiLinux,Prestigious-Oil374,1708148448.0,very stable and very cool!,t1_kqsszya,0.0003419967833906,1.3063477126706855e-06,2.348634006921202e-05,6.707618740620092e-05,9.533888078294694e-05,1.7524171198601834e-05,1.2526913451438304e-05,2024-02-17 05:40:48+00:00
AsahiLinux,Prestigious-Oil374,1708154665.0,the copr is already established and enabled on lots of asahi machines. why not update the copr?,t1_kqt05ee,0.0004824621137231,1.4729979511685087e-06,3.391671270946972e-05,8.118697587633505e-05,0.0001168947128462,1.8526960047893223e-05,1.521328158560209e-05,2024-02-17 07:24:25+00:00
AsahiLinux,Prestigious-Oil374,1708215086.0,honestly i wouldn't mind,t1_kqtncve,0.0042999675497412,3.82894813810708e-06,0.000276035774732,0.0001667184114921,0.0005903305136598,0.0001358188455924,4.361940955277532e-05,2024-02-18 00:11:26+00:00
AsahiLinux,Prestigious-Oil374,1708297803.0,is that coming out on Fedora 39 or not until 40?,t1_kr23yka,0.0004007008392363,1.4565148376277648e-06,2.78557745332364e-05,9.172916179522872e-05,9.349494212074204e-05,2.4081817173282616e-05,1.4576220564777032e-05,2024-02-18 23:10:03+00:00
AsahiLinux,Prestigious-Oil374,1708307223.0,it's normal and wont cause a problem.,t3_1auansc,0.0004176843212917,1.289267856918741e-06,2.364024476264603e-05,7.408401143038645e-05,0.0001018320035655,2.3175429305410944e-05,1.2142710147600155e-05,2024-02-19 01:47:03+00:00
AsahiLinux,Prestigious-Oil374,1708311690.0,because the speaker support in asahi is a community effort and the speaker support in macos is a result of a trillion dollar company :p,t1_kr32nvo,0.000428979168646,1.2280326018299093e-06,2.9059545340714976e-05,6.156118615763262e-05,0.0001200017213704,1.64136836247053e-05,1.3233824574854223e-05,2024-02-19 03:01:30+00:00
AsahiLinux,Prestigious-Oil374,1708360134.0,kde is the officially sponsored de,t3_1auquez,0.001832126523368,2.350510840187781e-06,0.000139751820825,0.0001350231468677,0.0003723019617609,3.00749197776895e-05,3.368038960616104e-05,2024-02-19 16:28:54+00:00
AsahiLinux,Prestigious-Oil374,1708372090.0,"god youre an asshole. https://asahilinux.org/fedora/#device-support*Fedora Asahi Remix ❤️ KDE PlasmaWe are proud to offer KDE Plasma as our flagship desktop environment. With leading edge Wayland support and a highly customizable experience plus wide support for Apple hardware features, KDE Plasma is a joy to use on Apple Silicon.*",t1_kr6izpe,0.9922979474067688,0.0312137398868799,0.9381718039512634,0.0105464775115251,0.916374146938324,0.0003978099557571,0.0175889339298009,2024-02-19 19:48:10+00:00
AsahiLinux,Prestigious-Oil374,1708386427.0,that method doesn't work anymore. this stuff is being upstreamed and should be available sometime this year officially,t3_1av0k9b,0.0003998369793407,1.4429670045501553e-06,2.9618180633406155e-05,6.775764632038772e-05,9.467598283663392e-05,1.955059269675985e-05,1.4576497960661072e-05,2024-02-19 23:47:07+00:00
AsahiLinux,Prestigious-Oil374,1708868283.0,best way is to reinstall,t3_1aznx09,0.0004049770941492,1.4568302049156046e-06,2.5628640287322924e-05,8.110495400615036e-05,9.739176311995834e-05,2.5382270905538465e-05,1.3689160368812736e-05,2024-02-25 13:38:03+00:00
AsahiLinux,Prestigious-Oil374,1709335386.0,Ok thanks!,t1_ksx9q6v,0.0016970952274277,1.4159970760374565e-06,3.210982686141506e-05,0.000334863550961,0.0003317811933811,4.1867519030347466e-05,2.5513367290841416e-05,2024-03-01 23:23:06+00:00
AsahiLinux,Prestigious-Oil374,1709678713.0,No,t3_1b7i9m8,0.0009229867137037,1.5335009493355756e-06,3.3219832403119653e-05,0.0001149565068772,0.0001686728501226,3.414235106902197e-05,1.6910702470340766e-05,2024-03-05 22:45:13+00:00
AsahiLinux,Prestigious-Oil374,1709693791.0,because depending on the model of intel mac you can just install any x86 linux distro with nonfree wifi drivers,t1_ktjvuoy,0.0005406808922998,1.8736484435066816e-06,3.690932862809859e-05,0.000109917957161,9.329643216915429e-05,2.574229620222468e-05,1.9098913980997168e-05,2024-03-06 02:56:31+00:00
AsahiLinux,Prestigious-Oil374,1709765532.0,Xorg doesn’t play nice with the display driver,t3_1b8b6tj,0.0005809501744806,1.4843697044852888e-06,3.714275953825563e-05,8.786001853877679e-05,0.0001225914456881,2.005305213970132e-05,1.9881126718246375e-05,2024-03-06 22:52:12+00:00
AsahiLinux,Prestigious-Oil374,1710362195.0,I don’t know how that got there,t1_kuqcry9,0.000466054858407,1.3839436405760352e-06,3.506165012368001e-05,6.623455556109548e-05,0.000106473940832,2.128531195921823e-05,1.5528368749073707e-05,2024-03-13 20:36:35+00:00
AsahiLinux,Prestigious-Oil374,1710457894.0,macos has better palm detection,t1_kuwrk1h,0.000877150974702,1.3636589528687182e-06,3.5497334465617314e-05,0.0001117340289056,0.0002238063025288,2.567595220170915e-05,1.7701508113532327e-05,2024-03-14 23:11:34+00:00
AsahiLinux,Prestigious-Oil374,1710858925.0,The microVM solution with gl 4.6 support was planned to be upstreamed by end of Q1 2024 (now basically) so maybe sometime in June/July there will be something to test.,t1_kvkl7qv,0.0003405298048164,1.4928932614566293e-06,2.766086436167825e-05,6.79954609950073e-05,8.906971197575331e-05,1.8611768609844148e-05,1.4117634236754384e-05,2024-03-19 14:35:25+00:00
AsahiLinux,Prestigious-Oil374,1710863787.0,lies,t1_kvledv8,0.0235132686793804,1.08879594336031e-05,0.0012223044177517,0.0008316343300975,0.0040454962290823,0.0003333013155497,0.0003265216946601,2024-03-19 15:56:27+00:00
AsahiLinux,Prestigious-Oil374,1710864719.0,yooo,t1_kvlfkjx,0.0009117589215748,1.0189103250013432e-06,3.203596133971587e-05,0.0001312495151069,0.0002075903466902,2.686884909053333e-05,1.0168979315494653e-05,2024-03-19 16:11:59+00:00
AsahiLinux,Prestigious-Oil374,1710948097.0,could you invite me? my mastodon is @prestigiousoil374,t1_kvpg7bd,0.0031136597972363,5.500797669810709e-06,0.0003003625315614,0.0001809205859899,0.0002690001565497,0.0001049263883032,8.31116340123117e-05,2024-03-20 15:21:37+00:00
AsahiLinux,Prestigious-Oil374,1710965391.0,is this on Asahi Arch or Fedora?,t3_1bjjn4j,0.0004609988245647,1.4435933053391636e-06,3.028660648851655e-05,8.480384713038802e-05,0.0001009500556392,1.9142767996527255e-05,1.3480479537975045e-05,2024-03-20 20:09:51+00:00
AsahiLinux,Prestigious-Oil374,1710967682.0,no,t1_kvsdu9o,0.0008443462429568,1.366038304695394e-06,3.203568485332653e-05,0.0001046136894728,0.0001608185411896,3.850296707241796e-05,1.220316880790051e-05,2024-03-20 20:48:02+00:00
AsahiLinux,Prestigious-Oil374,1710997264.0,https://rpmfusion.org/Configuration -step 1https://rpmfusion.org/Howto/Multimedia?highlight=%28%5CbCategoryHowto%5Cb%29 - step 2,t3_1bjx9td,0.0003487475332804,1.4963370631448925e-06,3.182988803018816e-05,6.055113772163168e-05,9.173721628030762e-05,1.6961595974862576e-05,1.384296774631366e-05,2024-03-21 05:01:04+00:00
AsahiLinux,Prestigious-Oil374,1711040620.0,the shaders are a dream in minecraft :3,t1_kvww8n0,0.0005195420235395,1.530695612927957e-06,3.570814442355186e-05,8.60682557686232e-05,0.0001193123316625,2.4069946448435076e-05,1.690328645054251e-05,2024-03-21 17:03:40+00:00
AsahiLinux,Prestigious-Oil374,1711049782.0,Steam will be able to run by end of this month ,t1_kvxb419,0.0003884808684233,1.3848282378603471e-06,2.7243360818829387e-05,6.71902671456337e-05,9.471525845583528e-05,2.1970852685626596e-05,1.3287545698403846e-05,2024-03-21 19:36:22+00:00
AsahiLinux,Prestigious-Oil374,1711051268.0,someone linked to a post by slp on fosstodon saying it was coming out at the end of march,t1_kvxsbdl,0.0006084199994802,1.4041632994121755e-06,4.217781315674074e-05,7.658792310394347e-05,0.0001468094706069,2.0439510990399867e-05,1.5126423022593372e-05,2024-03-21 20:01:08+00:00
AsahiLinux,Prestigious-Oil374,1711109579.0,Flatpaks shouldn’t be used on asahi as they don’t bundle the proper mesa driver. Add prisms copr repo on GitHub and install it that way,t1_kw18eqz,0.0031305500306189,3.201924300810788e-06,0.0001703821035334,0.0001763493783073,0.0005178209976293,7.663658470846713e-05,6.710363231832162e-05,2024-03-22 12:12:59+00:00
AsahiLinux,Prestigious-Oil374,1711115916.0,cheers👍,t1_kw1nvo8,0.002760553266853,2.3650386538065504e-06,0.0001664491719566,0.0001514611794846,0.0006225283141247,4.920223727822304e-05,3.729196760104969e-05,2024-03-22 13:58:36+00:00
AsahiLinux,Prestigious-Oil374,1711129800.0,Do you know of any titles that currently work on Box64 in asahi?,t1_kvy6k9z,0.0004221238195896,1.6455200011478157e-06,3.192205622326583e-05,8.235991845140234e-05,8.610092481831089e-05,2.097709329973441e-05,1.5315179552999325e-05,2024-03-22 17:50:00+00:00
AsahiLinux,Prestigious-Oil374,1711131208.0,is this a shit post,t3_1bl55jg,0.9764235615730286,0.0173692908138036,0.9376214146614076,0.0062885074876248,0.3135933876037597,0.0015722241951152,0.0094005661085248,2024-03-22 18:13:28+00:00
AsahiLinux,Prestigious-Oil374,1711132086.0,why do you need to make a rant post about this? just look at the list of working features on github. or better yet just scroll the subreddit and see that a good 50 percent of questions are about this very topic.,t1_kw30b0s,0.0003917847643606,1.4339282188302604e-06,2.8535514502436857e-05,6.752337503712624e-05,9.547863010084257e-05,1.8361724869464524e-05,1.3966021469968837e-05,2024-03-22 18:28:06+00:00
AsahiLinux,Prestigious-Oil374,1711151496.0,if you need bluetooth devices make sure you use a 5ghz network connection or wired.don't use flatpaks for anything that needs the gpu. see if the app is in the package manager or has a copr repo.enable rpmfusion by following this guide: https://docs.fedoraproject.org/en-US/quick-docs/rpmfusion-setup/ and run dnf install libavcodec-freeworld to install outstanding codecsyou will not be able to use an additional monitor via displayport-alt-mode at this time.,t3_1blapdj,0.0004381117469165,1.5963291843945626e-06,3.804239895544015e-05,7.375433051493019e-05,0.0001035433160723,2.04896459763404e-05,1.5336838259827346e-05,2024-03-22 23:51:36+00:00
AsahiLinux,Prestigious-Oil374,1711151574.0,an update to the web browser could have broken it. it's an unofficial implementation so give it time to get updated. maybe try another browser for the time being?,t3_1bld0do,0.0004128311411477,1.682136030467518e-06,3.150653719785623e-05,7.184567220974714e-05,8.6121704953257e-05,2.1640074919559993e-05,1.607169360795524e-05,2024-03-22 23:52:54+00:00
AsahiLinux,Prestigious-Oil374,1711299423.0,isn't ungoogled chromium a security risk due to patches not being consistent or something?,t3_1bmp0oj,0.0004759080766234,1.3678685490958742e-06,2.8959204428247176e-05,7.89168625487946e-05,0.000114907947136,2.1336647478165105e-05,1.3976521586300804e-05,2024-03-24 16:57:03+00:00
AsahiLinux,Prestigious-Oil374,1711333623.0,Just follow the standard rpm fusion method. For special drm stuff then run widevine-installer,t3_1bmyv6a,0.0004071653820574,1.4291226761997675e-06,2.7364123525330797e-05,8.13624428701587e-05,0.0001019113624352,2.1175656002014875e-05,1.4046887372387571e-05,2024-03-25 02:27:03+00:00
AsahiLinux,Prestigious-Oil374,1711418096.0,You can install more than one Linux distribution at a time.,t3_1bnubnc,0.0004074354073964,1.3572160924013588e-06,2.4696300897630863e-05,7.821262261131778e-05,0.0001012927605188,2.1520934751606543e-05,1.3352736459637526e-05,2024-03-26 01:54:56+00:00
AsahiLinux,Prestigious-Oil374,1711421562.0,In order to install Linux distros on apple silicon you need to run an install script in macOS,t1_kwl5rq8,0.0005420511588454,1.723022023725207e-06,3.5551332985050976e-05,9.127282828558236e-05,0.0001048921767505,2.7250973289483227e-05,1.9878700186382048e-05,2024-03-26 02:52:42+00:00
AsahiLinux,Prestigious-Oil374,1711637528.0,How do you get the game from steam?,t1_kwxdu8c,0.0011182831367477,2.2656549845123664e-06,6.148356624180451e-05,0.000122781668324,0.0001638542162254,7.383758202195168e-05,4.033679942949675e-05,2024-03-28 14:52:08+00:00
AsahiLinux,Prestigious-Oil374,1711637918.0,where can I get the steam emu,t1_kwyo39v,0.0019673625938594,2.9513669232983375e-06,0.0001017307731672,0.0002262513735331,0.0002748026454355,0.0001165431094705,5.020683965994977e-05,2024-03-28 14:58:38+00:00
AsahiLinux,Prestigious-Oil374,1711638538.0,Have you gotten other games working? Like civ 5 or 6?,t1_kwxdu8c,0.000835396698676,1.8546105593486573e-06,6.107014633016661e-05,9.72607231233269e-05,0.0001561488752486,3.108370947302319e-05,2.7542519092094153e-05,2024-03-28 15:08:58+00:00
AsahiLinux,Prestigious-Oil374,1711639858.0,I got cities downloaded and an emu but i cant find the files i need to replace inside the cities folder,t1_kwyo39v,0.0006479498115368,1.9143162717227824e-06,4.720739525509998e-05,0.0001086181364371,0.0001025397214107,2.8851751267211512e-05,1.9452507331152447e-05,2024-03-28 15:30:58+00:00
AsahiLinux,Prestigious-Oil374,1711640460.0,when i try to launch the cities 6 executable in box64 i get an error while loading libs:Error loading needed lib libgcc_s.so.1Error loading needed lib libstdc++.so.6could you help me fix this?,t1_kwyo39v,0.0010812958935275,5.8952259678335395e-06,0.0001423718349542,0.0001328136422671,7.664242730243132e-05,5.1521597924875095e-05,6.852395017631352e-05,2024-03-28 15:41:00+00:00
AsahiLinux,Prestigious-Oil374,1711652796.0,can you DM me?,t1_kwzx6wi,0.0016150507144629,2.3036657239572378e-06,7.29565363144502e-05,0.0001522618113085,0.0002200274175265,9.6661395218689e-05,2.542878792155534e-05,2024-03-28 19:06:36+00:00
AsahiLinux,Prestigious-Oil374,1711655129.0,5 wont work for me as the linux version isn't 64 bit,t1_kx03det,0.0005476152291521,1.9354504274815554e-06,4.592960613081232e-05,8.228102524299175e-05,8.96316341822967e-05,2.523725743230898e-05,1.9966209947597235e-05,2024-03-28 19:45:29+00:00
AsahiLinux,Prestigious-Oil374,1711662622.0,I’m using box64-asahi and the most upvoted post on this sub features Cities Skylines running on asahi via box64,t1_kx0hsbr,0.0004132296307943,1.573207669025578e-06,3.353459760546684e-05,7.400605682050809e-05,9.212477743858472e-05,1.929465179273393e-05,1.5539331798208877e-05,2024-03-28 21:50:22+00:00
AsahiLinux,Prestigious-Oil374,1711665033.0,that's why i'm here fam,t1_kx0roct,0.0005641459138132,1.6303323491229094e-06,3.797838508035056e-05,0.0001050591527018,0.0001113025064114,2.8886302970931865e-05,1.6359130313503556e-05,2024-03-28 22:30:33+00:00
AsahiLinux,Prestigious-Oil374,1711665380.0,this is asahi fedora,t1_kx0xua6,0.0004402439226396,1.1668979595924611e-06,2.619046608742792e-05,7.876754534663633e-05,0.0001185528235509,1.753604010445997e-05,1.0560576811258215e-05,2024-03-28 22:36:20+00:00
AsahiLinux,Prestigious-Oil374,1711670285.0,UPDATE: i built box64 from source and now it works!,t3_1bq5ufw,0.000900698127225,4.43171165898093e-06,0.0001073656385415,0.0001195305158034,7.309106877073646e-05,4.553453254629858e-05,5.177619095775299e-05,2024-03-28 23:58:05+00:00
AsahiLinux,Prestigious-Oil374,1711672149.0,I used DepotDownloader with my steam account to get the gameI built box64 from github using the specified M1 optionsI replaced the steam api with Goldberg steam emu fileI cd'd into the directory and ran the game executable via box64The game runs very well.,t1_kx1fyxo,0.0003889640793204,1.825401227506518e-06,3.7673038605134934e-05,7.332116365432739e-05,8.176058327080682e-05,2.4157492589438337e-05,1.815109862945974e-05,2024-03-29 00:29:09+00:00
AsahiLinux,Prestigious-Oil374,1711677101.0,Do you also get a Segmentation fault when trying to start a new game in Civ 6?,t1_kx03det,0.0005021945107728,1.730856524773117e-06,3.695166014949791e-05,9.0876106696669e-05,9.553017298458144e-05,2.410681736364495e-05,1.9034327124245465e-05,2024-03-29 01:51:41+00:00
AsahiLinux,Prestigious-Oil374,1711677174.0,just follow my instructions,t1_kx1sr1i,0.0004207919701002,1.4779806178921715e-06,2.603805660328362e-05,7.9354242188856e-05,9.572431008564308e-05,2.5580926376278512e-05,1.292541764996713e-05,2024-03-29 01:52:54+00:00
AsahiLinux,Prestigious-Oil374,1711685525.0,if you run into any issues just let me know in a reply c:,t1_kx1tyym,0.0018370872130617,2.715947175602196e-06,9.511495591141284e-05,0.00013300642604,0.0002184996264986,0.0001146080103353,3.6529851058730856e-05,2024-03-29 04:12:05+00:00
AsahiLinux,Prestigious-Oil374,1711719435.0,this is 64 bit,t1_kx3kxl2,0.0251446235924959,3.600566924433224e-05,0.0129126608371734,0.0001911845029098,0.0011016090866178,0.0001801153994165,0.0015259216306731,2024-03-29 13:37:15+00:00
AsahiLinux,Prestigious-Oil374,1711719476.0,so far I can get cities to launch and play a game. Civ VI launches but crashes upon playing a game,t1_kx3ooyo,0.0005316740716807,1.8902084093497251e-06,3.950413520215079e-05,9.914781549014152e-05,9.33813425945118e-05,3.009095416928176e-05,2.008400042541325e-05,2024-03-29 13:37:56+00:00
AsahiLinux,Prestigious-Oil374,1711746687.0,"run ""sudo dnf install cmake"" then run""git clone https://github.com/ptitSeb/box64"" then run ""cd box64"" then run ""mkdir build; cd build"" then run ""cmake .. -D M1=1 -D CMAKE_BUILD_TYPE=RelWithDebInfo"" then run ""make -j4"" then run ""sudo make install""",t1_kx5w34p,0.0006057722494006,3.446509936111397e-06,0.00010494239541,7.52388805267401e-05,7.880488556111231e-05,3.885952173732221e-05,3.5403554647928104e-05,2024-03-29 21:11:27+00:00
AsahiLinux,Prestigious-Oil374,1711749856.0,appimages and flatpaks likely wont work with box64,t1_kx61u07,0.0009774058125913,3.366251121406094e-06,8.388189598917961e-05,0.0001286399492528,9.614283044356851e-05,3.803061190410517e-05,4.2899388063233346e-05,2024-03-29 22:04:16+00:00
AsahiLinux,Prestigious-Oil374,1711755818.0,The way dependencies work with appimages are kinda fucked. A lot of aarch64 native app images won’t launch on Apple silicon because of it. Flatpaks if you even got them to work they wouldn’t be able to utilize the asahi mesa drivers,t1_kx6jfih,0.9026049971580504,0.0051607810892164,0.8414857387542725,0.002924536820501,0.0897630006074905,0.00062426290242,0.027996877208352,2024-03-29 23:43:38+00:00
AsahiLinux,Prestigious-Oil374,1711757547.0,Cities skylines works fine. Civ VI will launch but when you enter into a game it will crash. The page size issue (and the 32 bit issue) is officially being addressed by using krunvm microvm and DRM pass through of the gpu with virglrenderer currently being implemented by Sergio Lopez,t1_kx6o0d3,0.0005370925646275,2.91320429823827e-06,6.001123983878642e-05,0.0001040496863424,7.17930743121542e-05,2.7841962946695276e-05,3.0096955015324056e-05,2024-03-30 00:12:27+00:00
AsahiLinux,Prestigious-Oil374,1711801781.0,box64 can only run amd64 programs. FEX can run 32bit and 64bit x86 programs but requires a 4K aarch64 kernel.,t1_kx6qhzo,0.0015301621751859,9.999569556384811e-06,0.0002082306455122,0.0002525302988942,9.02890824363567e-05,4.163091216469184e-05,0.0002513995568733,2024-03-30 12:29:41+00:00
AsahiLinux,Prestigious-Oil374,1711813935.0,The asahi team won’t advise people to update to fedora 40 until they’re prepared for it.,t3_1brd82l,0.0004273584054317,1.262791215594916e-06,2.437741568428464e-05,7.975054177222773e-05,0.0001099760411307,2.0359961126814596e-05,1.2368368516035844e-05,2024-03-30 15:52:15+00:00
AsahiLinux,Prestigious-Oil374,1711933413.0,lobby for opensuse to officially support asahi,t1_kwx6byl,0.000571041018702,1.38527218496165e-06,3.34672185999807e-05,8.553380757803097e-05,0.000130859480123,2.282999957969878e-05,1.5151947081903929e-05,2024-04-01 01:03:33+00:00
AsahiLinux,Prestigious-Oil374,1711993758.0,You can find duck station for fedora 39 here https://software.opensuse.org/package/duckstation.There’s no dynarec support yet so you’ll need to set the cpu to be emulated via interpreter.,t3_1bt9kru,0.000510117621161,1.458296537748538e-06,3.2564807042945176e-05,9.383506403537468e-05,0.0001243828883161,2.273459904245101e-05,1.7819629647419788e-05,2024-04-01 17:49:18+00:00
AsahiLinux,Prestigious-Oil374,1711999555.0,Did you change the cpu emulator to Interpreter?,t1_kxl5bvb,0.0004534905892796,1.2797179351764498e-06,2.474458233336918e-05,8.026683644857258e-05,0.0001115708219003,1.991176941373851e-05,1.3493444384948816e-05,2024-04-01 19:25:55+00:00
AsahiLinux,Prestigious-Oil374,1712007993.0,Are you using a bios?,t1_kxl7vp3,0.0008093466749414,1.3021485756326e-06,3.1055147701408714e-05,0.0001003169018076,0.0001720205327728,3.0117884307401255e-05,1.5310213711927645e-05,2024-04-01 21:46:33+00:00
AsahiLinux,Prestigious-Oil374,1712008122.0,Also you should be using openGL,t1_kxl7vp3,0.0009361981065012,3.190411916875746e-06,4.884311056230217e-05,0.0002481674018781,0.0001021407733787,3.5499771911418065e-05,3.662535527837463e-05,2024-04-01 21:48:42+00:00
AsahiLinux,Prestigious-Oil374,1712014801.0,What desktop environment,t1_kxmbg8u,0.0004227487952448,1.292146976084041e-06,2.0965853764209896e-05,9.255580516764894e-05,0.0001043984375428,2.0203795429551977e-05,1.3324650353752077e-05,2024-04-01 23:40:01+00:00
AsahiLinux,Prestigious-Oil374,1712017566.0,oh okay. I’ve had problems with emulators in non-KDE desktop environments. Try KDE,t1_kxmkxre,0.0009533282136544,2.3982101993169636e-06,5.8127454394707456e-05,0.000178357848199,0.0001316814887104,4.260072091710754e-05,2.7424261134001423e-05,2024-04-02 00:26:06+00:00
AsahiLinux,Prestigious-Oil374,1712023548.0,Keep in mind that KDE is the only officially sponsored DE for asahi at the moment,t1_kxmn20l,0.0004728591302409,1.2315310868871163e-06,2.7904803573619574e-05,7.805064524291083e-05,0.0001197637175209,1.9333681848365813e-05,1.3087308616377412e-05,2024-04-02 02:05:48+00:00
AsahiLinux,Prestigious-Oil374,1712158062.0,What theme is that,t3_1bpmwth,0.0004209691251162,1.1593893987082993e-06,2.0887524442514405e-05,8.556048851460218e-05,0.0001021639618556,2.0415236576809548e-05,1.1339435332047287e-05,2024-04-03 15:27:42+00:00
AsahiLinux,Prestigious-Oil374,1712243515.0,"The only features not yet available on your model are display out via usb-c, microphone, thunderbolt, and touch id. Everything else will work.As for battery life, the only time you will really notice a big difference in battery life is if you close your machine without turning it off and come back to it after a good chunk of time. It will drain faster during this process on Linux as the suspend feature is not yet as efficient as macOS. This will be improved upon in the future but the best remedy for now is to turn off your machine while not in use. These machines boot rather quick so it's not *that* much of an issue.",t3_1bv03e9,0.0004543046816252,1.3767233895123354e-06,2.9978191378177144e-05,6.473464600276202e-05,0.0001134254416683,2.153581954189576e-05,1.54829140228685e-05,2024-04-04 15:11:55+00:00
AsahiLinux,Prestigious-Oil374,1712249973.0,thank you! i've never played this but it looks cool!,t3_1bvq48j,0.0005136266699992,1.729358473312459e-06,4.733813329949044e-05,6.648381531704217e-05,9.868157940218224e-05,2.4417806343990375e-05,1.884022458398249e-05,2024-04-04 16:59:33+00:00
AsahiLinux,Prestigious-Oil374,1712250063.0,how can you compare the GPU performance when the macOS version is most likely using moltenVK over metal and the asahi version is using openGL?,t1_ky1bjkk,0.000424736761488,1.8885560848502791e-06,3.3404499845346436e-05,9.171263809548692e-05,7.97202083049342e-05,2.210407365055289e-05,1.792602051864378e-05,2024-04-04 17:01:03+00:00
AsahiLinux,Prestigious-Oil374,1712250186.0,I've used GNOME on fedora asahi for quite a while and I stopped using it because it produces an artificial lag on top of emulated video games that is not present on KDE.,t3_1bvqcb6,0.0004060242790728,1.6490643020006246e-06,3.106895019300282e-05,7.808101508999243e-05,8.604462345829234e-05,2.0993504222133197e-05,1.772539508237969e-05,2024-04-04 17:03:06+00:00
AsahiLinux,Prestigious-Oil374,1712250347.0,i'm pretty sure on macOS it uses an openGL translation layer also on top of metal rather than bare metal openGL...,t1_ky1enaz,0.0005803673993796,2.8632871362788137e-06,4.561324021779001e-05,0.0001392072008457,7.219614053610712e-05,2.9504457415896468e-05,2.88246083073318e-05,2024-04-04 17:05:47+00:00
AsahiLinux,Prestigious-Oil374,1712251948.0,maybe in a year asahi will have better performance than apple 🤷‍♀️,t1_ky1j383,0.0005614508991129,1.5945140603434993e-06,3.961614129366353e-05,9.280724043492228e-05,0.0001414229482179,1.819053795770742e-05,2.3609603886143304e-05,2024-04-04 17:32:28+00:00
AsahiLinux,Prestigious-Oil374,1712256452.0,"I get this error when running the game "".local\share\GSC Game World\S.T.A.L.K.E.R. - Call of Pripyat\gamedata\configs\system.ltx.Reinstalling application may fix this problem.""",t3_1bvq48j,0.001246798899956,4.3716345317079686e-06,0.0001416267186868,0.0001533870818093,0.0001262718869838,4.015905506093986e-05,6.60660007270053e-05,2024-04-04 18:47:32+00:00
AsahiLinux,Prestigious-Oil374,1712258217.0,ran it again and still same error,t1_ky22s11,0.0012838458642363,1.78221489477437e-06,4.0381790313404053e-05,0.0001105629853555,0.0002057955716736,7.797997386660427e-05,1.835955299611669e-05,2024-04-04 19:16:57+00:00
AsahiLinux,Prestigious-Oil374,1712278872.0,"my game directory contents are: ""_appdata_, gamedata, fsgame.ltx"" and my download directory contents are ""redist, soundtrack folders, autorun.inf, the iso and zip file, six setup files, and an exe file""",t1_ky2fn2n,0.000723534845747,3.989004653703887e-06,9.619125921744852e-05,0.0001038581685861,7.238992839120328e-05,3.833169466815889e-05,4.462354627321474e-05,2024-04-05 01:01:12+00:00
AsahiLinux,Prestigious-Oil374,1712283398.0,"I tried reinstalling the game and now upon trying to run it, it just crashes out",t1_ky2fn2n,0.0008018203661777,2.168676473957021e-06,4.4366282963892445e-05,0.0001184643479064,0.0001123139663832,6.219818897079676e-05,2.4803623091429472e-05,2024-04-05 02:16:38+00:00
AsahiLinux,Prestigious-Oil374,1712322890.0,FATAL ERROR [error] Expression    : <no expression>[error] Function      : handler_base[error] File          : /home/lucy/Downloads/stalker/xray-16/src/xrCore/xrDebug.cpp[error] Line          : 862[error] Description   : segmentation fault,t1_ky5ir8n,0.0005316355382092,2.9207096758909756e-06,6.904179463163018e-05,7.968053250806406e-05,7.285176980076358e-05,2.7705507818609476e-05,2.8063723220839165e-05,2024-04-05 13:14:50+00:00
AsahiLinux,Prestigious-Oil374,1712327621.0,my workaround is leaving the computer plugged in 24/7,t3_1bwe03n,0.0004649756592698,1.6359299479518086e-06,3.364263830007985e-05,7.693988300161436e-05,9.795031655812636e-05,2.4097047571558505e-05,1.7244001355720684e-05,2024-04-05 14:33:41+00:00
AsahiLinux,Prestigious-Oil374,1712327884.0,my system has been kinda bugged lately i might just reinstall it 🤷‍♀️,t1_ky6cykj,0.0012686875415965,5.645601959258784e-06,0.0002874813217204,0.0001043229931383,0.0001146473514381,5.3857143939239904e-05,8.509797771694139e-05,2024-04-05 14:38:04+00:00
AsahiLinux,Prestigious-Oil374,1712347922.0,no. some games work with d3dwine,t1_ky6fxkb,0.0007269768393598,2.2974413695919793e-06,7.24390265531838e-05,9.998207679018378e-05,0.0001166361689683,3.0245075322454795e-05,2.6070207240991294e-05,2024-04-05 20:12:02+00:00
AsahiLinux,Prestigious-Oil374,1712351301.0,i still end up with segmentation fault even after reinstalling my whole system,t1_ky6cykj,0.0006988267996348,1.943470351761789e-06,5.218389560468495e-05,8.324410009663552e-05,0.0001232549839187,2.9388760594883937e-05,2.488265818101354e-05,2024-04-05 21:08:21+00:00
AsahiLinux,Prestigious-Oil374,1712360703.0,"the keyboard light toggle/slider should be under the screen brightness slider when you open the menu that you use to turn wifi/bluetooth on or off.for dash to dock, right click the application menu button in the dock and enter the settings. then find Intelligent Autohide and turn it off. then the dock should remain there",t3_1bwwu9s,0.0004636609228327,1.7911758050104254e-06,3.4072192647727206e-05,8.604191680205986e-05,9.512901306152344e-05,2.933038558694534e-05,1.7679103621048853e-05,2024-04-05 23:45:03+00:00
AsahiLinux,Prestigious-Oil374,1712361454.0,i'd rather you support the asahi team :Dpatreon: https://www.patreon.com/marcangithub: https://github.com/sponsors/marcan,t1_ky91a66,0.0004263677692506,1.2662716244449257e-06,3.1220039090840146e-05,6.438361015170813e-05,0.0001122424509958,1.7717045921017416e-05,1.3065784514765255e-05,2024-04-05 23:57:34+00:00
AsahiLinux,Prestigious-Oil374,1712439591.0,Asahi does support displaylink,t3_1bxl2fd,0.0003996740560978,1.5801633708178997e-06,2.8930522603332065e-05,7.73965657572262e-05,8.823423559078947e-05,2.1777603251393884e-05,1.4093071513343602e-05,2024-04-06 21:39:51+00:00
AsahiLinux,Prestigious-Oil374,1712442108.0,only time I’ve really used Java is for Minecraft and it works well on asahi. OpenGL 4.6 is supported but apparently not as fast as macOS OpenGL yet,t3_1bxkch0,0.0003696030180435,1.7334682524960954e-06,3.187703259754926e-05,7.216523226816207e-05,8.033499034354463e-05,1.929936297528911e-05,1.616783265490085e-05,2024-04-06 22:21:48+00:00
AsahiLinux,Prestigious-Oil374,1712443066.0,A short time in the future gaming on asahi may very well be better than on macOS,t1_kydyknl,0.000354583346052,1.3746464446739992e-06,2.488636164343916e-05,7.529529830208048e-05,9.541391773382202e-05,1.8420094420434907e-05,1.2624391274584925e-05,2024-04-06 22:37:46+00:00
AsahiLinux,Prestigious-Oil374,1712452588.0,usually there are no updates unless something is ready for release. vulkan could be available tomorrow or a couple years from now.,t1_kyd7ec2,0.0004152403853368,1.5035392380013946e-06,2.9028688004473224e-05,7.76511660660617e-05,9.380429401062428e-05,2.1368292436818592e-05,1.4798587471887004e-05,2024-04-07 01:16:28+00:00
AsahiLinux,Prestigious-Oil374,1712476047.0,on arm linux you can use box64 to run 64 bit applications meant for intel/amd processors (x86_64),t1_kyfu2au,0.0004247953183948,1.7358984223392326e-06,3.360694972798228e-05,8.41851215227507e-05,8.599138527642936e-05,2.2932405045139603e-05,1.738196260703262e-05,2024-04-07 07:47:27+00:00
AsahiLinux,Prestigious-Oil374,1712504527.0,box64 can be compiled specifically for M1 chipshttps://github.com/ptitSeb/box64/blob/main/docs/COMPILE.md,t1_kyg01gf,0.000440704752691,1.7808235952543328e-06,4.35315232607536e-05,7.148279109969735e-05,9.447486809222028e-05,2.0802543076570142e-05,1.70447638083715e-05,2024-04-07 15:42:07+00:00
AsahiLinux,Prestigious-Oil374,1712504600.0,leave enough free space for three OSes and just run the installer script for each OS you want to install,t3_1by31w8,0.0004719663993455,1.591668592482165e-06,3.270962770329788e-05,7.798495062161237e-05,9.618254989618436e-05,2.5262806957471184e-05,1.5725951016065665e-05,2024-04-07 15:43:20+00:00
AsahiLinux,Prestigious-Oil374,1712626891.0,"You could take it upon yourself to keep tabs on all the asahi resources and write a up to date blog. I’m sure the community would appreciate that. There’s very rarely any announcements about features that aren’t ready for release. For instance, gl 4.6’s drop was sudden. Vulkan’s drop will also be sudden. So on and so on. However you can see on this subreddit how users of asahi are showing ways of using this distro that may lead some skeptics to end up trying it. Such posts include the recent box64 posts, several users providing scripts to natively run some classic PC games, and so on.Here’s an update for ya. Sergio Lopez has said yesterday that the updated krunvm microVM stuff will be pushed this week in a DM i had with him. So that will be exciting!",t3_1bzfffz,0.0005063836579211,1.3940415328761446e-06,4.042286309413612e-05,6.264098919928074e-05,0.000127091014292,1.824072387535125e-05,1.605468787602149e-05,2024-04-09 01:41:31+00:00
AsahiLinux,Prestigious-Oil374,1712630768.0,sorry I don’t follow that stuff  :<,t1_kypqdid,0.0006218454800546,1.7321099221589975e-06,5.458578743855469e-05,6.425241735996678e-05,0.0001056282126228,2.8294183721300215e-05,1.853431240306236e-05,2024-04-09 02:46:08+00:00
AsahiLinux,Prestigious-Oil374,1712701474.0,no it's dolphin-emu (gamecube),t1_kyu5dgx,0.0004341884341556,1.4573553244190407e-06,2.8273818315938115e-05,9.568580571794882e-05,0.000100827870483,2.2679876565234736e-05,1.3410801329882815e-05,2024-04-09 22:24:34+00:00
AsahiLinux,Prestigious-Oil374,1712704654.0,Que?,t1_kyu5wx2,0.0013484662631526,1.2852450481659616e-06,3.214576645405032e-05,0.0002820338122546,0.0003104003262706,3.0098504794295877e-05,1.3376519746088888e-05,2024-04-09 23:17:34+00:00
AsahiLinux,Prestigious-Oil374,1712739271.0,this will open the door if tso works,t1_kyw8qyp,0.0027951418887823,3.954075964429649e-06,0.0001809619861887,0.0003143225621897,0.0003204482200089,0.0001311007945332,8.719264587853104e-05,2024-04-10 08:54:31+00:00
AsahiLinux,Prestigious-Oil374,1712783103.0,personal DM,t1_kywgayw,0.0005497175152413,1.2361330163912498e-06,2.8742671929649077e-05,7.140784873627126e-05,0.0001330731465714,2.275980841659475e-05,1.2726656677841676e-05,2024-04-10 21:05:03+00:00
AsahiLinux,Prestigious-Oil374,1712786627.0,nope I spoke with him in an X dm a few days ago :p,t1_kyypwev,0.0015594215365126,4.31964872404933e-06,0.0002010302414419,0.0001080349320545,0.0001599747483851,5.096461973153055e-05,6.68229185976088e-05,2024-04-10 22:03:47+00:00
AsahiLinux,Prestigious-Oil374,1712816811.0,Use the installer from asahilinux.org. KDE is best supported but GNOME is mostly fine. For the Bluetooth make sure your WiFi is on a 5ghz band or Bluetooth devices may have issues. Speakers work about as well as on macOS (marcan did a great deal of work getting that done and its truly a work of art) Graphics you have full OpenGL 4.6 support and with future optimizations it’ll only get better. Vulkan will drop eventually but no eta there.,t3_1c17kq1,0.0003931692917831,1.43574402500235e-06,3.2192179787671193e-05,7.020799239398912e-05,0.0001009644984151,1.7721406038617715e-05,1.3327317901712377e-05,2024-04-11 06:26:51+00:00
AsahiLinux,Prestigious-Oil374,1712818430.0,a lot of people on this sub use hyprland but i've read that it may need manual configuration to work with the current graphics drivers.,t1_kz1hcyx,0.0006072147516533,1.5518645568590728e-06,3.690496669150889e-05,9.509137453278528e-05,0.0001261093275388,2.441794640617445e-05,2.0194664102746177e-05,2024-04-11 06:53:50+00:00
AsahiLinux,Prestigious-Oil374,1712818575.0,if you were using Arch then you probably were not using graphics drivers and running completely through software. Using modern asahi (fedora asahi linux) should provide a good user experience on Wayland desktops,t1_kz1jawk,0.0005110235651955,1.749347916302213e-06,3.71288406313397e-05,8.387526031583548e-05,9.3619579274673e-05,2.1470978026627563e-05,1.863380748545751e-05,2024-04-11 06:56:15+00:00
AsahiLinux,Prestigious-Oil374,1712821618.0,I’m pretty sure then you had very experimental non conformant openGL 3.1 drivers on the then-edge kernel. That experience is not reflective to the experience on modern asahi,t1_kz1m38y,0.0004469648411031,1.5101641110959465e-06,2.781582224997692e-05,0.0001026688696583,9.99008771032095e-05,1.818607961467933e-05,1.5945011909934692e-05,2024-04-11 07:46:58+00:00
AsahiLinux,Prestigious-Oil374,1712821797.0,Install the modern asahi and try it out. If you don’t like it then at least you tried it!,t1_kz1nnxf,0.0009154655272141,1.499142399552511e-06,3.352740532136522e-05,0.0001344443735433,0.0001674955128692,4.098523277207278e-05,1.5652814909117296e-05,2024-04-11 07:49:57+00:00
AsahiLinux,Prestigious-Oil374,1712854139.0,oh okay cool!,t1_kz3kx1i,0.0005369108403101,1.3238191058917437e-06,3.0059176424401812e-05,8.997434633783996e-05,0.0001171550466096,2.6130093829124235e-05,1.233844432135811e-05,2024-04-11 16:48:59+00:00
AsahiLinux,Prestigious-Oil374,1712957796.0,is this possible now?,t1_kzaagha,0.0003970554389525,1.2546548759928555e-06,2.2117905245977457e-05,8.334608719451353e-05,9.918280557030812e-05,1.8773558622342534e-05,1.216630971612176e-05,2024-04-12 21:36:36+00:00
AsahiLinux,Prestigious-Oil374,1712958214.0,damn. was hoping to install opensuse :(,t1_kzaowx4,0.9843598008155824,0.0298830773681402,0.9689825773239136,0.0088858529925346,0.5706446170806885,0.0011527467286214,0.007151698693633,2024-04-12 21:43:34+00:00
AsahiLinux,Prestigious-Oil374,1712959490.0,Is there a way to reverse the changes?,t3_1c25vsl,0.0004015468875877,1.4788661246711854e-06,2.3112723283702508e-05,8.92936295713298e-05,9.266044799005611e-05,2.2592343157157305e-05,1.348389923805371e-05,2024-04-12 22:04:50+00:00
AsahiLinux,Prestigious-Oil374,1712965580.0,"Heres how:Enable asahi-krun copr: https://copr.fedorainfracloud.org/coprs/slp/asahi-krun/Install krunvmEnter these commands: sudo dnf remove libkrunfw libkrun, sudo dnf install libkrunfw-4.0.0~asahikrun-1.fc39 libkrun-1.6.0~asahikrun-3.fc39Clone virglrenderer repo with asahi-native context: git clone https://gitlab.freedesktop.org/slp/virglrenderer.gitcd virglrenderergit checkout asahi-native-context-wipRun: meson setup build -Ddrm-asahi-experimental=trueThen do cd build then run sudo ninja installnow do buildah unshare, and run: krunvm create --cpus 6 --mem 6144 --name asahi-krun quay.io/slopezpa/asahi-krunthen do krunvm start asahi-krun /bin/bashnow run dhclient, then dnf install 'dnf-command(copr)'then add the asahi-mesa copr: dnf copr enable slp/asahi-mesathen install the packages necessary: dnf install mesa-libGL-devel mesa-vulkan-drivers mesa-libOSMesa mesa-libEGL mesa-libglapi mesa-va-drivers mesa-libGL mesa-dri-drivers mesa-vdpau-drivers mesa-libgbm-devel mesa-libgbm mesa-omx-drivers mesa-libd3d mesa-libxatracker-develthen exit then enter the vm: krunvm start asahi-krunThen you should have GL 4.6 with the graphics card :D",t3_1c2nvi2,0.0013613149058073,5.806808076158632e-06,0.0002264540380565,0.0001611089392099,0.0001550777087686,4.2079460399691015e-05,6.235122418729588e-05,2024-04-12 23:46:20+00:00
AsahiLinux,Prestigious-Oil374,1712966852.0,OMG you are amazing,t1_kzbb1sq,0.0004391131515149,1.203475562761014e-06,2.7036228857468817e-05,5.849936860613525e-05,0.0001156706784968,1.9379554942133836e-05,1.31476299429778e-05,2024-04-13 00:07:32+00:00
AsahiLinux,Prestigious-Oil374,1712972346.0,I just need to figure out how to update mesa within the FEX root and then we're golden. running FEXBash after doing this results in failure to load mesa in the translation context. I can update mesa within the FEX root if i figure out how to even access it in the first place.,t1_kzbeeq6,0.0467016138136386,9.395727829542012e-05,0.0026679565198719,0.0034992373548448,0.0008838615613058,0.0001065577307599,0.0512508265674114,2024-04-13 01:39:06+00:00
AsahiLinux,Prestigious-Oil374,1713025667.0,whats up?,t1_kzdq5iv,0.013224234804511,9.354860594612546e-06,0.0017674907576292,0.0003677684580907,0.0011011604219675,0.0003107037919107,0.0001342426112387,2024-04-13 16:27:47+00:00
AsahiLinux,Prestigious-Oil374,1713026799.0,default asahi install should make asahi the primary boot drive,t3_1c2yasr,0.0004881921049673,1.43257500440086e-06,2.604026485641953e-05,9.20538222999312e-05,0.0001144091656897,3.1671865144744515e-05,1.4661624845757617e-05,2024-04-13 16:46:39+00:00
AsahiLinux,Prestigious-Oil374,1713026902.0,entered what link? i'll help but please specify,t1_kzekiik,0.0005342432996258,2.293398210895248e-06,4.4974458432989195e-05,8.368384442292154e-05,8.038541272981092e-05,3.5437366022961214e-05,2.275969927723054e-05,2024-04-13 16:48:22+00:00
AsahiLinux,Prestigious-Oil374,1713027390.0,the correct context in which to invoke a krunvm is in a buildah unshare environment.Run:buildah unsharekrunvm start asahi-krun /bin/bash (for root environment to update GL),t1_kzelb74,0.0004670100461225,2.194595708715497e-06,4.2097122786799446e-05,9.404010779689996e-05,7.819047459634021e-05,2.3079510356183164e-05,2.1326577552827075e-05,2024-04-13 16:56:30+00:00
AsahiLinux,Prestigious-Oil374,1713030397.0,sii. i'm still trying to figure out how to run the same upgrade i had y'all run in the root enviornment of the microVM but within the FEX root context,t1_kzen32d,0.1647141724824905,0.0002054601063719,0.0074580591171979,0.0076630781404674,0.0021885773167014,0.0002217561122961,0.2041759639978408,2024-04-13 17:46:37+00:00
AsahiLinux,Prestigious-Oil374,1713032735.0,get rpmfusion: sudo dnf install https://mirrors.rpmfusion.org/free/fedora/rpmfusion-free-release-$(rpm -E %fedora).noarch.rpm https://mirrors.rpmfusion.org/nonfree/fedora/rpmfusion-nonfree-release-$(rpm -E %fedora).noarch.rpmthen run sudo dnf install telegram-desktop,t3_1c34b87,0.0004984365659765,1.959331484613358e-06,5.406570926425047e-05,7.879256008891389e-05,9.811371273826808e-05,2.151759144908283e-05,1.733283352223225e-05,2024-04-13 18:25:35+00:00
AsahiLinux,Prestigious-Oil374,1713034645.0,i'm persona non grata there,t1_kzdtvyp,0.0102656465023756,4.132221420150017e-06,0.0002644926717039,0.000836269930005,0.0017294925637543,0.000148291393998,5.756243990617804e-05,2024-04-13 18:57:25+00:00
AsahiLinux,Prestigious-Oil374,1713062010.0,were you able to dnf update mesa from within the FEXbash filesystem?,t1_kzfmdv6,0.0020315931178629,6.74111106491182e-06,0.0001937402266776,0.000382556405384,0.0001606107398401,2.8834423574153337e-05,0.0002319242339581,2024-04-14 02:33:30+00:00
AsahiLinux,Prestigious-Oil374,1713104863.0,I just need to be able to run dnf update mesa within the fex rootfs,t1_kzhdk07,0.0012268732534721,5.189163402974373e-06,0.0001672172074904,0.0001379751483909,9.542546467855571e-05,5.645404235110618e-05,6.009244316373952e-05,2024-04-14 14:27:43+00:00
AsahiLinux,Prestigious-Oil374,1713190595.0,i dislike kde but it's better than gnome on fedora asahi,t3_1c4malb,0.0061360853724181,3.7126842471479904e-06,0.000198843103135,0.0006456941482611,0.0016154974000528,7.687981269555166e-05,7.397726585622877e-05,2024-04-15 14:16:35+00:00
AsahiLinux,Prestigious-Oil374,1713193339.0,"here's how:so this is assuming you followed my previous guide and updated mesa within the microVM. this guide will allow you to chroot into the FEX-emu rootfs and then update mesa so games played through FEX-emu will also benefit from the driver upgrades done in february.Heres how you do it.log into root: krunvm start asahi-krun /bin/bashthen start dhclient: dhclientthen cd into the rootfs directory: cd /home/steam/.fex-emu/RootFS/Fedora_38then install qemu-user-static: dnf install qemu-user-staticthen run these commands: run: sudo mount -t binfmt_misc binfmt_misc /proc/sys/fs/binfmt_miscthen:echo ':qemu-x86_64:M::\x7fELF\x02\x01\x01\x00\x00\x00\x00\x00\x00\x00\x00\x00\x02\x00\x3E\x00:\xff\xff\xff\xff\xff\xff\xff\x00\xff\xff\xff\xff\xff\xff\xff\xff\xfe\xff\xff\xff:/usr/bin/qemu-x86_64-static:F' | sudo tee /proc/sys/fs/binfmt_misc/registerthen run ./unbreak_chroot.shthen perform the dnf upgrade mesa*after this exit the chroot then run ./break_chroot.shNotice that I didn't add slp's asahi-mesa copr to this setup. This is because when I try to upgrade mesa with that repo it wants to wipe all the 32 bit mesa drivers from the system and break lots of other dependencies. so upgrading with the default repos will solve this issue for nowif you have any issues running steam, go back into the chroot and run a full dnf upgrade (MAKE SURE THIS IS ONLY THROUGH THE FEX CHROOT. RUNNING DNF UPGRADE IN THE BASE MICROVM WILL BREAK THE STEAM USER)",t3_1c4occb,0.0165707375854253,6.604376540053636e-05,0.0032094840425997,0.0009231006260961,0.0005953786894679,0.0001418447209289,0.0026988058816641,2024-04-15 15:02:19+00:00
AsahiLinux,Prestigious-Oil374,1713199350.0,this is 32 bit game so it needs FEX. the performance is playable but not perfect.,t1_kzp7e2y,0.2377624213695526,0.0002809851721394,0.0291875191032886,0.0021432226058095,0.0031356362160295,0.0002593419048935,0.2671068012714386,2024-04-15 16:42:30+00:00
AsahiLinux,Prestigious-Oil374,1713227676.0,yes. definitely. this is the most complete solution able to be accomplished with what is publically available.,t1_kzre9y5,0.0004052657750435,1.269763970412896e-06,2.4393300918745808e-05,6.989835674175993e-05,0.0001090952137019,1.780933416739572e-05,1.3171699720260222e-05,2024-04-16 00:34:36+00:00
AsahiLinux,Prestigious-Oil374,1713229453.0,"gracias, enjoy my friend",t1_kzrhh67,0.0015542628243565,4.212355634081177e-06,0.0001132533870986,0.000217721419176,0.0002765974204521,5.2073584811296314e-05,4.9991558626061305e-05,2024-04-16 01:04:13+00:00
AsahiLinux,Prestigious-Oil374,1713236320.0,okay so please say where you got the errors? what command did you run beforehand? please post the info so i can help,t1_kzrywdm,0.0006014488753862,2.0147160739725223e-06,4.849423567065969e-05,7.32855114620179e-05,9.874200623016804e-05,3.0216187951737083e-05,2.1521120288525708e-05,2024-04-16 02:58:40+00:00
AsahiLinux,Prestigious-Oil374,1713239097.0,My bf helped me format the post correctly. Post one command at a time,t1_kzs4hwj,0.0013429571408778,2.9829486720700515e-06,0.0002563855377957,7.76553206378594e-05,0.0002761184005066,3.066435965592973e-05,4.4858123146696016e-05,2024-04-16 03:44:57+00:00
AsahiLinux,Prestigious-Oil374,1713240218.0,Don’t know what you’re talking about but sorry I’m super drunk rn celebrating this final guide,t1_kzs67z9,0.0397071205079555,2.5159040887956508e-05,0.0078305602073669,0.000646631757263,0.0070247622206807,0.0002799351350404,0.0012696818448603,2024-04-16 04:03:38+00:00
AsahiLinux,Prestigious-Oil374,1713282543.0,the only things youre doing to your host system is installing krunvm and building/installing virglrenderer. This shouldn't cause issues for anything.,t1_kzue4et,0.001002287492156,2.443081712044659e-06,6.0347705584717914e-05,0.0001379708119202,0.0001238618715433,3.2500276574864984e-05,3.3653166610747576e-05,2024-04-16 15:49:03+00:00
AsahiLinux,Prestigious-Oil374,1713283929.0,so much schizoposting on this board lately lol,t3_1c5h34d,0.0250284764915704,1.0780709999380632e-05,0.0021187963429838,0.0003752546617761,0.0068634334020316,0.0001366540236631,0.000466775993118,2024-04-16 16:12:09+00:00
AsahiLinux,Prestigious-Oil374,1713284313.0,pish poshit works. resizing the partition live wont do a damn thing wrong.the problems with asahi partitions arise when people do weird custom configs,t1_kzukj5b,0.306766539812088,0.000260012835497,0.3281082212924957,0.000945157429669,0.0143896518275141,0.0002884117129724,0.000893973163329,2024-04-16 16:18:33+00:00
AsahiLinux,Prestigious-Oil374,1713284446.0,https://github.com/AsahiLinux/docs/wiki/M1-Series-Feature-SupportIt appears you have an installer and given that you have an M1 series (will work for M2 as well) that you'll have full gl 4.6,t3_1c5czvg,0.0004037443432025,1.503444764239248e-06,3.575758819351904e-05,6.255753396544605e-05,9.898901043925434e-05,2.022984335781075e-05,1.4680932508781552e-05,2024-04-16 16:20:46+00:00
AsahiLinux,Prestigious-Oil374,1713284496.0,okay but why lol,t1_kzulm9i,0.0005650844541378,1.1315314623061568e-06,2.369832327531185e-05,0.0001128603253164,0.0001244314044015,2.4750766897341236e-05,1.0116070370713716e-05,2024-04-16 16:21:36+00:00
AsahiLinux,Prestigious-Oil374,1713284617.0,its a question implying some worry about resizing a live partition.,t1_kzulwr9,0.0004769694060087,1.3608605513582006e-06,2.5180570446536876e-05,9.01094899745658e-05,0.0001123045440181,2.2147181880427524e-05,1.3869343092665076e-05,2024-04-16 16:23:37+00:00
AsahiLinux,Prestigious-Oil374,1713285521.0,it's like all the privacy questions though. people being worried about nothing,t1_kzunr5b,0.0005291595589369,1.323074457104667e-06,2.7201223929296248e-05,8.230841922340915e-05,0.0001194108917843,2.057056553894654e-05,1.601670192030724e-05,2024-04-16 16:38:41+00:00
AsahiLinux,Prestigious-Oil374,1713286297.0,"okay try enabling rpmfusion: sudo dnf install https://mirrors.rpmfusion.org/free/fedora/rpmfusion-free-release-$(rpm -E %fedora).noarch.rpm https://mirrors.rpmfusion.org/nonfree/fedora/rpmfusion-nonfree-release-$(rpm -E %fedora).noarch.rpmthen install: dnf group install ""Development Tools""then: dnf upgrade --refresh",t1_kzuqmx9,0.0006687042186968,2.897881358876475e-06,9.597081952961162e-05,8.38667037896812e-05,9.54147326410748e-05,2.882122680603061e-05,2.853110527212266e-05,2024-04-16 16:51:37+00:00
AsahiLinux,Prestigious-Oil374,1713287128.0,"`sudo dnf install krunvm``sudo dnf remove libkrunfw libkrun`, `sudo dnf install libkrunfw-4.0.0~asahikrun-1.fc39 libkrun-1.6.0~asahikrun-3.fc39``sudo dnf install krunvm`",t1_kzutawt,0.0016591832973062,9.698639587440994e-06,0.0003917668072972,0.000162274489412,9.722919639898464e-05,6.98284711688757e-05,9.734070772537962e-05,2024-04-16 17:05:28+00:00
AsahiLinux,Prestigious-Oil374,1713287623.0,add --allowerasing,t1_kzuup4t,0.003561567980796,2.4885932816687273e-06,0.0001664455194259,0.0001287087798118,0.0008999101701192,7.23603880032897e-05,4.1786825022427365e-05,2024-04-16 17:13:43+00:00
AsahiLinux,Prestigious-Oil374,1713287912.0,if youre gonna comment this the least you could do is add the commands to get your version of virglrenderer onto the system.,t1_kzuvudh,0.0036828769370913,6.666516128461808e-06,0.0001976795610971,0.0003373583022039,0.0002123310841852,8.853495819494128e-05,0.000127441730001,2024-04-16 17:18:32+00:00
AsahiLinux,Prestigious-Oil374,1713288168.0,    git clone https://gitlab.freedesktop.org/slp/virglrenderer.git    cd virglrenderer    git checkout asahi-native-context-wip    meson setup build -Ddrm-asahi-experimental=true    cd build; sudo ninja installIf you setup build with that specific command then you should be able to complete the build,t1_kzuwaz0,0.0011467502918094,6.874925929878373e-06,0.0002432330948067,0.0001068269266397,8.903871639631689e-05,5.640313247567974e-05,6.608629337279126e-05,2024-04-16 17:22:48+00:00
AsahiLinux,Prestigious-Oil374,1713288533.0,it's important that you have the asahi-native-context part of virglrenderer otherwise the build will fail for libdrm.To fix this enable teohhanhui's copr: `dnf copr enable teohhanhui/asahi-krun`then run `dnf update virglrenderer --best --allowerasing`,t1_kzuxj0b,0.0008684280328452,3.10332620756526e-06,9.514216799288988e-05,0.0001107915741158,0.0001092814854928,3.0305243853945285e-05,3.818873665295541e-05,2024-04-16 17:28:53+00:00
AsahiLinux,Prestigious-Oil374,1713289949.0,"you can't run FEXBash stuff through root. you must exit the root microVM and enter the regular ""steam"" user`exit``krunvm start asahi-krun``FEXBash /usr/bin/steam",t1_kzv1ckv,0.021536398679018,5.5004755267873406e-05,0.0021980728488415,0.0017260597087442,0.000564221991226,0.0001329390797764,0.0033662139903753,2024-04-16 17:52:29+00:00
AsahiLinux,Prestigious-Oil374,1713290392.0,You should run the command through a `buildah unshare` session. you should not be entering the krunvm's root unless you run `krunvm start asahi-krun /bin/bash`,t1_kzv3agv,0.0012654369929805,2.9903942504461156e-06,8.910013275453821e-05,0.0001217061071656,0.0001408293610438,6.241737719392404e-05,3.603376535465941e-05,2024-04-16 17:59:52+00:00
AsahiLinux,Prestigious-Oil374,1713295625.0,"that's a confirmed bug in the latest mesa according to slp. i let him know his current fix no longer works and am waiting for a way to fix it.Steam should function as normal despite the transparency, though. Minimize all your other windows and install things through it like normal for now",t1_kzvfqtd,0.0004851979028899,1.543342705190298e-06,3.6456836824072525e-05,6.506104546133429e-05,0.0001091668164008,2.2922084099263884e-05,1.61647803906817e-05,2024-04-16 19:27:05+00:00
AsahiLinux,Prestigious-Oil374,1713295902.0,sorry,t1_kzv89nz,0.0004733958630822,9.465920811635442e-07,2.0454172044992447e-05,8.204370533348992e-05,0.0001228998589795,1.8933596948045303e-05,8.116856406559236e-06,2024-04-16 19:31:42+00:00
AsahiLinux,Prestigious-Oil374,1713368582.0,i would get a used m2 ultra mac studio :D,t3_1c65y0x,0.0005467739538289,2.2334197637974285e-06,5.334345041774213e-05,7.89133264333941e-05,9.084067278308794e-05,3.323257260490209e-05,2.3987979147932492e-05,2024-04-17 15:43:02+00:00
AsahiLinux,Prestigious-Oil374,1713456283.0,on a new install you should upgrade the system through the gui,t3_1c6um0t,0.0005776029429398,1.491059379077342e-06,2.8655174901359715e-05,8.779008931014687e-05,0.0001199915423057,3.3702366636134684e-05,1.5157496818574144e-05,2024-04-18 16:04:43+00:00
AsahiLinux,Prestigious-Oil374,1713465081.0,System update should be done through gui when first installed,t3_1c75247,0.0004154100024607,1.5747250472486485e-06,2.6464333132025782e-05,8.006341522559524e-05,9.42252008826472e-05,2.8163807655801065e-05,1.4690120224258862e-05,2024-04-18 18:31:21+00:00
AsahiLinux,Prestigious-Oil374,1713546841.0,Get a 16gb machine if possible. M1 or M2,t3_1c7qmde,0.0005470387986861,2.0612233129213564e-06,5.053814311395399e-05,7.059509516693652e-05,0.000102117890492,3.870138607453555e-05,2.191048588429112e-05,2024-04-19 17:14:01+00:00
AsahiLinux,Prestigious-Oil374,1713550384.0,yee hopefully the installer image gets updated,t1_l0bzfo7,0.0003750363539438,1.497352059232071e-06,2.5813686079345644e-05,8.050247561186552e-05,9.09197115106508e-05,2.2205000277608633e-05,1.42351173053612e-05,2024-04-19 18:13:04+00:00
AsahiLinux,Prestigious-Oil374,1713576524.0,"before my bf gave me his m1 max laptop i was using an m2 macbook pro and i think the presence of fans matters for running asahi on an 8gb machine. i don't remember having an issue with pink screen or anything for just basic web browsing and casually installing packages from command line. last i used that machine on asahi fedora was maybe 8 months ago. my bf uses that machine now but he says i can use it for asahi testing so maybe i will try to daily drive asahi on it for a week to provide an update. specs on that are: m2 base, 8gb ram, 256gb storage",t3_1c7qmde,0.000543866364751,2.4404596388194477e-06,6.91014647600241e-05,7.972597813932225e-05,9.737552318256348e-05,2.58333111560205e-05,3.008742532983888e-05,2024-04-20 01:28:44+00:00
AsahiLinux,Prestigious-Oil374,1713577884.0,if the tools for pentest are available for aarch64 then yes asahi linux would be perfectly fine for it,t3_1c8e108,0.0003995969018433,1.7404238406015793e-06,3.3195450669154525e-05,7.660099799977615e-05,8.384254761040211e-05,2.5118857593042776e-05,1.5104597878234928e-05,2024-04-20 01:51:24+00:00
AsahiLinux,Prestigious-Oil374,1713712370.0,yes I’ve used it as my daily driver since around last september,t3_1c9k6t6,0.00094052037457,1.799152073544974e-06,6.611389835597947e-05,0.0001050379141815,0.0001957267522811,2.796276930894237e-05,3.170389391016215e-05,2024-04-21 15:12:50+00:00
AsahiLinux,Prestigious-Oil374,1713719867.0,this is normal. try minimizing all windows and using steam on the desktop...easier to see that way lol,t1_l0kl0yj,0.0007676010136492,1.644865847083565e-06,2.896207479352597e-05,0.0001272634690394,0.0001448275725124,5.356621113605797e-05,1.921169678098522e-05,2024-04-21 17:17:47+00:00
AsahiLinux,Prestigious-Oil374,1713726451.0,metal api support on linux will never happen. the target is vulkan.,t1_l0m5jg5,0.0004336744896136,1.5607191699018583e-06,2.6892843379755504e-05,9.69384127529338e-05,9.747780859470367e-05,2.4148625016096048e-05,1.4646810086560436e-05,2024-04-21 19:07:31+00:00
AsahiLinux,Prestigious-Oil374,1713811608.0,Did you create a local account before adding an Apple ID to the machine?,t3_1cagzwo,0.0005700342007912,1.7217901131516555e-06,3.981239933636971e-05,7.612846093252301e-05,0.0001261993165826,2.1367253793869168e-05,2.117801886925008e-05,2024-04-22 18:46:48+00:00
AsahiLinux,Prestigious-Oil374,1713811847.0,That’s probably why then lol,t1_l0s4wg4,0.0003763715794775,1.0407925401523244e-06,2.1309093426680192e-05,7.995606574695557e-05,9.972965199267492e-05,1.644164694880601e-05,9.49290279095294e-06,2024-04-22 18:50:47+00:00
AsahiLinux,Prestigious-Oil374,1713812426.0,Pretty sure the first created user holds the machine owner credentials and therefore you’ll need the password to it…,t1_l0s5f3o,0.0006295056664384,2.1840019144292455e-06,3.6343291867524385e-05,0.0001092969105229,8.535162487532943e-05,2.955861418740824e-05,2.7117179342894815e-05,2024-04-22 19:00:26+00:00
AsahiLinux,Prestigious-Oil374,1713812862.0,Try ‘sudo passwd _mbuser’ in macOS and change the password of that account then maybe you can use it to install asahi,t1_l0s7dpr,0.0005665983189828,2.1946607375866733e-06,4.7143472329480574e-05,8.667395013617352e-05,8.318315667565912e-05,2.904034590756055e-05,2.438371848256793e-05,2024-04-22 19:07:42+00:00
AsahiLinux,Prestigious-Oil374,1713817224.0,No just use the regular password that you’d normally use in macOS for sudo and change the _mbuser password. Erasing your MacBook is an option but im not sure it’s the best option. If you’re gonna do it then make sure you have your iCloud info handy and important files backed up.,t1_l0sjm6a,0.0006122029735706,2.185729272241588e-06,5.1961829740321264e-05,8.354270539712161e-05,9.083565237233417e-05,2.944902553281281e-05,2.430255881336052e-05,2024-04-22 20:20:24+00:00
AsahiLinux,Prestigious-Oil374,1713829212.0,You need macOS on the device,t1_l0t5gd8,0.0008133445517159,1.8875207388191484e-06,4.1053259337786585e-05,9.554548159940168e-05,0.0001450337585993,6.515093991765752e-05,1.9804525436484255e-05,2024-04-22 23:40:12+00:00
AsahiLinux,Prestigious-Oil374,1713831642.0,Yes just never sign into iCloud on macOS,t1_l0td7rx,0.0004744945908896,1.3605011872641626e-06,2.3873984901001677e-05,0.0001028559418045,0.0001069191639544,2.3743226847727783e-05,1.2879152563982643e-05,2024-04-23 00:20:42+00:00
AsahiLinux,Prestigious-Oil374,1713832598.0,Should yea,t1_l0thkgy,0.0006892856326885,1.5519607359237853e-06,3.69924891856499e-05,0.0001143668414442,0.0001266131002921,3.575121081667021e-05,1.4584728887712116e-05,2024-04-23 00:36:38+00:00
AsahiLinux,Prestigious-Oil374,1713909404.0,When it’s ready for upgrade then it’ll be announced by marcan,t3_1cbglkt,0.0016701682470738,2.136088824045146e-06,4.9950718675972894e-05,0.0004297996929381,0.0002891294425353,7.919353083707392e-05,2.9035942134214565e-05,2024-04-23 21:56:44+00:00
AsahiLinux,Prestigious-Oil374,1713984240.0,asahi-diagnose in terminal!,t3_1cc25c9,0.000886989000719,1.5877055830060272e-06,3.9674818253843114e-05,0.0001183532367576,0.0001936331245815,4.545335832517594e-05,1.8083059330820103e-05,2024-04-24 18:44:00+00:00
AsahiLinux,Prestigious-Oil374,1714151727.0,Yes I want to eventually be able to provide an installer for asahi opensuse,t1_l1by58l,0.0003864196769427,1.5540310869255336e-06,2.617728205223102e-05,8.989586785901338e-05,9.042694728123024e-05,2.2396403437596742e-05,1.5272822565748356e-05,2024-04-26 17:15:27+00:00
AsahiLinux,Prestigious-Oil374,1714152128.0,Also you didn’t improve instructions you just provided a disclaimer,t1_l1by58l,0.0005780620267614,1.5429467339345138e-06,3.50055233866442e-05,7.076305337250233e-05,0.000109536362288,2.384631625318434e-05,1.5963787518558092e-05,2024-04-26 17:22:08+00:00
AsahiLinux,Prestigious-Oil374,1714327308.0,the mouse click emulation is probably why you're having this issue. i keep it off.,t3_1cfasq3,0.0046385689638555,3.4158917969762115e-06,0.0001648303004913,0.0001720311993267,0.0005373644526116,0.0002142535086022,5.645872442983091e-05,2024-04-28 18:01:48+00:00
AsahiLinux,Prestigious-Oil374,1714327903.0,use external mouse :D,t1_l1o7wxm,0.00063882174436,1.6541880540899e-06,3.59655859938357e-05,7.456561434082687e-05,0.0001262114528799,3.6658519093180075e-05,1.9833858459605835e-05,2024-04-28 18:11:43+00:00
AsahiLinux,Prestigious-Oil374,1714402683.0,in a couple weeks `krun` should be ready for use with fexemu to run i386 i686 x86_64 and x64 apps,t3_1cftxue,0.0037684575654566,1.5297311620088294e-05,0.0005935205845162,0.0002553847734816,0.0001343414769507,0.0001357736473437,0.0002293098514201,2024-04-29 14:58:03+00:00
AsahiLinux,Prestigious-Oil374,1714442940.0,KDE has night light. Gnome does not,t3_1cgcmt8,0.0010550275910645,2.214364030805882e-06,6.615861639147624e-05,0.0001144269481301,0.0002118934353347,4.977857679477893e-05,2.4133039914886467e-05,2024-04-30 02:09:00+00:00
AsahiLinux,Prestigious-Oil374,1714447996.0,Someone on the fedora asahi matrix in late 2023 claimed to have built a downstream flatpak extension to enable asahi mesa for flatland but I never got it to work and it was too broken to be useful in the long run. For flatpak we will have to wait for everything to be upstreamed.,t3_1cg1bhf,0.0003820325364358,1.3210394627094502e-06,3.0460720154223964e-05,6.350341573124751e-05,0.0001031196225085,1.712152879917994e-05,1.3356199815461878e-05,2024-04-30 03:33:16+00:00
AsahiLinux,Prestigious-Oil374,1714464383.0,https://github.com/teohhanhui/krun,t1_l1wsw8k,0.0004350188828539,1.2799131354768178e-06,3.2774885767139494e-05,7.28620434529148e-05,0.000114244656288,1.721212720440235e-05,1.1283686035312712e-05,2024-04-30 08:06:23+00:00
AsahiLinux,Prestigious-Oil374,1714464883.0,everything so far to get to steam booting up has been built manually,t1_l1wq21h,0.0008684132480993,1.7705782511256984e-06,4.4200951379025355e-05,9.867141488939524e-05,0.0001609529135748,5.447798321256414e-05,2.899488026741892e-05,2024-04-30 08:14:43+00:00
AsahiLinux,Prestigious-Oil374,1714465914.0,This stuff is gonna be easier to set up in weeks time,t1_l1wtgg6,0.0004822488117497,1.742117547109956e-06,4.65169177914504e-05,6.528010999318212e-05,9.36936994548887e-05,3.079923044424504e-05,1.8547714716987684e-05,2024-04-30 08:31:54+00:00
AsahiLinux,Prestigious-Oil374,1714467828.0,settings then search night light I think,t1_l1wxdu6,0.000621757179033,1.8395039660390464e-06,3.275891867815517e-05,0.0001095299885491,0.0001202954663312,5.079218317405321e-05,1.5894849639153108e-05,2024-04-30 09:03:48+00:00
AsahiLinux,Prestigious-Oil374,1714490926.0,slp said that tso will happen soon,t1_l1xskfq,0.0020569281186908,3.1123154258239083e-06,0.000251603370998,0.000103124344605,0.0003947876393795,4.978665310773067e-05,6.205037789186463e-05,2024-04-30 15:28:46+00:00
AsahiLinux,Prestigious-Oil374,1714522167.0,between tomorrow and decades from now,t3_1ch6yvh,0.0004833760904148,1.3680669326276984e-06,2.697215495572891e-05,8.958693797467276e-05,0.0001056877590599,2.755050445557572e-05,1.4365903552970847e-05,2024-05-01 00:09:27+00:00
AsahiLinux,Prestigious-Oil374,1714574009.0,This is on an M1 Max and Civilization V is a 32-bit (x86) game. It is perfectly playable with non-intrusive graphical abnormalities.,t3_1chnn29,0.0005929712788201,3.140245553368004e-06,6.82965328451246e-05,9.304269042331724e-05,7.330781227210537e-05,3.209895658073947e-05,3.426992770982906e-05,2024-05-01 14:33:29+00:00
AsahiLinux,Prestigious-Oil374,1714574964.0,I just tried it on iOS Reddit app and the Apollo app and both play...maybe the video isn't totally processed yet. Give it like 5 mins maybe,t1_l23kipp,0.0003986717201769,1.7372299225826282e-06,3.521485268720426e-05,6.944444612599909e-05,8.871132740750909e-05,2.4098335416056216e-05,1.744463406794239e-05,2024-05-01 14:49:24+00:00
AsahiLinux,Prestigious-Oil374,1714575166.0,I don't think that's true...,t1_l23kldp,0.0005521351704373,1.19744208859629e-06,2.501551716704853e-05,9.200748900184408e-05,0.0001359011075692,2.10033558687428e-05,1.102230180549668e-05,2024-05-01 14:52:46+00:00
AsahiLinux,Prestigious-Oil374,1714575223.0,that's a pretty good idea...i might buy one today,t3_1cgjr57,0.0004593043413478,1.506376861470926e-06,3.419024506001733e-05,7.291536167031154e-05,0.0001033178559737,2.6084057026309893e-05,1.568679726915434e-05,2024-05-01 14:53:43+00:00
AsahiLinux,Prestigious-Oil374,1714575520.0,I’m not sure how the context for the mangohud command is supposed to be issued. It’s installed in my asahi-krun box but if I enter krun fexbash then “mangohud ./Civ5XP” the game boots but with no fps counter,t1_l23mps2,0.0007682201685383,2.1480577743204776e-06,6.275063788052648e-05,0.0001051600702339,0.0001497030170867,4.032653305330314e-05,2.3622485969099216e-05,2024-05-01 14:58:40+00:00
AsahiLinux,Prestigious-Oil374,1714576357.0,That did it! Thank you!,t1_l23ol5i,0.0003500353777781,1.240790084011678e-06,2.6346533559262753e-05,5.621385571430437e-05,9.399491682415828e-05,1.6441976185888052e-05,1.1368995728844313e-05,2024-05-01 15:12:37+00:00
AsahiLinux,Prestigious-Oil374,1714578281.0,I wonder if I can just provide the distrobox for download…without any games of course :p if anyone can help me do that feel free to comment,t1_l23p729,0.0004542860260698,1.793562091734202e-06,3.655148975667544e-05,7.66184602980502e-05,8.780155621934682e-05,2.4335560738109052e-05,1.8567217921372503e-05,2024-05-01 15:44:41+00:00
AsahiLinux,Prestigious-Oil374,1714580619.0,I posted a clip of FPS data on the Fedora Asahi Matrix :D,t1_l23mps2,0.0003497628786135,1.4735825288880733e-06,2.6446068659424785e-05,7.101851952029392e-05,8.974178490461782e-05,1.7889953596750274e-05,1.363048613711726e-05,2024-05-01 16:23:39+00:00
AsahiLinux,Prestigious-Oil374,1714581611.0,for sure. a big part of this is because steam is not running and therefore is not eating up 32-bit resources :D,t1_l240qsa,0.0005343904485926,1.48931553667353e-06,3.404335075174458e-05,7.58069654693827e-05,0.0001166246001957,2.1378687961259857e-05,1.9552197045413777e-05,2024-05-01 16:40:11+00:00
AsahiLinux,Prestigious-Oil374,1714611193.0,"Teohhanhui’s working on packaging fex-emu and may work on packaging the needed slp-branched virglrenderer and mesa, along with the new krun",t1_l23p729,0.0056893024593591,9.668792699812911e-06,0.001061814604327,0.0002461485855747,0.0008723043138161,0.0001039396156556,0.0003609721316024,2024-05-02 00:53:13+00:00
AsahiLinux,Prestigious-Oil374,1714612045.0,I’ll try it right now,t1_l22e9sm,0.0007332820678129,2.33244827541057e-06,6.696083437418565e-05,6.304436101345345e-05,0.0001162117405328,8.60854925122112e-05,2.4592163754277863e-05,2024-05-02 01:07:25+00:00
AsahiLinux,Prestigious-Oil374,1714612772.0,"Comparisons with Rosetta won’t matter. The current method, even without TSO, can run libraries that Rosetta cannot run.",t1_l1wvl4q,0.000500559573993,1.1725873036994017e-06,2.5072764401556924e-05,7.51875268178992e-05,0.000132108471007,1.903601696540136e-05,1.206663546327036e-05,2024-05-02 01:19:32+00:00
AsahiLinux,Prestigious-Oil374,1714617945.0,Unfortunately it crashes steam after attempting to boot. This may or may not be solved with TSO support. I’ve read EAC isn’t as strict with GL renderers as it is with Vulkan so maybe it will work with TSO support. I like to play Smite but my bf loves apex legends so I wanna play with him,t1_l22e9sm,0.0090343775227665,2.041161678789649e-05,0.0017625004984438,0.0009491329547017,0.0009698180947452,9.431420039618388e-05,0.0006671936716884,2024-05-02 02:45:45+00:00
AsahiLinux,Prestigious-Oil374,1714623638.0,It will be a pinned post on this subreddit,t1_l276ad5,0.0003809393383562,1.3386461432673968e-06,2.4418226530542597e-05,7.040356285870075e-05,9.881915320875124e-05,2.0665082047344185e-05,1.233908005815465e-05,2024-05-02 04:20:38+00:00
AsahiLinux,Prestigious-Oil374,1714623728.0,Well sorry that it didn’t work out for you but as for a desktop experience it the most free development platform in the world,t1_l275ts5,0.0004417524614837,1.339790401289065e-06,2.828924698405899e-05,7.183964771684259e-05,0.00010500796634,1.914054155349731e-05,1.4804995771555696e-05,2024-05-02 04:22:08+00:00
AsahiLinux,Prestigious-Oil374,1714624987.0,macos even tho it has terminal never taught me in the way Asahi Linux has. I’ve never learned so much since just diving into Asahi on both my M2 base MacBook Pro and my M1 Max MacBook Pro,t1_l277xht,0.0004821292532142,1.709257958282251e-06,4.750772495754063e-05,7.517376070609316e-05,0.0001048884805641,2.2398495275410824e-05,1.8048946003546007e-05,2024-05-02 04:43:07+00:00
AsahiLinux,Prestigious-Oil374,1714667356.0,if you're talking about hardware acceleration then asahi currently doesn't offer support for hardware acceleration on the browser (or for encoding either),t3_1cidab3,0.0003655309265013,1.3908357914260705e-06,2.4851095076883212e-05,7.413595449179411e-05,9.61452242336236e-05,1.7652233509579673e-05,1.3383920304477217e-05,2024-05-02 16:29:16+00:00
AsahiLinux,Prestigious-Oil374,1714667484.0,current method isn't end-user ready. in a matter of weeks it'll be ready,t1_l28vkqj,0.0004872341232839,1.4864236845824053e-06,2.7381614927435297e-05,8.169472857844085e-05,0.0001047016048687,3.023711178684607e-05,1.5628145774826407e-05,2024-05-02 16:31:24+00:00
AsahiLinux,Prestigious-Oil374,1714675885.0,Looking forward to hardware accelerated video decoding,t1_l2a9wl2,0.0003941089089494,1.5160341035880265e-06,2.5459945391048677e-05,8.21932771941647e-05,9.542019688524306e-05,2.548044540162664e-05,1.396093375660712e-05,2024-05-02 18:51:25+00:00
AsahiLinux,Prestigious-Oil374,1714870044.0,Install multimedia codecs from RPMFusion. Flatpaks won’t be nice until the work is up streamed and bundled within the flatpaks,t3_1ck9at7,0.0005318786134012,1.70231669471832e-06,4.4248987251194194e-05,7.709874626016244e-05,0.0001121604946092,2.517944267310668e-05,2.0607340047718022e-05,2024-05-05 00:47:24+00:00
AsahiLinux,Prestigious-Oil374,1714874245.0,"De nada, cheers ✨",t1_l2mqysz,0.0015529543161392,1.8429984720569337e-06,7.005751103861257e-05,0.0001816062285797,0.0003984165959991,4.4158485252410173e-05,1.7016536730807275e-05,2024-05-05 01:57:25+00:00
AsahiLinux,Prestigious-Oil374,1714875604.0,You did what?,t3_1ckgvhc,0.0006242432864382,1.57298552494467e-06,4.1420113120693713e-05,8.285122021334246e-05,0.0001140638487413,2.676144686120097e-05,1.8694003301789053e-05,2024-05-05 02:20:04+00:00
AsahiLinux,Prestigious-Oil374,1714876248.0,Ehh. You need to install Asahi via instructions on asahilinux.org.,t1_l2mugfn,0.0009703707764856,3.425528120715171e-06,7.645417645107955e-05,0.0001458832994103,8.85310655576177e-05,4.039095801999793e-05,4.352558607934043e-05,2024-05-05 02:30:48+00:00
AsahiLinux,Prestigious-Oil374,1714926709.0,idk i wouldn't get it for her unless she's expressed interest in apple silicon and arm development. otherwise she'll like linux a lot more with an x86_64 machine,t3_1cknhql,0.0012592665152624,4.321486358094262e-06,0.0001548444124637,0.0001208557514473,0.0001144318594015,4.8660400352673605e-05,7.968030695337802e-05,2024-05-05 16:31:49+00:00
AsahiLinux,Prestigious-Oil374,1715110547.0,FEX works on asahi,t1_l30s6lw,0.6267277598381042,0.0008068890310823,0.0597334541380405,0.0072395191527903,0.0114021971821784,0.0005787665722891,0.6868860125541687,2024-05-07 19:35:47+00:00
AsahiLinux,Prestigious-Oil374,1715114936.0,not a terrible idea. just understand that it's an arm platform and you may have to build some stuff yourself if you can't find a binary for it.,t3_1cmijyf,0.0006530993268825,1.559978159093589e-06,4.424603321240283e-05,6.961790495552123e-05,0.0001284045283682,2.456345100654289e-05,2.142765515600331e-05,2024-05-07 20:48:56+00:00
AsahiLinux,Prestigious-Oil374,1715115014.0,"asahi is largely wayland-only (graphics drivers). xorg isn't supported beyond ""it boots."" Using an Xorg-only desktop is not recommended. If the desktop has a wayland session then you will have a better experience",t3_1clvv7q,0.0004668424953706,1.643912355575594e-06,3.3193009585374966e-05,9.529716044198722e-05,9.71736662904732e-05,1.880954368971288e-05,1.7275571735808626e-05,2024-05-07 20:50:14+00:00
AsahiLinux,Prestigious-Oil374,1715180089.0,wayland or xorg?,t3_1cn4dei,0.0028944513760507,3.8237517401285e-06,7.80763293732889e-05,0.0014178960118442,0.0003487318754196,3.7582471122732386e-05,4.093800453119911e-05,2024-05-08 14:54:49+00:00
AsahiLinux,Prestigious-Oil374,1715180155.0,even without an official release it's slightly misleading to imply FEX doesn't work on asahi,t1_l342lz3,0.0477671809494495,5.518017860595137e-05,0.0020631439983844,0.0023439773358404,0.0012474076356738,7.876259041950107e-05,0.0480140447616577,2024-05-08 14:55:55+00:00
AsahiLinux,Prestigious-Oil374,1715184419.0,possible. wouldn’t be the first time that an article has published misinformation on asahi,t1_l34z3yh,0.0004043024382553,1.3054249166088994e-06,2.544715243857354e-05,6.954339187359437e-05,0.0001030448111123,1.7991582353715785e-05,1.2419807717378715e-05,2024-05-08 16:06:59+00:00
AsahiLinux,Prestigious-Oil374,1715186218.0,Are you on KDE 5 or 6?,t1_l35gz06,0.0008333891164511,1.6648327800794505e-06,5.362555384635925e-05,9.730460442369804e-05,0.0001710176875349,3.3915355743374676e-05,1.8916560293291695e-05,2024-05-08 16:36:58+00:00
AsahiLinux,Prestigious-Oil374,1715187249.0,Got it. Cinnamon Wayland is on Fedora 40!,t1_l35jy26,0.0005146761541254,1.4614528254242032e-06,3.542310878401622e-05,8.30980934551917e-05,0.0001192793351947,2.5132445443887264e-05,1.422569948772434e-05,2024-05-08 16:54:09+00:00
AsahiLinux,Prestigious-Oil374,1715189253.0,Maybe it’s a KDE issue since it’s brand new,t1_l35q0lb,0.0003920377057511,1.264980141968408e-06,2.4466826289426535e-05,7.640832336619496e-05,0.0001006188758765,2.0032848624396135e-05,1.340172366326442e-05,2024-05-08 17:27:33+00:00
AsahiLinux,Prestigious-Oil374,1715216693.0,It’d be fine but you may have two file apps and two image view apps etc. also you may have to switch between sddm or gdm,t3_1cna3tc,0.0004737653653137,2.127586640199297e-06,4.267899930709973e-05,8.886770228855312e-05,7.962182280607522e-05,2.1329446099116467e-05,2.2773419914301485e-05,2024-05-09 01:04:53+00:00
AsahiLinux,Prestigious-Oil374,1715216766.0,Time shift btrfs doesn’t work out of the box.,t3_1cn9i8p,0.0005000765086151,1.3468172710418005e-06,2.92726526822662e-05,7.782664033584297e-05,0.0001211236449307,2.314759694854729e-05,1.3745410797127988e-05,2024-05-09 01:06:06+00:00
AsahiLinux,Prestigious-Oil374,1715351665.0,I don’t like time shift very much. Makes me just wish I had opensuse and snapper lol,t1_l3fp95w,0.0260661263018846,1.835936200222932e-05,0.0023440020158886,0.0010435912990942,0.0029656065162271,0.00102453911677,0.0006531404214911,2024-05-10 14:34:25+00:00
AsahiLinux,Prestigious-Oil374,1715351920.0,Si,t1_l3frhiq,0.0006442840094678,1.0479876664248875e-06,3.235363692510873e-05,8.915265061659738e-05,0.0001588007144164,2.3044627596391365e-05,7.18800265531172e-06,2024-05-10 14:38:40+00:00
AsahiLinux,Prestigious-Oil374,1715443036.0,You need the dependencies from teohhanhui/asahi-krun,t1_l3jqj06,0.0008703002240508,2.033825921898824e-06,6.323709385469556e-05,0.0001177120429929,0.0001526636478956,4.1356492147315294e-05,2.1972884496790357e-05,2024-05-11 15:57:16+00:00
AsahiLinux,Prestigious-Oil374,1715443230.0,"Eh what are you needing? Like, what are the errors",t1_l3k6p7z,0.0016655361978337,1.6418317727584508e-06,4.77047979074996e-05,0.0001335979904979,0.0002845274284482,4.96407737955451e-05,2.2722439098288305e-05,2024-05-11 16:00:30+00:00
AsahiLinux,Prestigious-Oil374,1715443650.0,Where did you get stuck?,t1_l3jkc9y,0.0039131580851972,3.4813210731954314e-06,0.0001345220807706,0.000270313641522,0.0004674948868341,0.0003019117284566,7.44429198675789e-05,2024-05-11 16:07:30+00:00
AsahiLinux,Prestigious-Oil374,1715445759.0,"There’s a new way to do krun. No need for krunvm. Install libkrun, sommelier, libkrun-devel, libkrunfw, libkrunfw-devel, virglrenderer from teohhanhui/asahi-krun",t1_l3lav8k,0.0020064492709934,4.193500899418723e-06,0.0002240018657175,0.0002045359578914,0.0002907495945692,3.945887874579057e-05,5.5853804951766506e-05,2024-05-11 16:42:39+00:00
AsahiLinux,Prestigious-Oil374,1715447654.0,did you clone `krun` from slp? you could also try `git clone --branch riir https://github.com/teohhanhui/krun`After you place the two generated files inside `~/.local/bin` Download this wrapper script: https://gist.github.comteohhanhui29260c7cf8428d9f568dc73611013824and extract it and place `krun.asahi` inside `~/.local/bin` and make sure to make it executable. You should be able to run `krun.asahi`,t1_l3lhhkk,0.0017043686239048,3.758619641303085e-06,0.0001508821587776,0.0001585120626259,0.0002113180235028,0.000111371933599,4.886710303253494e-05,2024-05-11 17:14:14+00:00
AsahiLinux,Prestigious-Oil374,1715448183.0,Run “sudo dnf install passt”,t1_l3lkbhi,0.0034858698491007,5.574909209826728e-06,0.0008441258687525,0.0001295361726079,0.0005311054992489,6.47509514237754e-05,8.793646702542901e-05,2024-05-11 17:23:03+00:00
AsahiLinux,Prestigious-Oil374,1715449110.0,https://gist.github.com/teohhanhui/29260c7cf8428d9f568dc73611013824,t1_l3lmnxj,0.0005835423362441,1.9221952243242413e-06,7.291542715393007e-05,7.26843936718069e-05,0.0001337689318461,1.7908199879457243e-05,2.3985143343452364e-05,2024-05-11 17:38:30+00:00
AsahiLinux,Prestigious-Oil374,1715449813.0,Okay enable slp/asahi-mesa-wip and run sudo dnf upgrade mesa-*,t1_l3lmm54,0.0010648545576259,2.5524745979055297e-06,0.0001370181853417,7.915087189758196e-05,0.0001851254637585,2.8609058063011616e-05,3.735304198926315e-05,2024-05-11 17:50:13+00:00
AsahiLinux,Prestigious-Oil374,1715450341.0,try replace `upgrade` with `install` or `reinstall`,t1_l3lozth,0.0005437901127152,1.5044314523038338e-06,2.967696127598174e-05,9.066941129276528e-05,0.0001155045829364,2.9460430596373044e-05,1.6611864339211024e-05,2024-05-11 17:59:01+00:00
AsahiLinux,Prestigious-Oil374,1715451466.0,If you can run the unbreak chroot with sudo and end up inside the FEX root then it’s working :),t1_l3lsk8r,0.1281060129404068,0.0001548714353702,0.0071253208443522,0.0044962791725993,0.0018550714012235,0.0001980066444957,0.1455473601818084,2024-05-11 18:17:46+00:00
AsahiLinux,Prestigious-Oil374,1715451811.0,You need this package: `sudo dnf install xorg-x11-server-Xwayland-devel` as well :3,t1_l3lohk8,0.0008107322501018,3.333289896545466e-06,9.026076440932228e-05,0.0001041657305904,9.473413956584408e-05,3.540875331964344e-05,3.6375364288687706e-05,2024-05-11 18:23:31+00:00
AsahiLinux,Prestigious-Oil374,1715452364.0,"https://gist.github.com/teohhanhui/042a395010d9946ceee14768736e3780 this is a good resource, too :)",t1_l3lsk8r,0.000426620041253,1.5441833056684118e-06,4.213817010167986e-05,6.592792487936094e-05,0.0001032487125485,1.603862074261997e-05,1.7118883988587186e-05,2024-05-11 18:32:44+00:00
AsahiLinux,Prestigious-Oil374,1715455120.0,Did you install the Xwayland devel package I mentioned?,t1_l3m0tdd,0.0005796697223559,1.6597582543909084e-06,4.64083204860799e-05,8.461135439574718e-05,0.0001225362793775,2.322009277122561e-05,1.9107914340565912e-05,2024-05-11 19:18:40+00:00
AsahiLinux,Prestigious-Oil374,1715455552.0,No. The only thing u need to do in the chroot is add the asahi-mesa copr and install the i386 and x86_64 asahi mesa drivers,t1_l3m2ec7,0.0012991211842745,4.24721974923159e-06,0.000141542754136,0.0001526832929812,0.0001133474870584,5.159416832611896e-05,5.265614163363352e-05,2024-05-11 19:25:52+00:00
AsahiLinux,Prestigious-Oil374,1715792049.0,Wao nice. I thought about installing Debian.,t3_1csp62f,0.0005119845154695,1.4805510772930577e-06,2.9897821150370874e-05,0.00010013282008,0.0001104710827348,2.4581027901149355e-05,1.5048180102894548e-05,2024-05-15 16:54:09+00:00
AsahiLinux,Prestigious-Oil374,1715795528.0,woa how do you get the top bar,t3_1cs8uir,0.0008020912064239,1.876019268820528e-06,5.51664452359546e-05,0.0001139195082942,0.0001512744202045,4.124161205254495e-05,2.6332918423577212e-05,2024-05-15 17:52:08+00:00
AsahiLinux,Prestigious-Oil374,1715929885.0,Steam running again but with updated fex and stuff,t1_l4f2r1a,0.0013446323573589,3.31479600390594e-06,0.0001508575660409,0.00011974156223,0.000171299703652,3.6927038308931515e-05,6.473440589616075e-05,2024-05-17 07:11:25+00:00
AsahiLinux,Prestigious-Oil374,1715936170.0,I’ll post some instructions later today,t1_l4f1o8q,0.0004041902720928,1.5918096778477777e-06,3.054650733247399e-05,6.811363709857687e-05,9.022023004945368e-05,2.6458350475877523e-05,1.5280311345122755e-05,2024-05-17 08:56:10+00:00
AsahiLinux,Prestigious-Oil374,1715938719.0,https://www.reddit.com/r/AsahiLinux/comments/1cu0rpx/updated_krun_instructions_run_i686x86_64/,t1_l4f1o8q,0.0003873509413097,1.8008599909080658e-06,4.0256560168927535e-05,6.824913725722581e-05,8.213826367864385e-05,1.8579032257548533e-05,1.704967326077167e-05,2024-05-17 09:38:39+00:00
AsahiLinux,Prestigious-Oil374,1716003656.0,I uploaded the Fedora 40 rootfs on mega,t1_l4jsult,0.0004915758618153,1.7239491398868267e-06,4.0321534470422193e-05,8.545253513148054e-05,0.0001024118100758,2.605253757792525e-05,1.6406031136284582e-05,2024-05-18 03:40:56+00:00
AsahiLinux,Prestigious-Oil374,1716046070.0,wrong,t1_l4j5bax,0.0005973512888886,9.079921596821804e-07,1.616801819182001e-05,0.0001089814686565,0.0001530510489828,2.3314931240747683e-05,8.217626600526273e-06,2024-05-18 15:27:50+00:00
AsahiLinux,Prestigious-Oil374,1716046129.0,Older source games will work but newer valve games like Tf2 and CS2 will not work yet. Anything that requires a Vulkan driver will not work.,t3_1cui7lo,0.0004556195926852,1.6403042764068232e-06,3.511572504066862e-05,7.852695125620812e-05,9.344449790660292e-05,2.3581611458212137e-05,1.7667203792370856e-05,2024-05-18 15:28:49+00:00
AsahiLinux,Prestigious-Oil374,1716047543.0,box64 isn’t used to run steam,t1_l4m4n3n,0.0013819547602906,2.53314010478789e-06,8.457505464321002e-05,0.0001097600106731,0.0001676365936873,4.250377969583497e-05,5.281113044475205e-05,2024-05-18 15:52:23+00:00
AsahiLinux,Prestigious-Oil374,1716084953.0,https://gist.github.com/teohhanhui/042a395010d9946ceee14768736e3780,t1_l4oluow,0.0005930314655415,2.0219590624037664e-06,7.676487439312041e-05,7.366709905909374e-05,0.0001278817944694,1.8229593479190953e-05,2.498895446478855e-05,2024-05-19 02:15:53+00:00
AsahiLinux,Prestigious-Oil374,1716085249.0,https://gist.github.com/teohhanhui/042a395010d9946ceee14768736e3780#file-krun-asahiafter you follow the guide then go back into the FEX RootFS chroot and then run `dnf install python3-cairo-devel python3-devel python3 lutris` then exit and run the break_chroot.sh script as sudo. then you should be able to run lutris by running `FEXBash.asahi` then from fexbash you run `python3 /usr/bin/lutris`,t1_l4ols0j,0.0460689291357994,9.27442597458139e-05,0.0069603407755494,0.0021850678604096,0.0018420823616907,0.0001737337006488,0.012789886444807,2024-05-19 02:20:49+00:00
AsahiLinux,Prestigious-Oil374,1716090766.0,heard from where? I have posted a couple videos on this subreddit showing x86 games running at near-native performance,t1_l4owkxn,0.0004746350168716,1.868789240688784e-06,3.505676795612089e-05,9.351206244900824e-05,8.160332799889147e-05,2.3792843421688303e-05,2.079821570077911e-05,2024-05-19 03:52:46+00:00
AsahiLinux,Prestigious-Oil374,1716091044.0,yes it's possible and recommended to do this inside of something like distrobox. however this is eventually going to eventually how asahi handles i386 and x86_64 software so if you have a spare asahi machine (that doesnt have files) you should consider performing it on the host system :),t1_l4k7vy3,0.0006052735843695,2.9430109407257987e-06,6.529853999381885e-05,9.089691593544558e-05,7.618620293214917e-05,2.6996396627509966e-05,3.4026925277430564e-05,2024-05-19 03:57:24+00:00
AsahiLinux,Prestigious-Oil374,1716091775.0,It just hurt my feelings that you can affirmatively say something like this to someone looking to try out Asahi. There has been nothing but posts lately showing some rapid progress in transparent i386/x86_64 support for it.Steam works fine. Most i386/i686 games will work well. Games that don’t have an openGL renderer will not work.,t1_l4m4n3n,0.0006064700428396,2.8237175229151035e-06,6.195512105477974e-05,0.0001074713436537,8.025015267776325e-05,2.5037164959940128e-05,3.0195273211575113e-05,2024-05-19 04:09:35+00:00
AsahiLinux,Prestigious-Oil374,1716091891.0,You should look at some of the OpenGL/asahi specific pull requests on the ryujinx GitHub. You can get some arm binaries for it that will provide much more improved speed,t1_l4oxvld,0.0003987458476331,1.4792130968999118e-06,3.00405481539201e-05,7.348025974351913e-05,9.693433821666986e-05,2.032025440712459e-05,1.6065134332166053e-05,2024-05-19 04:11:31+00:00
AsahiLinux,Prestigious-Oil374,1716091940.0,Back when portal 2 was tested by Lina there was like 2 years less of graphics driver development than there is now,t1_l4oxvld,0.0003733018820639,1.2925820556120016e-06,2.604130895633716e-05,7.167008152464405e-05,9.800328552955762e-05,1.7798858607420698e-05,1.3755559848505072e-05,2024-05-19 04:12:20+00:00
AsahiLinux,Prestigious-Oil374,1716091972.0,Dolphin-emu should be working absolutely fine.,t1_l4oxvld,0.0004944875254295,1.5471150618395768e-06,3.9260317862499505e-05,7.3695344326552e-05,0.0001163542328868,2.501284507161472e-05,1.6225107174250297e-05,2024-05-19 04:12:52+00:00
AsahiLinux,Prestigious-Oil374,1716094354.0,I had read the post while already in a shitty mood and was very rude. I apologize for that.You can get it running with: https://gist.github.com/teohhanhui/042a395010d9946ceee14768736e3780You also need to run `sudo dnf install virglrenderer --best --allowerasing` and `sudo dnf install xorg-x11-server-Xwayland-devel` when you've added the asahi-krun repo,t1_l4p2x1o,0.7687157988548279,0.0013002896448597,0.6274368166923523,0.002401704667136,0.0696010366082191,0.0004653889045584,0.0048935282975435,2024-05-19 04:52:34+00:00
AsahiLinux,Prestigious-Oil374,1716109833.0,I’ve used it for so long now that it’s more annoying to use the trackpad with macOS lol,t3_1cvbf3k,0.0034128439147025,3.5774103253061185e-06,0.0001914333261083,0.0001618924434296,0.0003250820154789,6.576541636604816e-05,8.328618423547596e-05,2024-05-19 09:10:33+00:00
AsahiLinux,Prestigious-Oil374,1716110012.0,I’ve been reinstalling almost every day since doing krun/fex testing…maybe if you’ve had an internet outage in the middle of an update? Sometimes the latest Fedora 40 asahi updates will take a long time…more than you’d expect. Don’t bother the computer during the first OS updates lol,t3_1cva3el,0.0007309281500056,2.341585968679283e-06,6.348633905872703e-05,9.088668593904004e-05,9.957219299394636e-05,3.0549621442332864e-05,2.7219777621212415e-05,2024-05-19 09:13:32+00:00
AsahiLinux,Prestigious-Oil374,1716134219.0,FEX-emu/krun runs steam on asahi :),t1_l4evx3z,0.4666412472724914,0.0006148237152956,0.0762721672654151,0.004263209644705,0.0108255036175251,0.000558405125048,0.351708173751831,2024-05-19 15:56:59+00:00
AsahiLinux,Prestigious-Oil374,1716138714.0,what exactly is opencl,t1_l4qp4p0,0.0007046137470752,2.0809627585549606e-06,4.287350020604208e-05,0.0001020411800709,0.0001060883078025,3.0834085919195786e-05,2.4040422431426123e-05,2024-05-19 17:11:54+00:00
AsahiLinux,Prestigious-Oil374,1716144924.0,With lutris and selecting “Proton Experimental” yes you can,t1_l4rs68c,0.0005929348408244,1.56478927237913e-06,4.381401595310308e-05,7.538553472841159e-05,0.0001369501405861,1.9732508008019067e-05,1.8722157619777136e-05,2024-05-19 18:55:24+00:00
AsahiLinux,Prestigious-Oil374,1716161621.0,"You can attempt to, for sure",t1_l4s3hdz,0.0005784348468296,1.5722297348474967e-06,3.489004302537069e-05,7.803643529769033e-05,0.0001214471267303,3.837708572973497e-05,1.614638495084364e-05,2024-05-19 23:33:41+00:00
AsahiLinux,Prestigious-Oil374,1716164243.0,it's an example,t1_l4t1878,0.0004032971919514,1.085858002625173e-06,2.057513665931765e-05,7.117364293662831e-05,0.0001046002143993,1.6804118786239997e-05,1.047238038154319e-05,2024-05-20 00:17:23+00:00
AsahiLinux,Prestigious-Oil374,1716222003.0,Nope,t1_l4uu0p6,0.0006822953582741,1.1551426268852083e-06,2.244806455564685e-05,0.0001366006035823,0.0001363006886094,2.891372787416913e-05,1.5522920875810087e-05,2024-05-20 16:20:03+00:00
AsahiLinux,Prestigious-Oil374,1716222318.0,What’s cuda,t1_l4vhv2z,0.3080697357654571,0.0001079880676115,0.010941419750452,0.0421620681881904,0.177539125084877,0.0003434093378018,0.00180180137977,2024-05-20 16:25:18+00:00
AsahiLinux,Prestigious-Oil374,1716223214.0,Idk the guide they posted was for macOS but probably could be built on linux,t1_l4w7bd5,0.0004140290839131,1.48156937029853e-06,3.0533195968018845e-05,7.924489909783006e-05,9.919935109792276e-05,2.059027065115515e-05,1.4189090506988578e-05,2024-05-20 16:40:14+00:00
AsahiLinux,Prestigious-Oil374,1716227776.0,"Civ 5, Garrys Mod x86, Portal 1 & 2, CS Source, Civ 6 (seg faults when loading a map). Gonna test more softwares and games today",t1_l4wd7fp,0.0004227225726936,1.8290327261638597e-06,4.047304901177995e-05,7.743251626379788e-05,8.988352783489972e-05,2.282666901010089e-05,1.8064098185277544e-05,2024-05-20 17:56:16+00:00
AsahiLinux,Prestigious-Oil374,1716228169.0,"We're getting to the point where x86 apps ""just work"" like they do on macOS",t1_l4wm4r7,0.00042182917241,1.6147828318935351e-06,3.118216045550071e-05,8.681250619702041e-05,9.040530130732805e-05,2.0858999050688e-05,1.675722887739539e-05,2024-05-20 18:02:49+00:00
AsahiLinux,Prestigious-Oil374,1716228498.0,This is the complete up to date tutorial: https://gist.github.com/teohhanhui/042a395010d9946ceee14768736e3780,t1_l4wnwjo,0.0004209078906569,1.7218147831954411e-06,4.307472045184113e-05,7.039093907224014e-05,8.764462836552411e-05,1.8015842215390876e-05,1.7338654288323596e-05,2024-05-20 18:08:18+00:00
AsahiLinux,Prestigious-Oil374,1716228899.0,"Civ 5, Steam, Lutris, Bottles, and PlayOnLinux are all x86 apps",t1_l4wpf1b,0.000550907687284,2.122244723068434e-06,4.377041841507889e-05,0.0001232385257026,8.800810610409826e-05,2.3315753423958085e-05,2.0151839635218497e-05,2024-05-20 18:14:59+00:00
AsahiLinux,Prestigious-Oil374,1716237478.0,"Data is stored in your normal user directories. Stuff like USB/peripherals with special drivers may not work quite yet. It's more of ymmv right now. It's getting close, though.",t1_l4x69yz,0.000457651738543,1.613949848433549e-06,3.5330602258909494e-05,7.999641093192622e-05,9.69160464592278e-05,2.086011227220297e-05,1.8370132238487713e-05,2024-05-20 20:37:58+00:00
AsahiLinux,Prestigious-Oil374,1716237717.0,Method: `Bottles` running under `FEX-emu` with `lutris-ge-lol-p8-12` runner,t3_1cwploq,0.4316271543502807,0.0006606825627386,0.0580045655369758,0.0092093618586659,0.0124699715524911,0.0005057597300037,0.2800360321998596,2024-05-20 20:41:57+00:00
AsahiLinux,Prestigious-Oil374,1716239172.0,If you have an 8GB machine you’ll probably have a lot of system crashes when testing x86 softwares…especially windows software xD I am testing on my 8GB machine rn and resisting the urge to just use my 32gb one,t1_l4xhtp4,0.000776698521804,2.819721657942864e-06,6.612285505980253e-05,0.0001247719337698,0.0001068390556611,3.440467480686493e-05,4.755522604682483e-05,2024-05-20 21:06:12+00:00
AsahiLinux,Prestigious-Oil374,1716243745.0,is there any,t1_l4xprn1,0.0004443011712282,1.2507923656812636e-06,2.332896474399604e-05,8.177843847079203e-05,0.0001063745803548,1.9773555322899483e-05,1.251165485882666e-05,2024-05-20 22:22:25+00:00
AsahiLinux,Prestigious-Oil374,1716252033.0,Which one?,t1_l4yaon6,0.0004498153284657,1.1390583267711918e-06,2.1630728952004578e-05,8.475089998682961e-05,0.000107170882984,2.161744851036929e-05,1.126057395595126e-05,2024-05-21 00:40:33+00:00
AsahiLinux,Prestigious-Oil374,1716258350.0,The Touch Bar is an asahi driver,t1_l4yspbj,0.0007987691788002,1.2992247775400756e-06,4.758920840686187e-05,7.142820686567575e-05,0.0002317509497515,2.3227999918162823e-05,1.892861473606899e-05,2024-05-21 02:25:50+00:00
AsahiLinux,Prestigious-Oil374,1716259183.0,"Once I get it to take up my whole screen, I will xD",t1_l4yty7k,0.0018750543240457,6.211989330040524e-06,0.0001871533459052,0.0001481849467381,0.0001116504281526,0.000185270604561,9.929144289344548e-05,2024-05-21 02:39:43+00:00
AsahiLinux,Prestigious-Oil374,1716269620.0,https://youtu.be/6InJ6vqzuLo,t1_l4yty7k,0.0003923021722584,1.4430991086555878e-06,3.386522803339176e-05,6.638752529397607e-05,9.715218038763852e-05,1.920288741530385e-05,1.2151815099059604e-05,2024-05-21 05:33:40+00:00
AsahiLinux,Prestigious-Oil374,1716270245.0,https://youtu.be/Xysk33ucvzg,t1_l4yty7k,0.0006804531440138,1.7731669004206196e-06,6.490401574410498e-05,8.176121627911925e-05,0.0001567878789501,2.025424146268051e-05,1.8379314496996813e-05,2024-05-21 05:44:05+00:00
AsahiLinux,Prestigious-Oil374,1716271173.0,https://youtu.be/LoMg7tMCiIg,t1_l4yty7k,0.0007645229343324,1.973078042283305e-06,8.412911120103672e-05,7.914144225651398e-05,0.0001702820445643,2.3229529688251205e-05,1.9113089365419e-05,2024-05-21 05:59:33+00:00
AsahiLinux,Prestigious-Oil374,1716272048.0,I ended up just trying regular wine-ge and it works fine,t1_l4zhlrf,0.0007049673586152,1.84608734343783e-06,6.799325637985021e-05,7.986903801793233e-05,0.000162381445989,3.294095949968323e-05,2.6548052119323984e-05,2024-05-21 06:14:08+00:00
AsahiLinux,Prestigious-Oil374,1716307514.0,In my experience armcord has been a lot buggier than webcord,t1_l50d17a,0.1865274459123611,9.572723502060398e-05,0.0425727292895317,0.0025622206740081,0.0804479569196701,0.0002470076142344,0.0032340891193598,2024-05-21 16:05:14+00:00
AsahiLinux,Prestigious-Oil374,1716308562.0,The regular wine-ge works fine :D,t1_l503vjd,0.0008255497086793,1.964651119124028e-06,7.22529657650739e-05,9.417274122824892e-05,0.0001871947606559,4.256640750099905e-05,2.501403832866345e-05,2024-05-21 16:22:42+00:00
AsahiLinux,Prestigious-Oil374,1716310489.0,I use dnf5 whenever I can,t1_l51kv8f,0.0009098466834984,3.740015699804644e-06,0.0001841461053118,7.516086043324322e-05,0.000114451504487,3.5030334402108565e-05,4.20452852267772e-05,2024-05-21 16:54:49+00:00
AsahiLinux,Prestigious-Oil374,1716316454.0,Fedora Asahi Remix,t1_l520h09,0.0006332892808131,1.3470163366946508e-06,3.653737439890392e-05,8.661164611112326e-05,0.0001532679161755,2.177569149353076e-05,1.2646829418372365e-05,2024-05-21 18:34:14+00:00
AsahiLinux,Prestigious-Oil374,1716321679.0,very nice! You should try to package `libkrun` `virglrenderer` `sommelier` `asahi-mesa-wip` and `fex-emu` for it :p,t3_1cxggr5,0.0020661395974457,6.895688329677796e-06,0.0002995637769345,0.0001774000702425,0.0001634428772376,5.976943066343665e-05,0.0001023589866235,2024-05-21 20:01:19+00:00
AsahiLinux,Prestigious-Oil374,1716341744.0,This guide is outdated: use https://gist.github.com/teohhanhui/042a395010d9946ceee14768736e3780,t1_l53vs2f,0.0004640542028937,1.597389200469479e-06,3.7606703699566424e-05,7.174236088758335e-05,9.74096983554773e-05,1.7454303815611638e-05,1.63493041327456e-05,2024-05-22 01:35:44+00:00
AsahiLinux,Prestigious-Oil374,1716347983.0,"what does it mean that ""Steam uses GPU accelerated rendering now"" did it not before? Does it run at reasonable speed now?",t3_1cxqbhi,0.0003808629116974,1.3749612435276504e-06,2.3762004275340587e-05,7.893500151112676e-05,9.608518303139137e-05,1.8561180695542134e-05,1.3678719369636385e-05,2024-05-22 03:19:43+00:00
AsahiLinux,Prestigious-Oil374,1716348057.0,"what does it mean that ""Steam uses GPU accelerated rendering now"" did it not before? Does it run at reasonable speed now?",t1_l54am9f,0.0003808629116974,1.3749612435276504e-06,2.3762004275340587e-05,7.893500151112676e-05,9.608518303139137e-05,1.8561180695542134e-05,1.3678719369636385e-05,2024-05-22 03:20:57+00:00
AsahiLinux,Prestigious-Oil374,1716352157.0,wow it doesn't open and close repeatedly anymore...ty!,t1_l54c92y,0.0159461796283721,1.4059995010029525e-05,0.0043461751192808,0.0002637656580191,0.0018597859889268,0.0002225947537226,0.0008135619573295,2024-05-22 04:29:17+00:00
AsahiLinux,Prestigious-Oil374,1716360859.0,Is it usable with anything?,t1_l54l8l3,0.0003944077179767,1.3751342748946629e-06,2.448634222673718e-05,8.292093116324395e-05,9.72159396042116e-05,1.920594513649121e-05,1.3099471289024224e-05,2024-05-22 06:54:19+00:00
AsahiLinux,Prestigious-Oil374,1716401245.0,“Games on Wine are not working yet due to 16k pagesize limitation”You can use this with krun and run wine,t1_l57cod4,0.0006669451249763,1.864034970822104e-06,5.776187754236162e-05,7.514688331866637e-05,0.0001316668058279,2.665576903382316e-05,2.5946243113139644e-05,2024-05-22 18:07:25+00:00
AsahiLinux,Prestigious-Oil374,1716403336.0,"Some x86 linux apps may still be expecting a 4K page size. Also, 32 bit apps for linux still won’t work without Box86 (or FEX, which we have)",t1_l57jop2,0.0011678676819428,7.5713114711106755e-06,0.0001664604642428,0.000179078488145,8.073841308942065e-05,3.2027684937929735e-05,0.0002180727315135,2024-05-22 18:42:16+00:00
AsahiLinux,Prestigious-Oil374,1716407293.0,I wonder if binfmt could use box64 for x86_64 libs and FEX for i686 libs at the same time…,t1_l57v7nj,0.0051155248656868,3.005367216246668e-05,0.0007264417945407,0.0005448836018331,0.0001500455837231,7.029823609627783e-05,0.0017815314931795,2024-05-22 19:48:13+00:00
AsahiLinux,Prestigious-Oil374,1716409288.0,"Yes, 64 bit game binaries. Not 32 bit game binaries. Civilization V linux doesn’t work because it’s a 32 bit game.",t1_l57zgso,0.0006913389079272,3.398802846277249e-06,8.46302427817136e-05,0.0001071228543878,7.492342410841957e-05,3.2027470297180116e-05,5.232885814621113e-05,2024-05-22 20:21:28+00:00
AsahiLinux,Prestigious-Oil374,1716409896.0,Box64 on 16K kernel: runs amd64 binaries (64-bit Linux programs for Intel/AMD processors)Box64 on 4K kernel: runs amd64 binaries and wine new-wow64 (32 bit and 64 bit windows programs can be run)FEX-emu: Requires 4K kernel (krun provides this functionality on asahi) and can run x86 and amd64 linux apps (32 bit and 64 bit Linux programs) and wine (behaves as expected on AMD or Intel machine),t1_l580w8c,0.0004448858089745,1.8500247733754804e-06,4.785356213687919e-05,7.88223187555559e-05,9.50123358052224e-05,1.9483772121020593e-05,2.0031626263516955e-05,2024-05-22 20:31:36+00:00
AsahiLinux,Prestigious-Oil374,1716410004.0,Box64 on 16K kernel (stock asahi): runs amd64 binaries (64-bit Linux programs for Intel/AMD processors)Box64 on 4K kernel (krun): runs amd64 binaries and wine new-wow64 (32 bit and 64 bit windows programs can be run)FEX-emu: Requires 4K kernel (krun provides this functionality on asahi) and can run x86 and amd64 linux apps (32 bit and 64 bit Linux programs) and wine (behaves as expected on AMD or Intel machine),t1_l57zgso,0.0005036991205997,2.1792936877318425e-06,6.269172445172444e-05,8.409846486756578e-05,9.71031840890646e-05,1.894468550744932e-05,2.9766015359200537e-05,2024-05-22 20:33:24+00:00
AsahiLinux,Prestigious-Oil374,1716412354.0,yes as it runs as it would on any other amd/intel processor :),t1_l589gkw,0.0003927255747839,1.526091068626556e-06,2.59003081737319e-05,9.429540659766644e-05,8.922366396291181e-05,2.0706545910798013e-05,1.4244487829273568e-05,2024-05-22 21:12:34+00:00
AsahiLinux,Prestigious-Oil374,1716412393.0,x86 (32-bit) linux programs will never work on box64. You need Box86 or FEX.,t1_l5893mm,0.0032316735014319,1.061605325958226e-05,0.0004298119456507,0.000308038375806,0.0001784231717465,5.095592132420279e-05,0.0004466901009436,2024-05-22 21:13:13+00:00
AsahiLinux,Prestigious-Oil374,1716419872.0,It works fine. Install virtualization tools and you will be good. Enable libvirtd of course,t3_1cycpsq,0.0004249465710017,1.9033336684515232e-06,3.698243745020591e-05,7.618620293214917e-05,8.422221435466781e-05,2.2804888430982828e-05,1.8280097719980404e-05,2024-05-22 23:17:52+00:00
AsahiLinux,Prestigious-Oil374,1716438938.0,The good thing about this guide is that it’s constructed on a distrobox container so you can just rm it and restart if you feel you messed up somewhere and try again.,t1_l59lexw,0.0005160656291991,1.6867833210199024e-06,3.990647383034229e-05,6.852832302683964e-05,0.0001022764481604,2.488246900611557e-05,1.976173734874465e-05,2024-05-23 04:35:38+00:00
AsahiLinux,Prestigious-Oil374,1716475181.0,crossover is close-source,t1_l5ajxct,0.0004252363287378,1.572252131154528e-06,3.3571108360774815e-05,7.194267527665943e-05,9.851807408267632e-05,2.2335018002195284e-05,1.388008695357712e-05,2024-05-23 14:39:41+00:00
AsahiLinux,Prestigious-Oil374,1716478368.0,Idk crossover’s gui isn’t exactly the shining example of simplicity,t1_l5c1vcm,0.0004331976524554,1.436854859093728e-06,3.264073166064918e-05,7.435557927237824e-05,0.0001091651502065,1.786983193596825e-05,1.416099985362962e-05,2024-05-23 15:32:48+00:00
AsahiLinux,Prestigious-Oil374,1716507084.0,https://gist.github.com/teohhanhui/042a395010d9946ceee14768736e3780,t3_1cz6lu1,0.0005930314655415,2.0219590624037664e-06,7.676487439312041e-05,7.366709905909374e-05,0.0001278817944694,1.8229593479190953e-05,2.498895446478855e-05,2024-05-23 23:31:24+00:00
AsahiLinux,Prestigious-Oil374,1716674904.0,Try installing “xorg-x11-server-Xwayland-devel”,t1_l5o1pdl,0.0006481798482127,2.286130893480731e-06,5.496538142324425e-05,0.0001277349365409,0.000112722547783,2.675190262380056e-05,2.4413684514001943e-05,2024-05-25 22:08:24+00:00
AsahiLinux,Prestigious-Oil374,1716675029.0,This is comparing apples to oranges lol,t3_1d0jjfl,0.000883660686668,1.5632634813300683e-06,4.006201197626069e-05,0.0001317630085395,0.0002510077029,2.4178305466193702e-05,2.3365590095636435e-05,2024-05-25 22:10:29+00:00
AsahiLinux,Prestigious-Oil374,1716677497.0,You need to download the Fedora 40 rootfs from mega (follow the alternative instructions on the gist guide) then use FEXConfig to select the extracted rootfs,t1_l5o84bp,0.0004518224450293,2.0506258806562982e-06,4.1640632844064385e-05,8.906486618798226e-05,7.932300650281832e-05,2.054476317425724e-05,2.1783896954730153e-05,2024-05-25 22:51:37+00:00
AsahiLinux,Prestigious-Oil374,1716678565.0,The correct command is “sudo ./unbreak_chroot.sh,t1_l5oapyp,0.00081698957365,3.4479035093681887e-06,9.164890798274428e-05,0.0001000852862489,8.650319068692625e-05,3.712363832164556e-05,4.085259934072383e-05,2024-05-25 23:09:25+00:00
AsahiLinux,Prestigious-Oil374,1716679505.0,did you install `qemu-user-static` ? also you're supposed to run the unbreak chroot script from the host,t1_l5obe2r,0.0006744234706275,2.2595181690121535e-06,5.508890899363905e-05,9.399931877851486e-05,9.51280162553303e-05,3.380089037818834e-05,2.4617973394924775e-05,2024-05-25 23:25:05+00:00
AsahiLinux,Prestigious-Oil374,1716726292.0,You gotta try over and over again,t1_l5qfsku,0.0020609674975275,4.116586296731839e-06,0.0001813072449294,0.0001268915802938,0.0002368223649682,0.0002639301819726,5.5805045121815056e-05,2024-05-26 12:24:52+00:00
AsahiLinux,Prestigious-Oil374,1716744989.0,If you want less issue then you should try using DepotDownloader with Goldberg Steam Emu so you don’t have broken-ass steam making your stuff slower. You can use Bottles to wrap in proton,t1_l5qrm9k,0.490789920091629,0.0007306735496968,0.3368096351623535,0.0011750147677958,0.0255591254681348,0.0003603972436394,0.2116800993680954,2024-05-26 17:36:29+00:00
AsahiLinux,Prestigious-Oil374,1716757652.0,"You need a new krun install… in the gist guide where you build krun, build it instead from https://github.com/teohhanhui/krun on the feat/balloon-more-ram branch",t1_l5sokbw,0.0005777449696324,1.6303758911817567e-06,4.020469350507483e-05,8.461175457341596e-05,0.0001256264804396,3.132877827738412e-05,1.726213304209523e-05,2024-05-26 21:07:32+00:00
AsahiLinux,Prestigious-Oil374,1716759243.0,Vulkan viable for gaming isn’t simply just “Vulkan is out and now gaming works so well!” It’s going to take a really long time to build the extensions that Proton requires from Vulkan to be able to have such broad compatibility,t1_l5scw71,0.0004015618178527,1.34197966872307e-06,2.844056325557176e-05,7.288734195753932e-05,0.000106082043203,1.7389058484695852e-05,1.2749081179208588e-05,2024-05-26 21:34:03+00:00
AsahiLinux,Prestigious-Oil374,1716764772.0,This is stuff she has said herself in the Matrix chat...,t1_l5t4tdv,0.0006032368401065,1.2480649047574843e-06,3.3473475923528895e-05,7.951801671879366e-05,0.0001566421851748,1.7549791664350778e-05,2.9659136998816393e-05,2024-05-26 23:06:12+00:00
AsahiLinux,Prestigious-Oil374,1716764914.0,She probably wouldn’t consider any of it viable for gaming anytime soon,t1_l5t60mh,0.0004292008816264,1.300197823184135e-06,2.723600664467085e-05,7.189796451712027e-05,0.0001030577841447,2.034309545706492e-05,1.4707362424815074e-05,2024-05-26 23:08:34+00:00
AsahiLinux,Prestigious-Oil374,1716765861.0,https://i.imgur.com/2EjBQN5.jpeg,t1_l5t6ja2,0.0004554074839688,1.8264775007992284e-06,5.2038045396329835e-05,7.145212293835357e-05,9.768289601197466e-05,1.8825317965820432e-05,1.6767044144216925e-05,2024-05-26 23:24:21+00:00
AsahiLinux,Prestigious-Oil374,1716778826.0,Element,t1_l5u0nw9,0.0006406120955944,1.053313212651119e-06,3.237786586396396e-05,8.871436875779182e-05,0.0001565176789881,2.3169550331658684e-05,7.16318891136325e-06,2024-05-27 03:00:26+00:00
AsahiLinux,Prestigious-Oil374,1717016475.0,"Install x86_64 bottles, use box64 wine to install copy of game, use FEX to run the executable with ‘wine-ge’",t1_l68bfkb,0.01365686673671,3.950228710891679e-05,0.0025924092624336,0.0004581582616083,0.000462594354758,0.0001063784366124,0.0080713620409369,2024-05-29 21:01:15+00:00
AsahiLinux,Prestigious-Oil374,1717053700.0,If you can tell me how to enable it in FEX wine then I will.,t1_l6akd51,0.6051973104476929,0.000789662823081,0.0617301650345325,0.010146265849471,0.0127321630716323,0.0006032771198078,0.5964436531066895,2024-05-30 07:21:40+00:00
AsahiLinux,Prestigious-Oil374,1717067229.0,https://gist.github.com/teohhanhui/042a395010d9946ceee14768736e3780,t1_l6azjxz,0.0005930314655415,2.0219590624037664e-06,7.676487439312041e-05,7.366709905909374e-05,0.0001278817944694,1.8229593479190953e-05,2.498895446478855e-05,2024-05-30 11:07:09+00:00
AsahiLinux,Prestigious-Oil374,1717073769.0,I added some more specific instructions in the video description,t1_l6azjxz,0.0003636824840214,1.6993952840493876e-06,2.9127351808710955e-05,7.073957385728136e-05,8.18095650174655e-05,2.075585325655993e-05,1.6899868569453247e-05,2024-05-30 12:56:09+00:00
AsahiLinux,Prestigious-Oil374,1717073775.0,could be,t1_l6bc07g,0.0005216723075136,1.0361951581217e-06,2.38430639001308e-05,8.65534384502098e-05,0.0001371355610899,2.268342359457165e-05,9.408830010215752e-06,2024-05-30 12:56:15+00:00
AsahiLinux,Prestigious-Oil374,1717078993.0,No it won’t work. USB C DP alt mode isn’t ready yet,t3_1d44la4,0.0005572184454649,1.8122516394214472e-06,4.5708424295298755e-05,7.903856021584943e-05,0.0001014461595332,2.707815838220995e-05,2.0435512851690874e-05,2024-05-30 14:23:13+00:00
AsahiLinux,Prestigious-Oil374,1717086044.0,I think you can get an Arch FEX RootFS,t3_1d3zaws,0.2333508431911468,0.0002917748061008,0.0201136190444231,0.0063999267295002,0.0038203110452741,0.000317532394547,0.1444648504257202,2024-05-30 16:20:44+00:00
AsahiLinux,Prestigious-Oil374,1717199747.0,I'm gonna be synthesizing the process of getting krun running: https://asahiazarova.org,t1_l6dd05u,0.0008186384802684,2.283015192006133e-06,6.153524736873806e-05,0.0001034725428326,0.0001275557733606,4.971377711626701e-05,2.8992886655032635e-05,2024-05-31 23:55:47+00:00
AsahiLinux,Prestigious-Oil374,1717217844.0,"`distrobox enter asahi-krun``cd Downloads``rm -rf krun``git clone --branch feat/more-cpus https://github.com/teohhanhui/krun``cd krun``curl --proto '=https' --tlsv1.2 -sSf https://sh.rustup.rs | sh``. ~/.cargo/env``cargo build --release``sudo cp target/release/krun{,-guest} /usr/local/bin/``sudo chmod +x /usr/local/bin/krun{,-guest}``exit`Then you should be able to run `krun FEXInterpreter myprogramhere` to run x86 stuff",t1_l6kysrf,0.0154077894985675,3.687899879878387e-05,0.0021467970218509,0.0007167806616052,0.0007593463524244,9.70067485468462e-05,0.0143678924068808,2024-06-01 04:57:24+00:00
AsahiLinux,Prestigious-Oil374,1717264533.0,More at: asahiazarova.com,t3_1d5eym2,0.0004467333201318,1.1403419648559066e-06,2.7420393962529488e-05,7.771517266519368e-05,0.000119096468552,1.5739107766421512e-05,9.598977158020716e-06,2024-06-01 17:55:33+00:00
AsahiLinux,Prestigious-Oil374,1717265745.0,"Use `obs-studio` from `rpmfusion`https://rpmfusion.org.`sudo dnf swap ffmpeg-free ffmpeg --allowerasing``sudo dnf update @multimedia --setopt=""install_weak_deps=False"" --exclude=PackageKit-gstreamer-plugin``sudo dnf install obs-studio`",t3_1d5jnzo,0.0005354384775273,2.2414706108975224e-06,6.0643767938017845e-05,8.819613140076399e-05,9.516585123492403e-05,2.405388295301236e-05,2.1277823179843836e-05,2024-06-01 18:15:45+00:00
AsahiLinux,Prestigious-Oil374,1717285644.0,"maybe if the `krun` instance didn't identify itself as ""Fedora Container Image"" then we would have better luck with that",t1_l6p3vph,0.0005216046702116,1.6435470797659946e-06,4.694893868872896e-05,7.225151784950867e-05,0.0001111511519411,2.411635978205595e-05,1.919986607390456e-05,2024-06-01 23:47:24+00:00
AsahiLinux,Prestigious-Oil374,1717296175.0,Paraphrased from Alyssa,t1_l6pn56v,0.0013171015307307,2.2718970740243094e-06,9.532261174172164e-05,9.780238178791478e-05,0.0002287615061504,3.178211409249343e-05,3.391736026969738e-05,2024-06-02 02:42:55+00:00
AsahiLinux,Prestigious-Oil374,1717296225.0,I’m looking forward to dolphin emu on vulkan,t1_l6pfuap,0.0015226941322907,3.184459728799993e-06,0.0001366446376778,0.0001652615173952,0.0001950793084688,7.861821359256282e-05,4.0831411752151325e-05,2024-06-02 02:43:45+00:00
AsahiLinux,Prestigious-Oil374,1717300539.0,Invest in a ChatGPT subscription,t3_1d60sdv,0.0005074229557067,1.4379364756678117e-06,3.2805783121148124e-05,7.480697968276218e-05,0.0001158087543444,2.6603580408846028e-05,1.3638574273500126e-05,2024-06-02 03:55:39+00:00
AsahiLinux,Prestigious-Oil374,1717361683.0,i've never used thunderbolt before xD,t3_1d6lnki,0.0007576654315926,1.8569378426036565e-06,5.254979259916581e-05,9.913987742038444e-05,0.0001345615892205,3.091800317633897e-05,2.258335916849319e-05,2024-06-02 20:54:43+00:00
AsahiLinux,Prestigious-Oil374,1717362754.0,i'll try it today~,t3_1d67c4v,0.0006953016854822,2.0218974441377213e-06,5.6468899856554344e-05,7.041309436317533e-05,0.0001167052541859,4.909369090455584e-05,2.339314960408956e-05,2024-06-02 21:12:34+00:00
AsahiLinux,Prestigious-Oil374,1717432530.0,Note: you won’t have the asahi-mesa-wip copr mesa packages if you do this…you might want to try to built asahi-mesa-wip packages for Arch x86_64 if you want graphics accel inside FEXInterpreter,t1_l6wxfei,0.0032819486223161,1.3973534805700185e-05,0.000421871576691,0.0003632050065789,0.0001727630296954,4.471879583434202e-05,0.0010533238528296,2024-06-03 16:35:30+00:00
AsahiLinux,Prestigious-Oil374,1717433905.0,"https://asahiazarova.com/posts/2024-06-03/If you want to let me know how it goes for you, feel free to provide some insight so that I can maybe post about it in the coming days",t1_l6wxfei,0.0003728800511453,1.4481711332337e-06,3.207123518222943e-05,5.924536526435986e-05,9.533252159599216e-05,1.9011487893294543e-05,1.4443628970184363e-05,2024-06-03 16:58:25+00:00
AsahiLinux,Prestigious-Oil374,1717439521.0,It's taking a really long time to download this game ...,t3_1d67c4v,0.000438861636212,1.5362412568720174e-06,2.8533118893392384e-05,8.620197331765667e-05,9.220150241162628e-05,2.7900277927983552e-05,1.5293315300368704e-05,2024-06-03 18:32:01+00:00
AsahiLinux,Prestigious-Oil374,1717443485.0,I thought this was an old windows game...,t1_l6yhf5b,0.0005868711159564,1.517388113825291e-06,3.419145286898129e-05,8.678973972564563e-05,0.0001320968876825,3.022434248123318e-05,1.50221976582543e-05,2024-06-03 19:38:05+00:00
AsahiLinux,Prestigious-Oil374,1717446816.0,some minor bugs here and there on kde 6...if you're worried about stability maybe use gnome for now,t3_1d7ee2v,0.0016096140025183,2.629124765007873e-06,8.712664566701278e-05,0.0001369265082757,0.0002685383951757,7.678881229367107e-05,4.065315442858264e-05,2024-06-03 20:33:36+00:00
AsahiLinux,Prestigious-Oil374,1717463879.0,I’m running the installer under FEX+wine right now :),t1_l6yhf5b,0.1216018572449684,0.0001686106261331,0.0105114011093974,0.0037105882074683,0.0021949522197246,0.0001559729862492,0.1113637387752533,2024-06-04 01:17:59+00:00
AsahiLinux,Prestigious-Oil374,1717466867.0,Okay so a couple things:I tried both the Windows x86 version of this game as well as the Linux x86 version. the Windows version will launch and enter a game...however it is *extremely* slow...The Linux version will open the launcher for FlightGear when you add the --launcher option to `krun FEXInterpreter /usr/bin/fgfs` but the game will not load. It will crash due to dbus errors.,t1_l6yhf5b,0.0006433730595745,3.2420136903965613e-06,6.868016498629004e-05,0.0001279588905163,8.283866191050038e-05,2.3021280867396857e-05,5.33708771399688e-05,2024-06-04 02:07:47+00:00
AsahiLinux,Prestigious-Oil374,1717514624.0,not a sir but it means that there is an update to the mainline asahi mesa driver which Alyssa says should help some of the bugs in the initial driver release (the one that gave us GL 4.6)There is also an update to libkrun which has some bug fixes pushed by Lina and teohhanhui pushed the updates on their copr,t1_l72qaj5,0.0006614152807742,1.6532591189388768e-06,6.694627518299967e-05,6.239762296900153e-05,0.0001319960283581,2.050149123533629e-05,2.097209289786406e-05,2024-06-04 15:23:44+00:00
AsahiLinux,Prestigious-Oil374,1717519019.0,No. Use a live Ubuntu USB or if you have a T2 mac: https://t2linux.org/,t3_1d81fq5,0.0004129569279029,1.562950387778983e-06,3.2217671105172485e-05,7.379126327577978e-05,9.218110790243372e-05,2.0042518372065388e-05,1.4880271010042634e-05,2024-06-04 16:36:59+00:00
AsahiLinux,Prestigious-Oil374,1717529547.0,[https://imgur.com/a/w1hlukp](https://imgur.com/a/w1hlukp)&#x200B;This is the only update I have :),t1_l73yykd,0.0004961028462275,2.140524202332017e-06,5.56628656340763e-05,6.79657023283653e-05,8.243047341238707e-05,2.214230153185781e-05,2.140077776857652e-05,2024-06-04 19:32:27+00:00
AsahiLinux,Prestigious-Oil374,1717531342.0,It's Element.,t1_l741n12,0.0005097073735669,1.131888666350278e-06,2.2292926587397233e-05,8.615143451606855e-05,0.0001345826458418,2.089152803819161e-05,1.0217720046057366e-05,2024-06-04 20:02:22+00:00
AsahiLinux,Prestigious-Oil374,1717601019.0,Duly noted,t1_l789h22,0.0004100147634744,1.2623974043890485e-06,2.529445737309288e-05,7.18276496627368e-05,0.0001030369530781,1.8681224901229143e-05,1.1364074453013018e-05,2024-06-05 15:23:39+00:00
AsahiLinux,Prestigious-Oil374,1717621777.0,not a sir but thanks~,t1_l7a0ik8,0.0021557381842285,2.413514039290021e-06,0.0001334182306891,0.0001404691283823,0.0004850309924222,6.275937630562112e-05,3.079603266087361e-05,2024-06-05 21:09:37+00:00
AsahiLinux,Prestigious-Oil374,1717621789.0,I'll try rn,t1_l7a0pbh,0.0043152100406587,8.521369636582676e-06,0.0011874133488163,0.00010827089136,0.0004367752990219,0.0001034886372508,0.0002213570696767,2024-06-05 21:09:49+00:00
AsahiLinux,Prestigious-Oil374,1717621897.0,not worth it. there's policy in place rn to prevent such tests from being reported on,t1_l7a0y3b,0.001600747113116,1.7847032722784206e-06,8.536766836186871e-05,8.948234608396888e-05,0.0003478788421489,3.167171234963462e-05,2.379958277742844e-05,2024-06-05 21:11:37+00:00
AsahiLinux,Prestigious-Oil374,1717622079.0,the drivers are not out for end-users and therefore are not in any way comparable to the metal+moltenVK macOS vulkan backend,t1_l7a1hsw,0.0004755516420118,1.4565300716640197e-06,2.962885810120497e-05,9.411493374500424e-05,0.0001040098140947,2.28289336519083e-05,1.443531164113665e-05,2024-06-05 21:14:39+00:00
AsahiLinux,Prestigious-Oil374,1717624141.0,tysmmm~,t1_l7a7gwf,0.0018374728970229,2.090318957925774e-06,0.0001461606589145,9.843656152952462e-05,0.0004335310368333,4.027215254609473e-05,3.605968595365994e-05,2024-06-05 21:49:01+00:00
AsahiLinux,Prestigious-Oil374,1717624169.0,Runs on openGL. Can also run on Vulkan :),t1_l7a7j0q,0.0005404740222729,1.8219074036096572e-06,3.2416453905170783e-05,0.0001252665388165,9.720027446746826e-05,2.901927837228868e-05,1.8277969502378255e-05,2024-06-05 21:49:29+00:00
AsahiLinux,Prestigious-Oil374,1717633369.0,Edit: I've tried Diablo 3 and it works with Vulkan but in-game FPS is about 8. That's expected but it's pretty cool that it can run at all. I'll update this comment if I can get any other Switch games to run!,t1_l7a0sg0,0.0004115054616704,1.6588674043305218e-06,3.393285442143679e-05,7.406677468679845e-05,8.763535151956603e-05,2.2666537915938537e-05,1.5150821127463132e-05,2024-06-06 00:22:49+00:00
AsahiLinux,Prestigious-Oil374,1717684824.0,Si 🤗,t1_l7bjhqb,0.0004964415566064,1.3735601669395692e-06,3.207692498108372e-05,7.346022903220728e-05,0.0001119460430345,2.5059976906049997e-05,1.1849510883621406e-05,2024-06-06 14:40:24+00:00
AsahiLinux,Prestigious-Oil374,1717792721.0,check: https://asahiazarova.com for updates!,t3_1daj7j0,0.0004331782402005,1.3256155853014209e-06,2.829280674632173e-05,7.611727778567001e-05,0.0001010690102702,1.8556933355284855e-05,1.0247502359561622e-05,2024-06-07 20:38:41+00:00
AsahiLinux,Prestigious-Oil374,1717880338.0,I just built the game from source. It’s pretty easy.,t1_l7q4pux,0.0004394910647533,1.9062837282035616e-06,3.8397545722546056e-05,8.227922808146104e-05,7.883337093517184e-05,2.7267091354588047e-05,1.903265729197301e-05,2024-06-08 20:58:58+00:00
