Subreddit,username,timestamp,comment_text,parent_id,toxicity,severe_toxicity,obscene,identity_attack,insult,threat,sexual_explicit,date
AsahiLinux,wowsomuchempty,1629703198.0,Nice!,t3_p9nfux,0.0004423721693456,1.146414433605969e-06,2.425680577289313e-05,7.184765854617581e-05,0.000115834925964,1.7444601326133125e-05,1.2275372682779562e-05,2021-08-23 07:19:58+00:00
AsahiLinux,wowsomuchempty,1647880469.0,Jealous!,t3_tjau28,0.0022925722878426,2.3280392724700505e-06,8.614223770564422e-05,0.000176298271981,0.0004171475302428,9.969522943720222e-05,2.411739478702657e-05,2022-03-21 16:34:29+00:00
AsahiLinux,wowsomuchempty,1647880496.0,What's left to get working (aside from GPU),t3_tjau28,0.0006372306961566,1.726907726151694e-06,3.793259747908451e-05,0.0001071561709977,0.0001136350256274,3.0649891414213926e-05,2.3564707589684986e-05,2022-03-21 16:34:56+00:00
AsahiLinux,wowsomuchempty,1648115536.0,Does that include ungoogled-chromium in aur?,t1_i1wqscg,0.0012798693496733,1.8112546058546288e-06,8.477788651362062e-05,0.0001201598570332,0.0003466739144641,2.761853284027893e-05,2.6303403501515277e-05,2022-03-24 09:52:16+00:00
AsahiLinux,wowsomuchempty,1652477531.0,"Very interesting read, they are doing great work.",t3_uouqjl,0.0003767012385651,1.3508421261576586e-06,2.7587102522375065e-05,6.468596257036552e-05,9.710327867651358e-05,1.824982427933719e-05,1.360178976028692e-05,2022-05-13 21:32:11+00:00
AsahiLinux,wowsomuchempty,1655368575.0,ncspot in the aur is nice,t1_icj74nt,0.0003561714256647,1.4406884929485386e-06,2.499403308320325e-05,7.841104525141418e-05,9.192233119392768e-05,2.006449176406022e-05,1.2759906894643793e-05,2022-06-16 08:36:15+00:00
AsahiLinux,wowsomuchempty,1662108571.0,"M1 macbooks, at that.",t1_imrmd89,0.0005062521668151,1.4743823157914449e-06,3.781662235269323e-05,7.236529199872166e-05,0.0001206312372232,2.3396383767249063e-05,1.31465012600529e-05,2022-09-02 08:49:31+00:00
AsahiLinux,wowsomuchempty,1683746564.0,But no multi tabs :-(,t1_jjl2k6z,0.0004185980942565,1.2097457329218742e-06,2.2706106392433867e-05,8.111191709758714e-05,0.0001087431301129,1.884629818960093e-05,1.0055435268441215e-05,2023-05-10 19:22:44+00:00
AsahiLinux,wowsomuchempty,1691008603.0,Been using archlinuxarm for years. Hard disagree.Time to send them another donation.,t1_juiruzn,0.0007431145058944,1.4362165074999211e-06,3.765220753848553e-05,8.207132486859336e-05,0.0001639783004065,3.2618110708426684e-05,1.6042413335526362e-05,2023-08-02 20:36:43+00:00
AsahiLinux,wowsomuchempty,1691009357.0,"Yeah, that is pretty hard to beat.",t1_juig7xq,0.0014295676955953,2.7355104066373315e-06,6.885309267090634e-05,0.0001392657432006,0.0001709420466795,0.0001897572219604,2.6765554139274172e-05,2023-08-02 20:49:17+00:00
AsahiLinux,wowsomuchempty,1691015276.0,"Yep. I appreciate the reasons behind it. Proactive upstream support, working GPUs, etc.Redhat have shown their true colours and I would have preferred ashai to stick with and strengthen archlinuxarm. Some rather ungrateful shade being thrown in this thread before.But - it's ashai doing the work. Not me. The alarm version is open source, and if there is community support it will be maintained. Hopefully dev from the fedora side could even be pulled in through the pay walls at some point.I supported ashai early on through patron, and am proud of their work. I will continue to support alarm. If maintenance is really so threadbare, the alarm team are doing an incredible job.",t1_jujdfbe,0.0004586247378028,1.3016915545449592e-06,3.165117959724739e-05,6.707452121190727e-05,0.0001231516071129,1.86656070582103e-05,1.3457050954457372e-05,2023-08-02 22:27:56+00:00
AsahiLinux,wowsomuchempty,1691054675.0,"You know, if you log out our comments are hidden?I have paid into the patron and think asahi is a really exciting project. But this Stalinist approach to the mildest dissent is worrisome.",t1_jujdfbe,0.0005190905649214,1.314646283390175e-06,3.010378532053437e-05,7.915728929219767e-05,0.0001269486965611,1.8346987417316996e-05,1.3651379049406389e-05,2023-08-03 09:24:35+00:00
AsahiLinux,wowsomuchempty,1691096866.0,"Marcan. Massive respect for what you're doing. I intend to get an M1 from work and install fedora in a few months. Not worth mentioning anything further, just nonsense.",t1_julpwod,0.2492857724428177,7.357210506597767e-06,0.0015432921936735,0.0003618304035626,0.174387514591217,7.8644159657415e-05,0.0001405465736752,2023-08-03 21:07:46+00:00
AsahiLinux,wowsomuchempty,1691140917.0,"Thanks! Sent them $10 yesterday. It's a great project and I didn't realize they were in need.I agree with the decision to move to fedora (exciting stuff!), but there is no need to criticize archlinux arm, which they took so much from in the beginning.",t1_juqd7u0,0.0003683974791783,1.3017859146202682e-06,2.8124379241489805e-05,6.283698894549161e-05,0.0001005474114208,1.6229811080847867e-05,1.2152232557127718e-05,2023-08-04 09:21:57+00:00
AsahiLinux,wowsomuchempty,1696283217.0,"This is wayyy too polished to be an alpha.Rawhide looks beautiful, signed up as a github backer.",t1_k2yhzkl,0.0004368013178464,1.588959776199772e-06,3.349445614730939e-05,7.86107120802626e-05,9.595535084372386e-05,2.3262606191565283e-05,1.4933895727153867e-05,2023-10-02 21:46:57+00:00
AsahiLinux,wowsomuchempty,1696283382.0,"Yeah, the scripts make it easy.I reduced macos to 80G, leaving 40G for fedora. I might have preferred taking space from the existing install. Even though I love arch, I might delete it and use the whole space for fedora.I love this, so much fun",t1_k2ydy3r,0.0004683852021116,1.65814446972945e-06,3.519857273204252e-05,8.429324952885509e-05,9.862935985438526e-05,2.488973223080393e-05,1.6796555428300053e-05,2023-10-02 21:49:42+00:00
AsahiLinux,wowsomuchempty,1696581632.0,"The aarch64 docker image of emby should work (better than Plex, IME).",t3_16zug1u,0.0004747287021018,1.6129142750287428e-06,3.384249794180505e-05,8.20661589386873e-05,9.60875622695312e-05,2.114129347319249e-05,1.5132221960811876e-05,2023-10-06 08:40:32+00:00
AsahiLinux,wowsomuchempty,1697403962.0,"Fedora. As much as I love arch, the asahi variant will not be developed.The pre-release will update to the release, and is already v. good.",t3_178otlp,0.0004488652921281,1.9506433091009967e-06,4.792279651155695e-05,6.824471347499639e-05,8.830300066620111e-05,2.0190638679196127e-05,1.9371829694136977e-05,2023-10-15 21:06:02+00:00
AsahiLinux,wowsomuchempty,1697405410.0,Good point.,t1_k514ew7,0.0004018226172775,1.251363983101328e-06,2.4683538867975585e-05,6.897453567944467e-05,0.0001061778821167,2.054016113106627e-05,1.1459015695436392e-05,2023-10-15 21:30:10+00:00
AsahiLinux,wowsomuchempty,1697492541.0,"Thank you, indeed it was following a reboot. I'll tread lightly.",t1_k54h4mi,0.0004405625513754,1.492289811722003e-06,2.771621075225994e-05,7.39102833904326e-05,0.0001016882961266,2.9575305234175175e-05,1.4396433471119964e-05,2023-10-16 21:42:21+00:00
AsahiLinux,wowsomuchempty,1697575436.0,"Just to update - I managed! `rawhide:~$ df -h`  `Filesystem      Size  Used Avail Use% Mounted on`  `/dev/nvme0n1p6  150G  7.7G  142G   6% /`  Thank you for the detailed instructions. I used diskutil to delete the cruft, then fdisk on fedora to delete and create its own root partition as advised. `fdisk /dev/nvme0n1p6`  `x`  `f`'nothing to do'.Worked a treat!",t1_k54h4mi,0.0009841067949309,4.529867510427721e-06,0.0001503461826359,0.0001002430799417,0.0001002124918159,3.74879346054513e-05,5.168325515114702e-05,2023-10-17 20:43:56+00:00
AsahiLinux,wowsomuchempty,1697611514.0,Can you post the output of$ diskutil list(the dollar indicates a CLI cmd),t3_179hk5f,0.0003946738434024,1.395278331983718e-06,2.7221491109230556e-05,7.396611908916384e-05,0.0001022969227051,1.836351111705881e-05,1.3138930626155345e-05,2023-10-18 06:45:14+00:00
AsahiLinux,wowsomuchempty,1697635808.0,"[https://leo3418.github.io/asahi-wiki-build/partitioning-cheatsheet](https://leo3418.github.io/asahi-wiki-build/partitioning-cheatsheet/) is a useful read.For diskutil on macos, you need the cli, not the gui.What is the output of`$ diskutil list`",t3_179xxu3,0.0006218878552317,2.53582561526855e-06,7.410640682792291e-05,8.892942423699424e-05,9.284787665819748e-05,2.3320246327784844e-05,2.508546458557248e-05,2023-10-18 13:30:08+00:00
AsahiLinux,wowsomuchempty,1697652148.0,Glad to hear it!,t1_k5ffhqo,0.0005648424266837,1.2424086435203208e-06,2.8984677555854432e-05,7.967407145770267e-05,0.0001431156852049,2.959452103823423e-05,1.2822729331674054e-05,2023-10-18 18:02:28+00:00
AsahiLinux,wowsomuchempty,1697730357.0,"Yes, 6.5.6-403...+16k.",t1_k5k39iu,0.0004714630194939,1.7983664974963176e-06,3.884740726789459e-05,9.17215584195219e-05,9.671746374806388e-05,2.408771979389712e-05,1.6285222955048084e-05,2023-10-19 15:45:57+00:00
AsahiLinux,wowsomuchempty,1697810421.0,"[Thanks, here you go.](https://pastebin.com/ihYtkJgX)",t1_k5klvuf,0.0005339088384062,1.5137876516746471e-06,4.1461691580479965e-05,7.446563540725037e-05,0.0001150661701103,2.0679906810983084e-05,1.4822033335804008e-05,2023-10-20 14:00:21+00:00
AsahiLinux,wowsomuchempty,1697917045.0,"Archlinuxarm is good, but all the focus is going to be on the fedora remix, with big delays / uncertainties for development to be passed on to alarm. Why I made the jump, happy I did. Still have arch as my daily driver on a non mac tho.",t3_17da9p0,0.0004517078923527,1.396143602505617e-06,3.0586670618504286e-05,8.060617983574048e-05,0.0001110441517084,2.0562249119393528e-05,1.4952050150895955e-05,2023-10-21 19:37:25+00:00
AsahiLinux,wowsomuchempty,1697922539.0,"I have ran alarm for years on SBC and found it perfectly suited to my needs.A lot of shade thrown at a free project. If there is a need, help. Bitching is ungrateful and unproductive.I usually go for sway these days anyway, works well.",t1_k5vi26j,0.0026680922601372,2.4861285510269227e-06,0.0002093887742375,9.508556831860916e-05,0.0007927038241177,3.6498578992905095e-05,5.105651143821888e-05,2023-10-21 21:08:59+00:00
AsahiLinux,wowsomuchempty,1697964336.0,"Yes, I think I was being too defensive. I have a soft spot for alarm and the under resourced team that has been working tirelessly for years to bring my favourite distro to my favourite architecture. I had a similar spat earlier that coloured my response. 'Bitching' was inflammatory, so I withdraw that. I'd delete the comment, but it can irk when people do that.The asahi project is just wonderful, thanks to all who contribute.",t1_k5w0gzg,0.0041050626896321,1.0106235095008742e-05,0.0026549135800451,9.311991016147658e-05,0.000607022899203,4.669946065405384e-05,0.0004019840853288,2023-10-22 08:45:36+00:00
AsahiLinux,wowsomuchempty,1697993250.0,"Wiped, installed 39. Webcam all good, cheers!",t1_k5qidej,0.0004542788665276,1.4549640354744042e-06,2.7733976821764372e-05,7.958895002957433e-05,0.0001073144521797,2.6267909561283886e-05,1.3015169315622188e-05,2023-10-22 16:47:30+00:00
AsahiLinux,wowsomuchempty,1698152299.0,"As you have no real affinity to arch, I would suggest wiping arch and installing the fedora remix (pick fedora 39).",t1_k66irrd,0.0008609178476035,1.5858579445193757e-06,3.1180763471638784e-05,0.0001424424553988,0.0001608574966667,3.9574155380250886e-05,1.619301656319294e-05,2023-10-24 12:58:19+00:00
AsahiLinux,wowsomuchempty,1698250047.0,"Which APFS is affected? If asahi, can you just delete it with diskutiliti CLI?",t1_k6ekct8,0.000594736135099,2.4061343992798356e-06,4.79326699860394e-05,0.0001061093571479,7.94806401245296e-05,2.8143564122729003e-05,2.4811288312776018e-05,2023-10-25 16:07:27+00:00
AsahiLinux,wowsomuchempty,1698303559.0,Can you post the output here?,t1_k6f7evg,0.0004310457734391,1.3773891396340332e-06,2.4983834009617567e-05,8.39180574985221e-05,0.0001029275663313,2.2367674318957143e-05,1.2738167242787313e-05,2023-10-26 06:59:19+00:00
AsahiLinux,wowsomuchempty,1698604651.0,Like someone bitching at the Wright brothers that there's no gluten-free in flight menu.,t3_17iyp7h,0.2272637039422989,0.0001758307334966,0.1200017109513282,0.0019050011178478,0.0463714264333248,0.0008695222786627,0.0041014133021235,2023-10-29 18:37:31+00:00
AsahiLinux,wowsomuchempty,1699799152.0,I imagine Hector will have his hands full for a while.Amazing to see asahi linux realised.,t1_k8x9zzb,0.0004557121428661,1.4786249948883778e-06,3.185609602951445e-05,6.897197454236448e-05,0.0001114813712774,2.6263349354849197e-05,1.7282623957726173e-05,2023-11-12 14:25:52+00:00
AsahiLinux,wowsomuchempty,1699800535.0,"Works great for me! (I have a macbook air M1, a2337)",t3_17tf70i,0.0005699393805116,1.8451878531777768e-06,5.07441618537996e-05,7.33762135496363e-05,0.0001114742481149,2.4559492885600775e-05,1.795997013687156e-05,2023-11-12 14:48:55+00:00
AsahiLinux,wowsomuchempty,1700750305.0,"Not really. Some things may filter down in the future, but the focus is fedora.",t3_1821gwj,0.0003926724020857,1.3586223985839752e-06,2.551799116190523e-05,7.99603367340751e-05,9.849796333583072e-05,1.838573007262312e-05,1.306638205278432e-05,2023-11-23 14:38:25+00:00
AsahiLinux,wowsomuchempty,1701942863.0,"I would remove tlp. Marcan commented recently it only works when cpufreq is badly configured, so won't be much use on asahi.",t3_187ndzo,0.0004980925004929,1.5638927379768577e-06,2.9267070203786716e-05,9.80075856205076e-05,9.941792086465284e-05,2.4213932192651555e-05,1.5114365851331968e-05,2023-12-07 09:54:23+00:00
AsahiLinux,wowsomuchempty,1702062026.0,Sway is working well.My only irk is needing to start (just start) the nm-applet,t3_188kxjt,0.0011075562797486,1.964945340660051e-06,7.570690650027245e-05,0.0001178162419819,0.0002461896510794,3.436991391936317e-05,3.116919833701104e-05,2023-12-08 19:00:26+00:00
AsahiLinux,wowsomuchempty,1702208611.0,What is the model of your machine? What OS are you using? Is it fully updated?,t1_kcr7v6e,0.0006141882622614,1.4727015695825685e-06,3.2945168641163036e-05,7.82981442171149e-05,0.0001237249525729,2.4409238903899677e-05,1.741165942803491e-05,2023-12-10 11:43:31+00:00
AsahiLinux,wowsomuchempty,1702209537.0,"Ok, if you don't know if it's fully updated:$ sudo dnf update -y$ rebootI have fedora 39 on a macbook air M1 2020, sound works well. Be sure the volume is not muted / on minimum.",t1_kcr874s,0.0004170488973613,1.5862874533922875e-06,3.31981063936837e-05,7.377099973382428e-05,9.56168441916816e-05,2.018307350226678e-05,1.5183335563051514e-05,2023-12-10 11:58:57+00:00
AsahiLinux,wowsomuchempty,1702571953.0,"Hi, is it in /etc/fstab ? If so, you could comment it out. If it was needed this may cause failure to boot.",t3_18ic9eo,0.0080239670351147,8.96303572517354e-06,0.0005317090544849,0.0002248447271995,0.0004999640514142,0.0002153709938284,0.0002248151286039,2023-12-14 16:39:13+00:00
AsahiLinux,wowsomuchempty,1702634679.0,"Speakers aren't working for M2 yet, but are on the way.Fedora is being developed.You will need a fresh install, back up your data elsewhere first.",t3_18ivcyt,0.0005311624845489,1.384244683322322e-06,3.1284860597224906e-05,7.57394009269774e-05,0.000126515107695,2.35137249546824e-05,1.6502315702382475e-05,2023-12-15 10:04:39+00:00
AsahiLinux,wowsomuchempty,1702683170.0,Prettiest crash I even seen.,t3_18j6zre,0.0050679552368819,5.995141691528261e-06,0.0008362122462131,0.0001045375975081,0.000953996554017,0.0001042590520228,0.0001668946497375,2023-12-15 23:32:50+00:00
AsahiLinux,wowsomuchempty,1703093924.0,"Without actually checking$ dnf install plasmaLog out, select KDE, log in.Cunningham's law..go!",t3_18mt3tj,0.0016541018849238,4.191102107142797e-06,0.0002149740175809,0.0001118039435823,0.0001585120626259,4.9691931053530425e-05,5.54357684450224e-05,2023-12-20 17:38:44+00:00
AsahiLinux,wowsomuchempty,1703495599.0,Nice.,t3_18q62mi,0.0004321271844673,1.112047357310075e-06,2.288113500981126e-05,7.444767106790096e-05,0.0001164405766758,1.6691756172804162e-05,1.149910440290114e-05,2023-12-25 09:13:19+00:00
AsahiLinux,wowsomuchempty,1704448373.0,"Depends on the use case. USBC dp-alt is a big one for me, but if you need to use proprietary binaries (e.g. for work) that only have x86_64 versions, you should look into that beforehand.For me, daily driver only awaits USBC dp-alt mode.",t1_kgdqcz2,0.0005056032678112,1.8589613546282635e-06,4.2615796701284125e-05,9.034420509124176e-05,9.239919018000364e-05,2.1934738470008597e-05,1.9335322576807812e-05,2024-01-05 09:52:53+00:00
AsahiLinux,wowsomuchempty,1704448488.0,"Off topic, but I'm curious. Why wouldn't you run AI needing >100 GB RAM on HPC? A consumer grade laptop seems a poor fit.",t1_kgda0qi,0.0007556482451036,1.5917762539174871e-06,4.369618545752019e-05,7.679547707084566e-05,0.0001557267532916,3.0381894248421304e-05,2.0271265384508297e-05,2024-01-05 09:54:48+00:00
AsahiLinux,wowsomuchempty,1704825539.0,"Another github donator here. Really enjoying using asahi, amazed at the pace and quality of development.",t3_192cuki,0.0004922520020045,1.198589188788901e-06,2.6929388695862144e-05,7.51997868064791e-05,0.0001340497110504,1.7415513866581023e-05,1.5259196516126394e-05,2024-01-09 18:38:59+00:00
AsahiLinux,wowsomuchempty,1705064445.0,"I love how solving asahi problems translates to upstream solving linux problems! EAS was a very interesting read. Sven is a man of few words, but we are all eagerly awaiting the fruits of his labour.",t3_194oadw,0.0008993821684271,6.3624861468269955e-06,9.105836215894668e-05,0.0001824852370191,0.0002882151457015,3.570671469788067e-05,4.8295325541403145e-05,2024-01-12 13:00:45+00:00
AsahiLinux,wowsomuchempty,1705186261.0,Best way to speed things up to to be a github backer!,t1_khqc4az,0.0004334114200901,1.4983789924372104e-06,2.5589248252799734e-05,8.913045894587412e-05,0.000100665129139,2.6824121960089545e-05,1.4865718185319564e-05,2024-01-13 22:51:01+00:00
AsahiLinux,wowsomuchempty,1705329964.0,"Asahi (fedora remix) on my M1 is buttery smooth.DP-alt mode is the last big thing (for me, anyway), but is expected to drop in 2024.Be aware that progress is dependent on your chip, check functionality beforehand. M1 seems the best supported, though the rest will follow.",t3_1979qf7,0.0004296307160984,1.4627606788053529e-06,3.3733398595359176e-05,6.643552478635684e-05,0.0001097120912163,2.1877853214391507e-05,1.476945817557862e-05,2024-01-15 14:46:04+00:00
AsahiLinux,wowsomuchempty,1705419343.0,https://asahilinux.org/2024/01/fedora-asahi-new/Check out 'Energy aware scheduling'.,t3_197y9d0,0.0003856431576423,1.38347536449146e-06,2.668572960828897e-05,7.584621926071122e-05,9.79479809757322e-05,1.8924336472991857e-05,1.3860139915777836e-05,2024-01-16 15:35:43+00:00
AsahiLinux,wowsomuchempty,1706189770.0,[https://linuxconfig.org/how-to-install-kde-plasma-desktop-on-fedora-linux](https://linuxconfig.org/how-to-install-kde-plasma-desktop-on-fedora-linux)https://duckduckgo.com/?q=fedora+install+plasma&ia=web,t1_kjgv31n,0.0004488400591071,1.4913679251549183e-06,3.932008257834241e-05,7.647648453712463e-05,0.000113322850666,1.958472239493858e-05,1.395095205225516e-05,2024-01-25 13:36:10+00:00
AsahiLinux,wowsomuchempty,1706601343.0,Just wait like the rest of us. These posts are annoying.,t3_1aei6di,0.0234630014747381,3.230584525226732e-06,0.0002630092785693,0.0004406537045724,0.0065206363797187,0.0001684932940406,7.74800791987218e-05,2024-01-30 07:55:43+00:00
AsahiLinux,wowsomuchempty,1706870043.0,"Hi,What model of mac is your computer?If you hold down the power button, can you boot into macos?If so, you could rerun the installation script from there.",t3_1agw5za,0.0008727744570933,2.7872270038642455e-06,7.229590119095519e-05,9.323337144451216e-05,0.0001058693160302,4.303653258830309e-05,4.06609833589755e-05,2024-02-02 10:34:03+00:00
AsahiLinux,wowsomuchempty,1706904361.0,"As this is asahi, if you hold down the power button, you can boot macos, rerun the installation script and install a fresh fedora remix.",t3_1ah37h3,0.0007069143466651,2.0274023881938774e-06,4.537929635262117e-05,9.709623554954304e-05,0.0001181385596282,4.770557279698551e-05,2.3523571144323796e-05,2024-02-02 20:06:01+00:00
AsahiLinux,wowsomuchempty,1706993790.0,"Ah, I was thinking you were not in the docker group.. but you are.",t3_1ai49dt,0.0034438790753483,1.2910913937957955e-06,4.4750198867404833e-05,0.0002886936708819,0.0007535219192504,5.040313772042282e-05,2.056305129372049e-05,2024-02-03 20:56:30+00:00
AsahiLinux,wowsomuchempty,1707215725.0,https://asahilinux.org/fedora/#device-supportClick on your model.USB-C Displays show as red.It is not supported. Expected sometime this year.Donation may speed development up:https://asahilinux.org/support,t3_1ak6h2d,0.0003994287399109,1.3986530120746463e-06,3.0278060876298696e-05,6.743367703165859e-05,0.0001017731701722,1.7869917428470217e-05,1.4366506547958124e-05,2024-02-06 10:35:25+00:00
AsahiLinux,wowsomuchempty,1707291611.0,"There is a way to set encryption, but it's not (yet) in the official installation script. A search engine could help here.Are we meant to try to convince you to use asahi at this point? Read up and decide if it's for you.",t3_1akxgro,0.0004307822382543,1.4918729220880778e-06,3.164789086440578e-05,6.442660378525034e-05,9.832539217313752e-05,2.3429294742527414e-05,1.4781126083107663e-05,2024-02-07 07:40:11+00:00
AsahiLinux,wowsomuchempty,1708338140.0,"I would definitely agree with 'set the bar too high'. The last 10% can take 90% of the work, so I'm sure they are deep into it - but don't feel inclined to leave 'work in progress' updates. I am also scouring different sites keen for updates. Asahi feels like when I first installed linux (back in '06).",t1_kr2mb1k,0.0003534050483722,1.4793725995332352e-06,2.9848964913981035e-05,6.809136539231986e-05,9.007262997329236e-05,1.870547021098901e-05,1.3682869393960573e-05,2024-02-19 10:22:20+00:00
AsahiLinux,wowsomuchempty,1709823005.0,My M1 2020 seems to have plenty of grunt and is nice n thin.,t3_1b8w5l8,0.0007069288403727,1.6626145225018265e-06,5.431567115010694e-05,7.536850171163678e-05,0.000166517929756,2.814031722664367e-05,2.04385542019736e-05,2024-03-07 14:50:05+00:00
AsahiLinux,wowsomuchempty,1709823076.0,"Bitwarden can be ran as a browser extension (chrome, firefox, etc).",t3_1b8vh3h,0.0004128793661948,1.5062316833791556e-06,2.5910760086844675e-05,9.1577967396006e-05,9.527790098218249e-05,2.370410948060453e-05,1.3298598787514491e-05,2024-03-07 14:51:16+00:00
AsahiLinux,wowsomuchempty,1709893922.0,"Welcome. 8gb ram is just fine, though you'd never guess from online reports.I think asahi bake in some zram default (I'll check next boot), which would help.",t1_ktuo3n8,0.0004599583044182,1.6397864328610012e-06,3.292356268502772e-05,7.739132706774399e-05,9.785452857613564e-05,2.5018020096467808e-05,1.6219259123317897e-05,2024-03-08 10:32:02+00:00
AsahiLinux,wowsomuchempty,1710103527.0,It is difficult to brick. There was an apple issue that caused some difficulties.What version of MacOS were you running?When did the issue occur? Any further info you can provide?Perhaps a screenshot (via phone camera) would help.,t3_1bbjuzm,0.0004619696701411,1.6040067976064163e-06,3.3906751923495904e-05,7.03544938005507e-05,0.0001050877035595,2.1697873307857662e-05,1.7269740055780858e-05,2024-03-10 20:45:27+00:00
AsahiLinux,wowsomuchempty,1710103984.0,"Ah. The partitioning can be confusing. Is there are chance you deleted a MacOS partition with disk utility by accident? If so, it may be worth taking it to the Apple shop.",t1_ku9sp9h,0.0005623115575872,1.8781657900035496e-06,4.014890510006808e-05,8.388325659325346e-05,0.0001004792720777,2.4961826056824062e-05,2.0623816453735344e-05,2024-03-10 20:53:04+00:00
AsahiLinux,wowsomuchempty,1710104493.0,"Some bits that might help? From my .config/sway/config  For the touchpad:     `input ""type:touchpad"" {`  `dwt enabled`  `tap enabled`  `natural_scroll enabled`  `middle_emulation enabled`     `}`The below allows auto-connection to known wifi (in my case)  `exec nm-applet --indicator`",t3_1baioeu,0.0004374874115455,1.752913476593676e-06,4.530548903858289e-05,5.850176239619031e-05,9.14491611183621e-05,2.088019573420752e-05,1.9535496903699823e-05,2024-03-10 21:01:33+00:00
AsahiLinux,wowsomuchempty,1710104627.0,"Not to replace, but there is a way to flash a non-functioning mac if you have another. I meant to repair.",t1_ku9u0dv,0.0004681370337493,1.6337768329321989e-06,3.129211108898744e-05,7.484087109332904e-05,9.597447933629157e-05,2.5845385607681237e-05,1.716292172204703e-05,2024-03-10 21:03:47+00:00
AsahiLinux,wowsomuchempty,1710180138.0,"`[0000ffff75634da0] read(6, ""Do you accept the terms of the l""..., 8192) = 1000`  `[0000ffff75634da0] read(6, ^Z`  `[1]+  Stopped                 strace -i pip install openconnect-sso`First time using strace, seems to have revealed an infinite loop (not seen on x86\_64 install).Oh - and thanks.",t1_kuaz2ex,0.0012234644964337,7.6000014814781025e-06,0.0002064785658149,0.0001522702368674,9.197642793878912e-05,4.8579353460809216e-05,8.575473475502804e-05,2024-03-11 18:02:18+00:00
AsahiLinux,wowsomuchempty,1710180191.0,Looks like it gets stuck asking for T&C agreement (see my other reply here).,t1_kue9os4,0.0006391731440089,1.587198426022951e-06,4.6131881390465423e-05,7.620995893375948e-05,0.0001395805593347,3.1297007808461785e-05,2.090715497615747e-05,2024-03-11 18:03:11+00:00
AsahiLinux,wowsomuchempty,1710240070.0,I tried via nix - same issue :-/[https://pypi.org/project/openconnect-sso/](https://pypi.org/project/openconnect-sso/),t3_1bbkpff,0.0003747875452972,1.6674418930051615e-06,3.678409484564327e-05,6.743875565007329e-05,8.645346679259092e-05,1.718332714517601e-05,1.4855316294415388e-05,2024-03-12 10:41:10+00:00
AsahiLinux,wowsomuchempty,1710323523.0,Great! Thanks a lot. My efforts at a source build and nix install hit the same issue.,t1_kukvusz,0.000637006945908,2.461453959767823e-06,5.673257328453474e-05,9.504858462605624e-05,8.748322579776868e-05,3.052443207707256e-05,2.633708754729014e-05,2024-03-13 09:52:03+00:00
AsahiLinux,wowsomuchempty,1710323829.0,"Ah, architecture is a tricky one to get around. Thanks for looking into this.",t1_kukm7bm,0.0004185751604381,1.40412714699778e-06,2.6872743546846323e-05,7.708580960752442e-05,0.0001015037341858,2.3175451133283783e-05,1.3471638339979108e-05,2024-03-13 09:57:09+00:00
AsahiLinux,wowsomuchempty,1710416369.0,Can you send a link to the log file indicated in the screenshot?,t3_1beil7g,0.0004613100318238,1.8202018736701575e-06,3.634440145106055e-05,7.685335003770888e-05,8.610494842287153e-05,2.2918433387530968e-05,1.890220482891891e-05,2024-03-14 11:39:29+00:00
AsahiLinux,wowsomuchempty,1710493748.0,"Thanks, I can't download that.Can you use [`https://pastebin.com`](https://pastebin.com) ?",t1_kuxirwd,0.0005128962220624,1.683381242401083e-06,4.00171811634209e-05,7.364370685536414e-05,9.701072121970356e-05,2.2573196474695575e-05,1.795681964722462e-05,2024-03-15 09:09:08+00:00
AsahiLinux,wowsomuchempty,1711462594.0,"Zram is compressed ram, yes.",t1_kwlzbve,0.0038542412221431,3.8784000935265794e-06,0.0002660886966623,0.0001496974437031,0.0007065864047035,9.391598723595962e-05,8.608163625467569e-05,2024-03-26 14:16:34+00:00
AsahiLinux,wowsomuchempty,1711913955.0,I really think it will be fine. Try and please report back.,t3_1bs3mcz,0.0005516670062206,1.5787279608048266e-06,3.825000749202445e-05,6.372963252943009e-05,0.0001149801755673,3.230196671211161e-05,1.6527355910511687e-05,2024-03-31 19:39:15+00:00
AsahiLinux,wowsomuchempty,1711983258.0,Exfat is another cross-OS option. Btrfs good if you're only gonna use Linux.,t1_kxjjo2y,0.0007464958471246,2.0121431134612067e-06,4.736057235277258e-05,0.000113995243737,0.0001189997492474,3.1312680221162736e-05,2.084436346194707e-05,2024-04-01 14:54:18+00:00
AsahiLinux,wowsomuchempty,1711989451.0,"Yup, I donate monthly via github also. A great project.",t3_1bt7nn1,0.000383263482945,1.4285379847933657e-06,2.963069709949195e-05,7.381505565717816e-05,9.433578088646756e-05,1.8543063561082818e-05,1.3328512977750506e-05,2024-04-01 16:37:31+00:00
AsahiLinux,wowsomuchempty,1712393258.0,"For me, it's freedom. Hard to explain.",t3_1bwd2ws,0.0004069432325195,1.1906655572602176e-06,2.416281495243311e-05,7.262951839948073e-05,0.0001076018816092,1.886674544948619e-05,1.0909568118222523e-05,2024-04-06 08:47:38+00:00
AsahiLinux,wowsomuchempty,1712826737.0,"My daily driver has been arch for years. Arm arch is not recognised by arch and wasn't a workable solution for the asahi devs when they tried initially. Fedora remix is the best option for asahi now. Hopefully arch will be a possibility in the future, when enough things are solved and can be passed downstream.",t1_kz1het1,0.0003509755479171,1.4175953992889845e-06,2.6329002139391378e-05,7.369956438196823e-05,9.307746950071304e-05,1.8587395970826037e-05,1.3219948414189275e-05,2024-04-11 09:12:17+00:00
AsahiLinux,wowsomuchempty,1712826927.0,"Yeah, another happy sway user here. I had to add a line in config to auto connect to wifi - did you have any issues?",t1_kz1tkah,0.0006619604537263,1.7421724578525757e-06,4.141502358834259e-05,8.415694901486859e-05,0.0001170347895822,2.6086869183927774e-05,2.11605365620926e-05,2024-04-11 09:15:27+00:00
AsahiLinux,wowsomuchempty,1713342838.0,"> I previously asked this question, but received beyond useless ""answers"".Great start, there. Nice one.",t3_1c5xtma,0.4289914667606354,1.1698791240633e-05,0.0016081953654065,0.0014472184702754,0.3662810921669006,7.316841220017523e-05,0.0002846034185495,2024-04-17 08:33:58+00:00
AsahiLinux,wowsomuchempty,1713361280.0,"Also, thinner and lighter.",t1_kzz3xzp,0.0004225425072945,1.2933477364640569e-06,2.258215499750804e-05,8.724229701329023e-05,0.0001086959528038,2.2971717044129036e-05,1.0962841770378873e-05,2024-04-17 13:41:20+00:00
AsahiLinux,wowsomuchempty,1713534741.0,"I've found 8gb sufficient for the same use case. Zram is set by default, which stretches it out a bit more.",t3_1c7qmde,0.0003718997177202,1.562466081850289e-06,2.859487176465336e-05,7.31094041839242e-05,8.698701276443899e-05,1.8476110199117105e-05,1.4578443369828165e-05,2024-04-19 13:52:21+00:00
AsahiLinux,wowsomuchempty,1713695243.0,"I may be wrong, but I think there is no x11 option for asahi.",t1_l0jqa43,0.0007114648469723,2.3134232378652086e-06,3.565560473361984e-05,0.000187583558727,8.874576451489702e-05,2.8966302124899812e-05,2.2150117729324847e-05,2024-04-21 10:27:23+00:00
AsahiLinux,wowsomuchempty,1715085119.0,"Can't imagine why it wouldn't work. Did you try? If so, what issues did you have?",t3_1clvv7q,0.0008316450985148,1.546693169984792e-06,4.474179149838165e-05,8.134188828989863e-05,0.0001634929212741,3.0600531317759305e-05,1.9420032913330942e-05,2024-05-07 12:31:59+00:00
AsahiLinux,wowsomuchempty,1715085407.0,"Used to run Plex, moved on to emby in docker.",t3_1ckwlui,0.0011547144968062,1.6585714774919325e-06,4.825379801332019e-05,0.0001491644070483,0.0002285513473907,4.925894972984679e-05,2.147245322703384e-05,2024-05-07 12:36:47+00:00
AsahiLinux,wowsomuchempty,1715085792.0,It's very difficult to stop idiots thinking stupid things. It also takes a lot of effort. I'd rather they focused on the remaining issues. The last 10% take 90% of the time.,t1_l1rosd2,0.9889129996299744,8.358812920050696e-05,0.001836817828007,0.0013448667014017,0.9836853742599488,0.0001629621838219,0.00017983156431,2024-05-07 12:43:12+00:00
AsahiLinux,wowsomuchempty,1715086059.0,As a sway user - helpful.,t1_l1lvlj0,0.0005416144849732,1.2271182185941143e-06,2.4473991288687102e-05,7.905274105723947e-05,0.0001298457209486,2.1229805497569032e-05,1.3808870789944194e-05,2024-05-07 12:47:39+00:00
AsahiLinux,wowsomuchempty,1715243935.0,"All good on sway. No announcement to upgrade yet from the Asahi team, so issues are to be expected until an announcement.",t3_1cnq2ya,0.0004358072765171,1.280417450288951e-06,2.5600353183108385e-05,7.171698234742507e-05,0.0001111714955186,2.0338749891379848e-05,1.2649892596527934e-05,2024-05-09 08:38:55+00:00
AsahiLinux,wowsomuchempty,1716116601.0,"Just tried - the update to kernel 6.8.9 took a looong time. All good, just give it time to complete.",t3_1cva3el,0.0004103097890038,1.5346919326475472e-06,3.2662279409123585e-05,7.00679374858737e-05,9.399044211022556e-05,2.1616458980133757e-05,1.440725645807106e-05,2024-05-19 11:03:21+00:00
AsahiLinux,wowsomuchempty,1716142301.0,Marcan mentioned a fedora pkg to update m1n1 to be compatible with the MacOS update. Wonder if that took the time.,t1_l4qi1km,0.0004204706056043,1.455348410672741e-06,3.1846164347371086e-05,6.858428969280794e-05,0.0001036057437886,1.8706006812863052e-05,1.349393369309837e-05,2024-05-19 18:11:41+00:00
AsahiLinux,wowsomuchempty,1716406545.0,Can you post the output of$ ip aDid it ever work on asahi?Does it work when you boot into macos?,t3_1cy3wlt,0.0025331261567771,7.773020115564577e-06,0.000352068367647,0.000167557504028,0.0001480171777075,7.354987610597163e-05,0.0001580508542247,2024-05-22 19:35:45+00:00
AsahiLinux,wowsomuchempty,1717097461.0,This bit me using the GUI package manager to update on plasma. I was able to revive via downgrading dracut ok. Bit puzzled why a solved issue is still with us.   Updating from the terminal is definitely safer for now.,t3_1cxrp7r,0.0005209270166233,1.716029714771139e-06,4.949938374920748e-05,6.077229409129359e-05,0.0001086446573026,2.192332067352254e-05,2.0701492758234963e-05,2024-05-30 19:31:01+00:00
AsahiLinux,wowsomuchempty,1717441361.0,"Didn't see this on Reddit. It was a very interesting read, so thought I'd share.",t3_1d7cf95,0.0003342865675222,1.3771922340310994e-06,2.5414337869733572e-05,6.447324994951487e-05,8.966394671006128e-05,1.642273309698794e-05,1.2419760423654225e-05,2024-06-03 19:02:41+00:00
AsahiLinux,wowsomuchempty,1717790552.0,Nice!,t3_1daj7j0,0.0004423721693456,1.146414433605969e-06,2.425680577289313e-05,7.184765854617581e-05,0.000115834925964,1.7444601326133125e-05,1.2275372682779562e-05,2024-06-07 20:02:32+00:00
AsahiLinux,wowsomuchempty,1718220785.0,"Luks works well, easy to setup. Give it 5 minutes and you'll be good. 'keyfile' is a good word to know.",t1_l8bc6tt,0.0009720557718537,2.6266739041602705e-06,8.973092189989984e-05,0.0001111586825572,0.0001835691655287,5.211839743424207e-05,4.099082434549928e-05,2024-06-12 19:33:05+00:00
AsahiLinux,wowsomuchempty,1718261069.0,Thanks for the edit!,t3_1degvxk,0.0017608099151402,6.9201951191644184e-06,0.0001157246224465,0.0002041881525656,8.672478725202382e-05,8.459747914457694e-05,7.573058974230662e-05,2024-06-13 06:44:29+00:00
AsahiLinux,wowsomuchempty,1718534219.0,"I have no issues with sway (m1 macbook, fully updated, fedora remix).",t1_l7i47j7,0.0003810168709605,1.4836648460914148e-06,2.860660242731683e-05,7.181614637374878e-05,9.426078759133816e-05,1.8244829334435053e-05,1.3332200069271494e-05,2024-06-16 10:36:59+00:00
AsahiLinux,wowsomuchempty,1719129741.0,"Part of learning is breaking things.If you can't boot into a working OS you can restore the mac from a working mac. If you go to an apple store, they can do it for you.",t3_1dlzl36,0.0006453637615777,2.0895856778224697e-06,4.833536149817519e-05,8.058995445026085e-05,0.0001049973507178,3.114899300271645e-05,2.6696472559706308e-05,2024-06-23 08:02:21+00:00
AsahiLinux,wowsomuchempty,1719340167.0,They are working on a proper virtualization solution for gaming. No timeline.,t3_1docvat,0.0004906894755549,1.4868107882648474e-06,2.7514219254953787e-05,8.679403981659561e-05,0.0001048087870003,2.270682125526946e-05,1.6115587641252205e-05,2024-06-25 18:29:27+00:00
AsahiLinux,wowsomuchempty,1719340602.0,"Plex should work on arm64 (aarch64). I run emby (Plex alternative) on docker on a pi5 (aarch64).Global protect.. should be ok. I use openconnect. If you need openconnect-sso - I tried for *ages* but could not get it working on arm64 (works well on x86_64).As for the rest... no idea, but if you try please report back. If you install asahi on your mini, you could test there before trying on the macbook.",t3_1dobp3w,0.000580659834668,2.69073848357948e-06,6.19720813119784e-05,8.922076813178137e-05,7.816788274794817e-05,2.986257095471956e-05,2.7117799618281424e-05,2024-06-25 18:36:42+00:00
AsahiLinux,wowsomuchempty,1719731112.0,"Dual boot. MacOS does not interact with Asahi, except in the sense of firmware updates.",t1_laxjdoy,0.0006360314437188,1.4447172134168795e-06,3.276576171629131e-05,9.452352242078632e-05,0.0001400748151354,2.6091522158822045e-05,1.6259773474303074e-05,2024-06-30 07:05:12+00:00
AsahiLinux,wowsomuchempty,1719749537.0,"Yes, you need MacOS to get fw updates.No idea about your second question, maybe ask in a mac subreddit.",t1_layoxdx,0.0015867620240896,4.4651751522906125e-06,0.0003007992636412,9.382978169014676e-05,0.0001729146606521,4.354185875854455e-05,7.00906603015028e-05,2024-06-30 12:12:17+00:00
AsahiLinux,wowsomuchempty,1720012802.0,"Yup, sway is rock solid.",t1_lb1v5p2,0.0007509083370678,1.6134682709889605e-06,4.165235077380203e-05,8.483450073981658e-05,0.0001811952533898,4.152246765443124e-05,1.9740678908419795e-05,2024-07-03 13:20:02+00:00
AsahiLinux,wowsomuchempty,1720252069.0,"It is really tempting, but I'm going to wait for the official way.",t3_1dwfbw2,0.0004368121153675,1.3280362054501893e-06,2.633769327076152e-05,8.224235352827236e-05,0.0001036797621054,2.3858143322286196e-05,1.261972101929132e-05,2024-07-06 07:47:49+00:00
AsahiLinux,wowsomuchempty,1720422614.0,"Yes, there is a sticky post on this subreddit.The way to run it natively would be if the game studio released the aarch64 binaries.",t1_lbv83js,0.0004511624283622,1.7923925952345598e-06,3.450814983807504e-05,8.672049443703145e-05,8.36820836411789e-05,2.3793501895852387e-05,1.7224376279045828e-05,2024-07-08 07:10:14+00:00
AsahiLinux,wowsomuchempty,1720987506.0,"I don't have my M1 to hand, but if it helps, this is not my experience with sway.",t3_1e1hutj,0.0007398753659799,2.015563495660899e-06,6.765441503375769e-05,7.209535397123545e-05,0.000171469815541,2.731776658038143e-05,2.9678658393095247e-05,2024-07-14 20:05:06+00:00
AsahiLinux,wowsomuchempty,1722674198.0,"Sway is really nice, worth looking into. Works v well on asahi.",t3_1eiq7r6,0.0004026479728054,1.401200279360637e-06,2.9187773179728534e-05,7.726353942416608e-05,0.0001022519718389,1.8513626855565235e-05,1.4272335647547152e-05,2024-08-03 08:36:38+00:00
AsahiLinux,wowsomuchempty,1722689498.0,"I'm from the UK, automatics are less common in older cars here.Well, if you didn't like i3, probably not for you..",t1_lgae0fh,0.0014901714166626,1.89222305380099e-06,6.17042460362427e-05,0.0001909893617266,0.0002451622858643,3.861301956931129e-05,2.3793953005224463e-05,2024-08-03 12:51:38+00:00
AsahiLinux,wowsomuchempty,1722768132.0,"Yes, just had this and came here to ask :-)",t3_1ej0ure,0.0004057663900312,1.23426832487894e-06,2.5765308237168935e-05,7.017198367975652e-05,9.929266525432467e-05,1.9587785573094152e-05,1.2130279174016325e-05,2024-08-04 10:42:12+00:00
AsahiLinux,wowsomuchempty,1722774067.0,"(when you connect the android phone, select 'usb tethering' on the phone - then it just works)",t1_lgd3wun,0.0003985180519521,1.508100240243948e-06,2.5573463062755764e-05,8.190886001102626e-05,9.483844769420102e-05,2.3666929337196052e-05,1.5855608580750413e-05,2024-08-04 12:21:07+00:00
AsahiLinux,wowsomuchempty,1722774731.0,Cosmic might be an option for you. It'll be the default when popos is soon released.,t1_lganpvb,0.0014580846764147,2.236312184322742e-06,6.523256888613105e-05,0.0002309581614099,0.0002427303552394,4.047308539156802e-05,3.692105383379385e-05,2024-08-04 12:32:11+00:00
AsahiLinux,wowsomuchempty,1722803680.0,Could someone let me know when 2.11-2 is ready to download so I could remove the versionlock?,t3_1ej0ure,0.0006175593007355,2.5423537408642005e-06,4.583566260407679e-05,0.0001096122214221,8.03748334874399e-05,3.930707316612825e-05,2.3208451239042915e-05,2024-08-04 20:34:40+00:00
AsahiLinux,wowsomuchempty,1722843845.0,"This is my first issue with Asahi. And it's not even an asahi issue, but fedora / wpa_supplicant. And it's easy to fix.Anyway, an unlucky first impression. Persevere!",t3_1ek60ob,0.0005593413370661,1.5442805079146638e-06,4.1696584958117455e-05,7.677402754779905e-05,0.0001184468346764,1.917770532600116e-05,1.7053314877557568e-05,2024-08-05 07:44:05+00:00
AsahiLinux,wowsomuchempty,1722843974.0,"As a long term arch user, I recommend the fedora remix for asahi.",t1_lgkavcf,0.0004037320322822,1.508451191511995e-06,2.765735553111881e-05,8.02552021923475e-05,9.43597115110606e-05,1.9575629266910255e-05,1.3744231182499789e-05,2024-08-05 07:46:14+00:00
AsahiLinux,wowsomuchempty,1722860865.0,"Fedora and asahi have a working relationship that means asahi requirements are upstreamed.The same cannot be said for archlinuxarm. So, whatever you get running will get developments either late or never.",t1_lgld21u,0.0003968590463045,1.3228284387878375e-06,2.5920398911694065e-05,7.297893898794428e-05,0.0001036958783515,1.817288648453541e-05,1.3584262887889054e-05,2024-08-05 12:27:45+00:00
AsahiLinux,wowsomuchempty,1722879789.0,"$ sudo dnf search wpa\_supplicant --showduplicatesstill has the latest as 2.11-1 - I think 2.11-2 is fixed, so I'll wait a bit.",t1_lgmirga,0.0004539630899671,1.7955267139768694e-06,4.341933527030051e-05,6.736779323546216e-05,9.683769894763827e-05,2.0412726371432655e-05,1.6954947568592615e-05,2024-08-05 17:43:09+00:00
AsahiLinux,wowsomuchempty,1722883080.0,Please read the previous posts in this subreddit.,t1_lglmeym,0.0003516837605275,1.2413736385497032e-06,2.2187114154803567e-05,6.402751023415476e-05,9.712707833386958e-05,1.7356702301185578e-05,1.1066770639445169e-05,2024-08-05 18:38:00+00:00
AsahiLinux,wowsomuchempty,1722884492.0,"By latest, I mean the developments for Asahi. Which personally are more useful.",t1_lgm4jaq,0.0003866604820359,1.2761823882101453e-06,2.3175651222118177e-05,7.958416972542182e-05,0.000100478027889,1.7432910681236535e-05,1.2311692444200162e-05,2024-08-05 19:01:32+00:00
AsahiLinux,wowsomuchempty,1722891022.0,"No point to reinstall, you'll be in the same situation.You don't need to remove it, just downgrade. Try to USB tether your phone.",t1_lgnmtvr,0.0005702148773707,1.60863316978066e-06,3.546086009009741e-05,7.206909504020587e-05,0.0001139590458478,3.059393566218205e-05,1.911312574520707e-05,2024-08-05 20:50:22+00:00
AsahiLinux,wowsomuchempty,1722891077.0,"I didn't do that, but downgraded wpa_supplicant instead and it works.",t1_lgnney2,0.0003531004767864,1.330321651948907e-06,2.5689934773254208e-05,7.196559454314411e-05,9.402638534083962e-05,1.60980926011689e-05,1.253520622412907e-05,2024-08-05 20:51:17+00:00
AsahiLinux,wowsomuchempty,1722964636.0,Thanks for the response. I got it working like so:    bindsym XF86MonBrightnessUp exec sudo light -A 10    bindsym XF86MonBrightnessDown exec sudo light -U 10    bindsym XF86AudioLowerVolume exec wpctl set-volume u/DEFAULT_AUDIO_SINK@ 5%-    bindsym XF86AudioRaiseVolume exec wpctl set-volume u/DEFAULT_AUDIO_SINK@ 5%+    bindsym XF86AudioMute exec wpctl set-mute u/DEFAULT_AUDIO_SINK@ toggle,t1_lgnhzvx,0.0005748193361796,2.6295786028640578e-06,8.34210732136853e-05,7.712286605965346e-05,9.974904969567432e-05,2.6548128516878933e-05,2.886267793655861e-05,2024-08-06 17:17:16+00:00
AsahiLinux,wowsomuchempty,1722970284.0,"Sounds like a cool trip!  I'm not a mac user, but I seem to remember seeing someone using a tiling windows manager on mac - so it should be possible. Maybe I'd test first if asahi + sway is workable given your charging limits. Though I'd probably opt for macos to be on the safe side here, tbh.Have fun!",t3_1eloryd,0.0005850958987139,1.660977432038635e-06,4.3226973502896726e-05,8.165080362232402e-05,0.0001210660193464,2.4286480766022574e-05,1.8021977666649036e-05,2024-08-06 18:51:24+00:00
AsahiLinux,wowsomuchempty,1723035676.0,"So, I think this is due to      @DEFAULT_AUDIO_SINK@ being unset.    wpctl status | grep Headphones     │      68. Built-in Audio Headphones           [vol: 0.50]    wpctl get-volume 68      Volume: 0.50    wpctl set-default 68    wpctl get-volume @DEFAULT_AUDIO_SINK@      Translate ID error: '-1' is not a valid ID (returned by default-nodes-api)So, the 'set-default' didn't work. Does anyone know how to set it?",t3_1elr464,0.0006276661879383,1.6479463056384702e-06,4.719704884337261e-05,7.293427916010842e-05,0.0001383581402478,2.2985412215348333e-05,1.971911478904076e-05,2024-08-07 13:01:16+00:00
AsahiLinux,wowsomuchempty,1723105917.0,I don't know if it applies to asahi. The workaround fix doesn't appear to do anything detrimental.,t1_lh1xrlt,0.0003863387973979,1.324930622104148e-06,2.517235952836927e-05,7.282967999344692e-05,0.0001009506304399,1.7061936887330376e-05,1.2307420547585934e-05,2024-08-08 08:31:57+00:00
AsahiLinux,wowsomuchempty,1723290687.0,"M1 macbook air, also. Connected to 5GHz wifi, brightness control working fine.",t1_lhf1nx5,0.0003857568081002,1.5875148164923305e-06,2.893581950047519e-05,7.587784057250246e-05,9.357772069051862e-05,2.143274286936503e-05,1.4858206668577624e-05,2024-08-10 11:51:27+00:00
AsahiLinux,wowsomuchempty,1723410887.0,"Naively, I would think they wouldn't interfere?Interested in trying cosmic also. There was some talk about the alpha not being an alpha, but I still plan to wait a bit.",t1_lhm5r2w,0.0004531487647909,1.602002612344222e-06,3.263609323767014e-05,7.959076901897788e-05,9.471508383285254e-05,2.4184600988519375e-05,1.6770849470049143e-05,2024-08-11 21:14:47+00:00
AsahiLinux,wowsomuchempty,1723470661.0,"The wizard hat is pretty appropriate for that one! Personally, I'd rather have limited things working well, rather than have her spread like butter over too much bread.Thanks for all your work, Alyssa.",t3_1eq7l8h,0.0009361187112517,1.5010950846772175e-06,4.9142498028231785e-05,8.347351104021072e-05,0.0002363459643675,2.3944006898091175e-05,2.492355451977346e-05,2024-08-12 13:51:01+00:00
AsahiLinux,wowsomuchempty,1723643043.0,Thanks for the update!,t3_1erx8ut,0.0004949982394464,1.4359370652528014e-06,2.7488020350574516e-05,7.713551167398691e-05,9.861356375040486e-05,2.465105353621766e-05,1.1332104804750998e-05,2024-08-14 13:44:03+00:00
AsahiLinux,wowsomuchempty,1723721695.0,Enjoy!,t1_li6b4ke,0.0014936192892491,1.3191927337175002e-06,2.997678711835761e-05,0.000297642458463,0.0003067380748689,3.884014950017445e-05,2.235468491562642e-05,2024-08-15 11:34:55+00:00
AsahiLinux,wowsomuchempty,1723805231.0,"Yea, it reminds me of the excitement I felt running linux for the first time.The M series macs are incredible hardware, it great to free them. Glad to be a donator to the project.",t3_1etld98,0.0005032988847233,1.424897050128493e-06,4.1143874113913625e-05,5.882168989046477e-05,0.000129683263367,1.8820326658897105e-05,1.8555923816165887e-05,2024-08-16 10:47:11+00:00
AsahiLinux,wowsomuchempty,1723889217.0,"I don't know if they don't want.They could easily lock down macs to prevent running another OS.I'd say, they don't care. But it is interesting they allow it.",t1_lignds7,0.0008932378841564,1.4979717661844916e-06,3.688751166919246e-05,0.0001075230102287,0.000179553986527,3.3431395422667265e-05,1.6882955605979078e-05,2024-08-17 10:06:57+00:00
AsahiLinux,wowsomuchempty,1724139607.0,I am a weirdo in as much that I'd quite fancy trying 'Performing a DFU revive or restore using a machine running Fedora Linux'... but still quite glad I don't need to.,t3_1ewbx3e,0.0086334254592657,5.175236310606124e-06,0.0006444181781262,0.0002393881441093,0.0018040335271507,6.524320633616298e-05,0.0001513966417405,2024-08-20 07:40:07+00:00
AsahiLinux,wowsomuchempty,1724351260.0,"I mean, you ask in an asahi linux subreddit about macosx. Maybe ask in a mac forum? They are separate operating systems.",t3_1eyqgtx,0.0004397203156258,1.4566606978405616e-06,2.8322772777755745e-05,8.523995347786695e-05,0.000102090431028,1.977542160602752e-05,1.6784993931651115e-05,2024-08-22 18:27:40+00:00
AsahiLinux,wowsomuchempty,1724356785.0,It really wouldn't affect the macos install. It just resizes the partition on the macos side.,t1_ljf58zd,0.0005223234184086,1.6221529222093525e-06,3.484571789158508e-05,0.0001042576623149,0.0001088730205083,2.309283081558533e-05,1.7695736460154876e-05,2024-08-22 19:59:45+00:00
AsahiLinux,wowsomuchempty,1724576047.0,Glad you fixed it!,t1_ljfol5v,0.0034735300578176,5.811040409753332e-06,0.0003369618207216,0.0001553965557832,0.0002812390157487,0.0003735498175956,6.319164094747975e-05,2024-08-25 08:54:07+00:00
AsahiLinux,wowsomuchempty,1724693577.0,"Uh, OP thought it might have been due to Asahi. I didn't think so, suggested to ask mac forums - OP replied that he had, that it was a mac issue and he fixed it. I'm not sure how I could have been more helpful. Perhaps more polite? Tone is difficult over text. I do not think OP took the same opinion as you. A negative is sometimes more useful than nothing.",t1_lk0iec1,0.0007406241493299,1.8384306486041169e-06,5.040885662310757e-05,8.27077092253603e-05,0.0001210386617458,1.818363307393156e-05,2.3290664103114977e-05,2024-08-26 17:32:57+00:00
AsahiLinux,wowsomuchempty,1724778912.0,I'd recommend learning Linux from scratch on a classic x64_86 box. Unless you're a true masochist.,t3_1f2hplb,0.3180080056190491,7.28776867617853e-05,0.007062233518809,0.0154530517756938,0.1083767861127853,0.000338238722179,0.0017939259996637,2024-08-27 17:15:12+00:00
AsahiLinux,wowsomuchempty,1725013128.0,I really doubt that. Try reposting.,t1_lj8bcel,0.0047273323871195,2.4511098217772087e-06,0.000144331541378,0.0001649334444664,0.0009183992515318,0.0001028192564263,5.546168176806532e-05,2024-08-30 10:18:48+00:00
AsahiLinux,wowsomuchempty,1725013261.0,"Also run hyprland on my M1.Tbh, it is the smoothest of my 3 hprs, the other two on x86_64 boxes.",t1_lia64bp,0.0010970539879053,5.134898856340442e-06,0.0001391078112646,0.0001348297810181,9.777412924449892e-05,5.020046955905855e-05,6.107945955591276e-05,2024-08-30 10:21:01+00:00
AsahiLinux,wowsomuchempty,1725442605.0,"[https://www.reddit.com/r/AsahiLinux/comments/178njo5/partitioning\_advice/?utm\_source=share&utm\_medium=web3x&utm\_name=web3xcss&utm\_term=1&utm\_content=share\_button](https://www.reddit.com/r/AsahiLinux/comments/178njo5/partitioning_advice/?utm_source=share&utm_medium=web3x&utm_name=web3xcss&utm_term=1&utm_content=share_button) - Marcan helped me to resize via this way a year ago. But - it is not the safest way \*at all\*. An easy way to bork your system.   Still, may be useful to read for a better understanding.",t3_1f8kw71,0.00144771754276,2.824886678354233e-06,0.0001756063720677,7.974301843205467e-05,0.0002960242854896,4.067269401275553e-05,6.767390004824847e-05,2024-09-04 09:36:45+00:00
AsahiLinux,wowsomuchempty,1725526212.0,No - I'd recommend an old laptop and something like linux mint.,t3_1f9176g,0.0003888157662004,1.5129057828744408e-06,2.6630665161064823e-05,7.632712367922068e-05,9.149120160145684e-05,2.114689959853422e-05,1.4364423805091064e-05,2024-09-05 08:50:12+00:00
AsahiLinux,wowsomuchempty,1725789386.0,"It should work. If it does not, your macbook will not be operational.",t1_lm32h5x,0.0005412442260421,1.8006694517680444e-06,3.941566319554113e-05,7.515447941841558e-05,0.000103286729427,2.910330840677489e-05,1.8294991605216637e-05,2024-09-08 09:56:26+00:00
AsahiLinux,wowsomuchempty,1725789668.0,"Hi,Thanks for updating. Maybe put inEdit: SOLVEDat the top of your post, to help people who read the whole thing trying to think of things to help.",t3_1f8p2i9,0.0003730352327693,1.5300272480089916e-06,3.1403258617501706e-05,6.154715811135247e-05,9.304890409111977e-05,1.862510180217214e-05,1.524404069641605e-05,2024-09-08 10:01:08+00:00
AsahiLinux,wowsomuchempty,1725789778.0,"I fund Marcan, as the lead he will distribute funds as required.",t1_lkhg44s,0.0004374807467684,1.272146846531541e-06,2.7370882889954373e-05,7.299334538402036e-05,0.0001178189413622,1.995969796553254e-05,1.2419144695741124e-05,2024-09-08 10:02:58+00:00
AsahiLinux,wowsomuchempty,1725982094.0,"Sway is light, works perfectly. Hyprland also.",t3_1fdfihr,0.0004715893301181,1.5235361843224382e-06,2.941113598353695e-05,8.456456998828799e-05,0.0001159361490863,2.5538027330185287e-05,1.309337585553294e-05,2024-09-10 15:28:14+00:00
AsahiLinux,wowsomuchempty,1726040131.0,"Only way to get firmware updates, if you cared about that.",t1_lmjrf78,0.0005305671365931,1.457722305531206e-06,2.8646485588978976e-05,9.042643068823963e-05,0.0001110096418415,2.7746911655412987e-05,1.4613269740948454e-05,2024-09-11 07:35:31+00:00
AsahiLinux,wowsomuchempty,1726345993.0,"However, Apple have made cockups in the past..May be better not to be the first to upgrade and check this subreddit.",t3_1fgtbsa,0.0011671469546854,2.6085131139552686e-06,0.0001250110653927,9.245030378224328e-05,0.0002303858782397,3.0190551115083508e-05,6.374921213136986e-05,2024-09-14 20:33:13+00:00
AsahiLinux,wowsomuchempty,1726425417.0,MacOS needs at least 80GB for firmware updates.,t1_lna7en9,0.0010866568190976,2.2172780518303625e-06,6.237733759917319e-05,0.0001202440907945,0.0001756006822688,5.061038973508403e-05,3.166286478517577e-05,2024-09-15 18:36:57+00:00
AsahiLinux,wowsomuchempty,1726471496.0,"Just a heads up - M1 and M2 supported right now. Later chips will be, but not a priority. They are focused on getting everything working for these first.",t3_1fheqpt,0.0007697230321355,1.7929909290614887e-06,5.766671529272571e-05,6.731288885930553e-05,0.0001635785301914,3.532561458996497e-05,2.895370744226966e-05,2024-09-16 07:24:56+00:00
AsahiLinux,wowsomuchempty,1727029122.0,"Just out of curiosity, as both shutdown and boot take just a few seconds, why not do that?",t1_loc8qwq,0.000489400641527,1.19959668154479e-06,2.308598232048098e-05,8.266742224805057e-05,0.0001239350094692,2.5011533580254763e-05,1.3855568795406724e-05,2024-09-22 18:18:42+00:00
AsahiLinux,wowsomuchempty,1727031390.0,M3 as of yet unsupported.,t1_lobqnve,0.0004520716902334,1.5357255733761122e-06,3.608727638493292e-05,6.51334848953411e-05,0.0001029174454743,2.1654608644894324e-05,1.3873893294658046e-05,2024-09-22 18:56:30+00:00
AsahiLinux,wowsomuchempty,1727076099.0,These are volunteers creating magic.How are your commits looking?,t1_lofh2dd,0.0008079989347606,1.394332571180712e-06,3.53536888724193e-05,8.602624438935891e-05,0.0001848446554504,2.7847354431287386e-05,1.6948222764767706e-05,2024-09-23 07:21:39+00:00
AsahiLinux,wowsomuchempty,1727427233.0,"Apple could definitely lock the boot loader, should they choose to.",t1_lp5kror,0.0007915258756838,1.568844595567498e-06,2.8675867724814452e-05,0.000115441820526,0.0001598210801603,6.236085755517706e-05,2.027803384407889e-05,2024-09-27 08:53:53+00:00
AsahiLinux,wowsomuchempty,1727443499.0,"[https://protonvpn.com/support/official-linux-vpn-fedora/](https://protonvpn.com/support/official-linux-vpn-fedora/) - did this not work? If not, what were the errors?",t3_1fqlnx1,0.0003948844096157,1.2890515108665568e-06,2.890316682169214e-05,6.5519408963155e-05,0.0001052260777214,1.668521508690901e-05,1.2221406905155163e-05,2024-09-27 13:24:59+00:00
AsahiLinux,wowsomuchempty,1727879321.0,Goddamnit. Love ruins everything.,t1_lprob2q,0.414669007062912,0.0007520180079154,0.3866640329360962,0.002014648867771,0.0178141817450523,0.0004834666324313,0.0027850524056702,2024-10-02 14:28:41+00:00
AsahiLinux,wowsomuchempty,1727879668.0,Don't downvote for asking polite questions please.,t1_lpncs2o,0.0008246671059168,1.3120973108016187e-06,3.0263105145422745e-05,0.0001054660679074,0.000172652376932,3.1012677936814725e-05,1.625031654839404e-05,2024-10-02 14:34:28+00:00
AsahiLinux,wowsomuchempty,1728116821.0,"I have used that on Linux in the past. Once supported, always supported I'd imagine. Worst case is you install the wifi driver from source. Then reaper, aircrack-ng, etc.",t1_lqeime8,0.0005139937275089,1.7164011296699757e-06,4.048748451168649e-05,7.015438313828781e-05,0.0001099159635487,2.7800178941106424e-05,2.0611272702808492e-05,2024-10-05 08:27:01+00:00
AsahiLinux,wowsomuchempty,1728576991.0,Christmas comes early! Thank you!,t3_1g0jhzq,0.0004281808796804,1.3354850807445473e-06,3.0152916224324144e-05,6.202156509971246e-05,0.0001050064602168,2.208344631071668e-05,1.2565296856337229e-05,2024-10-10 16:16:31+00:00
AsahiLinux,wowsomuchempty,1728631981.0,"Post is deleted.It'd be good to have a general place to report game performance, especially with 8GB ram.By the way, steam runs fine for me on an M1, no issues. I did wait and not try one of the user approaches first, might've helped.",t1_lrbzzn8,0.0005568656488321,2.001072516577551e-06,4.4903019443154335e-05,7.853541319491342e-05,9.819355182116853e-05,2.718906216614414e-05,2.7259680791758e-05,2024-10-11 07:33:01+00:00
AsahiLinux,wowsomuchempty,1728665827.0,The icon for wifi shows disconnected.. but wifi still works (downloading fallout 4 now).Haven't noticed any disconnects with the system wifi. How stable is your network?,t3_1g1aggu,0.0004969268338754,1.578047431394225e-06,3.092646875302307e-05,7.702026778133586e-05,0.000103461992694,2.302018037880771e-05,1.7014912373269908e-05,2024-10-11 16:57:07+00:00
AsahiLinux,wowsomuchempty,1729112805.0,Weird. My stadia controller was recognised ok.,t3_1g3tyvl,0.0018682655645534,2.3001357476459816e-06,0.0001070962025551,0.0001666872558416,0.0003224789397791,5.173472891328856e-05,3.737791485036723e-05,2024-10-16 21:06:45+00:00
AsahiLinux,wowsomuchempty,1729113190.0,"The trade is lose 1 part ram, gain 4 parts zram, so not 10%. But there is added latency. I'd just stick to the defaults.",t1_lrptjrw,0.0003977587621193,1.473370275562047e-06,2.9071989047224633e-05,7.337425631703809e-05,9.535151912132278e-05,2.0945550204487517e-05,1.4525015103572514e-05,2024-10-16 21:13:10+00:00
AsahiLinux,wowsomuchempty,1729422423.0,https://github.com/AsahiLinux/widevine-installer,t3_1g7w5vw,0.0003672014572657,1.291155399485433e-06,2.2971233192947693e-05,8.09381454018876e-05,9.97838651528582e-05,1.7750277038430795e-05,1.17919507829356e-05,2024-10-20 11:07:03+00:00
AsahiLinux,wowsomuchempty,1729514076.0,Fedora remix is the best for everything.. as it is supported upstream and down.,t3_1g8ns47,0.0003980314941145,1.2068027217537749e-06,2.498709727660753e-05,6.522273906739429e-05,0.0001118279324145,1.7205398762598634e-05,1.162262742582243e-05,2024-10-21 12:34:36+00:00
AsahiLinux,wowsomuchempty,1729753046.0,Depends on you. I left macos 80gb.,t3_1gatzxa,0.0049704574048519,4.636878202290973e-06,0.0003147540846839,0.0002394671319052,0.0005715144798159,0.0001742352033033,8.047276787692681e-05,2024-10-24 06:57:26+00:00
AsahiLinux,wowsomuchempty,1729756993.0,Apptainer,t3_1gapto9,0.0011916335206478,1.3174990272091236e-06,4.349148366600275e-05,9.175873856293038e-05,0.0003011444641742,3.0275603421614505e-05,1.981888271984644e-05,2024-10-24 08:03:13+00:00
AsahiLinux,wowsomuchempty,1730119641.0,Dp-alt mode is in the works.. but has been for a while.,t3_1gdyntx,0.000686187762767,1.7910614360516774e-06,6.282440153881907e-05,6.909514195285738e-05,0.0001475182507419,2.4250537535408512e-05,2.1735877453465943e-05,2024-10-28 12:47:21+00:00
AsahiLinux,wowsomuchempty,1730188091.0,The last 10% takes 90% of the work. They'll get there.,t1_lu68clo,0.0005061037954874,1.5573352811770746e-06,3.532436676323414e-05,7.764095062157139e-05,0.0001068263154593,2.8158061468275264e-05,1.7032381947501563e-05,2024-10-29 07:48:11+00:00
AsahiLinux,wowsomuchempty,1730203516.0,Does it behave the same on a different network? Was it rock solid on that network before the upgrade? What version of wpa_supplicant was the upgrade to and from?,t3_1gegi8l,0.0004378218145575,1.3868238966097124e-06,3.0390183383133262e-05,6.54907344141975e-05,0.0001056682085618,1.8027942132903263e-05,1.50407176988665e-05,2024-10-29 12:05:16+00:00
AsahiLinux,wowsomuchempty,1730277080.0,Yup.,t3_1gfg4jk,0.000671726767905,1.201184545607248e-06,3.2974778150673956e-05,9.571454575052484e-05,0.000145151221659,2.6945572244585492e-05,1.1451979844423477e-05,2024-10-30 08:31:20+00:00
AsahiLinux,wowsomuchempty,1730386279.0,"Yep. Also Herculean, I think.Nice post, thanks.",t1_lupa8xm,0.0004523337411228,1.2912785223306855e-06,2.8810014555347152e-05,8.174351387424394e-05,0.0001077606284525,1.674812301644124e-05,1.283866095036501e-05,2024-10-31 14:51:19+00:00
AsahiLinux,wowsomuchempty,1730536743.0,"No. M1 & M2 are. One day, probably, M3+.",t3_1ghrn30,0.0005784039385616,1.6368023807444845e-06,4.9342866986989975e-05,7.573853508802131e-05,0.0001341443421551,2.1492098312592137e-05,1.59315750352107e-05,2024-11-02 08:39:03+00:00
AsahiLinux,wowsomuchempty,1730845993.0,"You jest, but mac upgrades have damaged asahi before.",t1_lvl679e,0.001351301674731,2.1668593035428785e-06,8.576150867156684e-05,0.0001235806266777,0.0002661604667082,4.7044173697941005e-05,2.417390169284772e-05,2024-11-05 22:33:13+00:00
AsahiLinux,wowsomuchempty,1731097250.0,"I dislike MacOS. The only way I could use a macbook was with Linux, so I'm very happy with Asahi.",t1_luuj4wl,0.0007952371961437,2.140413926099427e-06,4.698028715210967e-05,0.0001302549499087,0.0001110496596083,2.99854527838761e-05,2.3479642550228164e-05,2024-11-08 20:20:50+00:00
AsahiLinux,wowsomuchempty,1731335779.0,"It doesn't have to be a mac, can be another linux box.",t3_1gok9pz,0.0003628587583079,1.2584835076268064e-06,2.2999181965133175e-05,7.116964115994051e-05,0.0001004642253974,1.7160842617158778e-05,1.1761537280108314e-05,2024-11-11 14:36:19+00:00
AsahiLinux,wowsomuchempty,1731350151.0,"Doesn't have anything to do with hackintosh.I haven't done it myself with a linux box, but it should be possible.",t1_lwl64a5,0.0004961565136909,1.711166305540246e-06,4.431131310411729e-05,6.875113467685878e-05,0.0001006650345516,2.149310239474289e-05,1.7256568753509782e-05,2024-11-11 18:35:51+00:00
AsahiLinux,wowsomuchempty,1731837583.0,Pi 5 won't break a sweat with all 3.,t1_lxgh3h5,0.0007339049479924,1.8532314243202563e-06,5.0281003495911136e-05,8.247796358773485e-05,0.0001549672888359,5.0330178055446595e-05,1.9396267816773616e-05,2024-11-17 09:59:43+00:00
AsahiLinux,wowsomuchempty,1732048078.0,Haven't seen that behaviour myself. If you link to the videos in question I could test it.,t3_1gv4eya,0.0007633937639184,2.3408358629239956e-06,5.431826502899639e-05,7.952279702294618e-05,0.0001120958040701,6.407173350453377e-05,2.781619332381524e-05,2024-11-19 20:27:58+00:00
AsahiLinux,wowsomuchempty,1732090840.0,"https://asahilinux.orgPlease read up well before you install, not everything is supported.If you want to uninstall asahi, read up and fully understand what you're doing before you delete anything.I wouldn't try hyprland right away. First get used to KDE plasma.",t3_1gvjwbr,0.0005621028249152,1.8329949398321332e-06,4.187282684142701e-05,7.813703268766403e-05,0.0001001802957034,2.6017478376161307e-05,1.9423885532887653e-05,2024-11-20 08:20:40+00:00
AsahiLinux,wowsomuchempty,1732139970.0,"Personally, I prefer KDE to gnome.But sway more than either.Hypr is nice, but different controls to sway / i3 and I'm not motivated to learn em.",t1_ly2k9ru,0.0014432747848331,3.3390135740773985e-06,0.0001110660741687,0.0001474369637435,0.0001815113500924,3.520162499626167e-05,5.517281169886701e-05,2024-11-20 21:59:30+00:00
AsahiLinux,wowsomuchempty,1732140076.0,You can install all DEs / WMs / compositors and select whichever before login.It doesn't matter what you chose in the install (goes for any Linux distro).,t1_ly2k0cz,0.0005128522170707,1.6307211581079173e-06,3.749794632312842e-05,8.472301851725206e-05,0.0001047667246893,2.3037024220684543e-05,1.8942988390335813e-05,2024-11-20 22:01:16+00:00
AsahiLinux,wowsomuchempty,1732142590.0,"Great post, great relies!",t3_1gvvytc,0.0004642506537493,1.1566306739041463e-06,2.2823076506028883e-05,7.260424172272906e-05,0.0001261543075088,2.149488500435837e-05,1.0545481018198188e-05,2024-11-20 22:43:10+00:00
AsahiLinux,wowsomuchempty,1732188669.0,Before running the installation script again..Turn it off.Turn it on - but keep the power button depressed for half a minute (until 'loading options').,t3_1gvzp0o,0.0004840024630539,1.4702051203130395e-06,2.842359026544727e-05,7.758285210002214e-05,0.0001097772837965,2.7226242309552617e-05,1.7402331650373526e-05,2024-11-21 11:31:09+00:00
AsahiLinux,wowsomuchempty,1732229709.0,You can set the default with asahi-bless,t1_lyamk64,0.0036933480296283,3.916023615602171e-06,0.0004653998184949,0.0001129974043578,0.0008336988394148,6.352267519105226e-05,5.652671097777784e-05,2024-11-21 22:55:09+00:00
AsahiLinux,wowsomuchempty,1732312191.0,"I really enjoy using asahi. I hate macOS, but the hardware is fire.",t3_1gx72w4,0.006028383038938,3.299754098406993e-06,0.000124264814076,0.0006508785299956,0.0006588082760572,0.0001715460239211,4.193932545604184e-05,2024-11-22 21:49:51+00:00
AsahiLinux,wowsomuchempty,1732350163.0,"I use github as they take less of a cut, more $ to the devs.",t1_lyhv9i4,0.0005407027783803,1.45817568864004e-06,3.583326906664297e-05,7.753270620014518e-05,0.0001238846743945,2.37294862017734e-05,1.5171120139712002e-05,2024-11-23 08:22:43+00:00
AsahiLinux,wowsomuchempty,1733138984.0,"Hi,It was a great post and inspired Lina to look into preventing the GPU from taking all the uniform memory and crashing (which should be managed at the OS level and not with software patches).I'd say the hashcat 'bug' was very useful, really.Lina, if you are reading this, thanks for the transparency - it is very interesting to see how things progress (as far as I can understand it!). Also - congratulations ; )",t3_1h4cqk5,0.0004307502240408,1.9412436813581735e-06,3.950982136302627e-05,7.196250953711569e-05,8.453401096630841e-05,2.0124338334426284e-05,1.8871729480451904e-05,2024-12-02 11:29:44+00:00
AsahiLinux,wowsomuchempty,1733178982.0,"That is the general consensus, but I actually think asahi is a good environment for a beginner now.",t1_lzhkqbo,0.0003508320369292,1.371448888676241e-06,2.381279409746639e-05,7.482681394321844e-05,9.503344335826114e-05,1.7467542420490645e-05,1.2328892808000091e-05,2024-12-02 22:36:22+00:00
AsahiLinux,wowsomuchempty,1733179043.0,Good stuff. A lot of us are eagerly awaiting.,t1_lzl1kf3,0.0005075448425486,1.4825403695795103e-06,3.589356492739171e-05,7.506230031140149e-05,0.000110776782094,2.5208464649040252e-05,1.7523736460134387e-05,2024-12-02 22:37:23+00:00
AsahiLinux,wowsomuchempty,1733262094.0,https://mastodon.social/@arstechnica/113590114441170392,t3_1h5z0rw,0.0004846917290706,1.5987181996024449e-06,4.076709592482075e-05,7.649567123735324e-05,0.0001102867827285,2.007067450904287e-05,1.5042439372336958e-05,2024-12-03 21:41:34+00:00
AsahiLinux,wowsomuchempty,1733347234.0,"Great stream, thanks!",t3_1h6q15c,0.0004477446200326,1.2323722557994188e-06,2.4312294044648297e-05,7.783591718180105e-05,0.0001083882452803,2.1183330318308435e-05,1.1006210115738211e-05,2024-12-04 21:20:34+00:00
AsahiLinux,wowsomuchempty,1733836564.0,Can always use a BT set.,t1_m19axz0,0.0005587150226347,1.5173793599387864e-06,3.20496219501365e-05,8.981258724816144e-05,0.0001264514285139,2.570718788774684e-05,1.5874005839577876e-05,2024-12-10 13:16:04+00:00
AsahiLinux,wowsomuchempty,1733910876.0,"```dnf install @cosmic-desktop-environment```Written in Rust, it feels like a cross between a DE and a WM. Really intuitive and looks ace.",t3_1hbq3ev,0.0003631371364463,1.4557787153535171e-06,2.8158410714240745e-05,6.95006237947382e-05,9.513716941000894e-05,1.92749375855783e-05,1.3626822692458518e-05,2024-12-11 09:54:36+00:00
AsahiLinux,wowsomuchempty,1733917899.0,"I don't think so, they recommend KDE plasma.You can have multiple ones and pick at login.They are big on Rust, so might like it.",t1_m1ibpnv,0.0004152053152211,1.3347911362870946e-06,2.678802775335498e-05,7.234659278765321e-05,0.0001088421922759,1.888510632852558e-05,1.2962772416358348e-05,2024-12-11 11:51:39+00:00
AsahiLinux,wowsomuchempty,1734421583.0,"The developers have put a lot of thought into what sensible defaults should be in place, so there's no need for additional tweaks.Battery life is a known issue, not just to asahi, but linux in general. They're working on it. MacOS will have better battery life for a long time, probably forever.There is nothing you *need* to do post installation. I added sway, hyprland and cosmic as I like different desktop feels - but I'm not recommending to do that.",t3_1hfvmyh,0.0003953716077376,1.3199590966905816e-06,2.9289800295373425e-05,6.57672353554517e-05,0.0001077544729923,1.597274240339175e-05,1.306832655245671e-05,2024-12-17 07:46:23+00:00
AsahiLinux,wowsomuchempty,1734519903.0,What commands are you trying to install them?,t1_m2lot4y,0.0015818569809198,2.1288976768119028e-06,5.9806203353218734e-05,0.0001421175256837,0.0002118790871463,7.989379810169339e-05,2.741239222814329e-05,2024-12-18 11:05:03+00:00
AsahiLinux,wowsomuchempty,1734546820.0,It's just fedora. So search 'how do I install x in fedora',t1_m2oi7wc,0.0004869261174462,1.501334168096946e-06,2.855625825759489e-05,0.0001114161277655,0.0001050213832058,2.283232970512472e-05,1.4973968973208684e-05,2024-12-18 18:33:40+00:00
AsahiLinux,wowsomuchempty,1734997285.0,Not sure asahi works that way..,t1_m3g48tg,0.0003826306492555,1.2130994946346618e-06,2.2519036065205e-05,7.887307583587244e-05,0.0001014177323668,1.9239601897425015e-05,1.072694158210652e-05,2024-12-23 23:41:25+00:00
AsahiLinux,wowsomuchempty,1735305133.0,Bluetooth speaker might be your best bet.,t3_1hn7086,0.0006679844809696,1.2853773796450696e-06,3.205035318387672e-05,8.421563688898459e-05,0.0001722882734611,2.7337728170095943e-05,1.5782621630933136e-05,2024-12-27 13:12:13+00:00
AsahiLinux,wowsomuchempty,1735380442.0,"I don't know, but why not?",t1_m447ck2,0.0005432811449281,1.3322045333552524e-06,2.9361448468989693e-05,8.922638517105952e-05,0.0001230850321007,2.3256794520420954e-05,1.2158538993389811e-05,2024-12-28 10:07:22+00:00
AsahiLinux,wowsomuchempty,1735811763.0,"Honestly, this kind of gatekeeping is happening everywhere now.I bet fusion would be solved and we would have tons of new antibiotics if only the research was made more community accessible.",t3_1hrgeda,0.0003687790594995,1.4105896752880651e-06,2.470793879183475e-05,7.690988422837108e-05,9.505375055596232e-05,1.947981581906788e-05,1.2914130820718128e-05,2025-01-02 09:56:03+00:00
AsahiLinux,wowsomuchempty,1736009111.0,Wunderbar!,t3_1hthw0w,0.0132108498364686,6.9265270212781616e-06,0.0010675605153664,0.0002204419142799,0.0035566263832151,0.0001672149810474,0.0002208393125329,2025-01-04 16:45:11+00:00
AsahiLinux,wowsomuchempty,1736207684.0,Considering the care that went into speaker-safetyd <sp> might be a while.,t1_m5hnbep,0.0005558228585869,1.252936613127531e-06,3.206860856153071e-05,6.772612687200308e-05,0.0001481456711189,2.124463026120793e-05,1.541905294288881e-05,2025-01-06 23:54:44+00:00
AsahiLinux,wowsomuchempty,1736297591.0,"Battery life on Linux is poorer *period*. There's enough to do for the asahi devs with Apple reverse engineering already, before taking on one of the biggest general Linux challenges.5-6 hours is pretty good. MacOS is optimised for the hardware, so will most likely always be better for battery life.For me, a small price to pay for freedom.",t3_1hvy8om,0.0004520986403804,1.453187678635004e-06,3.1932864658301696e-05,7.654842193005607e-05,0.0001095309344236,2.027532536885701e-05,1.4654747246822808e-05,2025-01-08 00:53:11+00:00
AsahiLinux,wowsomuchempty,1736297711.0,Long-term health can be improved by limiting max charge to 80% capacity.,t1_m5x372v,0.000492941297125,1.4294674883785774e-06,2.5744971935637295e-05,8.916854858398438e-05,0.0001225532178068,2.4366048819501884e-05,1.5562496628263034e-05,2025-01-08 00:55:11+00:00
AsahiLinux,wowsomuchempty,1736297925.0,"Try sway. Also hyprland & cosmic work really well.Cosmic perhaps not if you want low power usage, but it is a lovely experience. Hopefully usage goes down as they get towards a stable release.",t1_m5stoqp,0.0004158696101512,1.4848793625787948e-06,2.8332986403256655e-05,7.796100544510409e-05,0.0001029207924148,2.0982757632737048e-05,1.5255181097018068e-05,2025-01-08 00:58:45+00:00
AsahiLinux,wowsomuchempty,1736377763.0,"I'd probably check if the partitioning is standard, then exit if not (+ echo a help url).Uninstalling an OS isn't like uninstalling an App. Guessing which partitions to delete is wild.",t1_m63gdas,0.000435084599303,1.71446436070255e-06,3.2310068490915e-05,7.64907817938365e-05,8.680007886141539e-05,2.039984246948734e-05,1.7641377780819312e-05,2025-01-08 23:09:23+00:00
AsahiLinux,wowsomuchempty,1736421073.0,I'd probably push it on to the user. *Is your asahi install the fedora remix? (y/N)*exits if N.,t1_m677riv,0.0052469186484813,9.141322152572684e-06,0.0003767289454117,0.000346080167219,0.0002208081423304,0.0001997287472477,0.0001852964051067,2025-01-09 11:11:13+00:00
AsahiLinux,wowsomuchempty,1736526980.0,"Been using it for a while on Asahi.Works great. There is a small white square you need to close upon login (a known bug, which may not even occur now it's on alpha 5).A very nice experience, recommend.",t3_1hy4okv,0.0023939118254929,7.421152986353263e-06,0.0001034676170093,0.0007511191652156,0.0004233829677104,5.5756474466761574e-05,8.271883416455239e-05,2025-01-10 16:36:20+00:00
AsahiLinux,wowsomuchempty,1736591478.0,"I bought a mini M4 (good price) with the idea of running Asahi on it (+ DP-alt mode).Maybe in 2027. Still, something to look forward to!",t1_m6ftawx,0.0004999926313757,1.403453779857955e-06,3.422962254262529e-05,7.595746865263209e-05,0.0001182530686492,2.144797690561973e-05,1.46209367812844e-05,2025-01-11 10:31:18+00:00
AsahiLinux,wowsomuchempty,1736591873.0,"Cosmic-terminal is also great. I know system76 took a lot of shade from the delay to PopOS 24.04, but I feel it was definitely worthwhile.",t1_m6enkgu,0.000434015673818,1.4629462157245143e-06,3.0041983336559497e-05,7.948852726258337e-05,0.0001063903036992,1.9898387108696625e-05,1.443627570552053e-05,2025-01-11 10:37:53+00:00
AsahiLinux,wowsomuchempty,1736612780.0,"Can't say I'm 'happy', but I'm trying to tolerate it.",t1_m6k5b5x,0.0007721595466136,1.6334746533175348e-06,3.6988996725995094e-05,0.0001135025813709,0.0001404514478053,3.300397293060087e-05,2.3352893549599685e-05,2025-01-11 16:26:20+00:00
AsahiLinux,wowsomuchempty,1736885665.0,"Like trying to climb a frozen waterfall using toothpicks, while balancing a house of cards on one arm.I'm amazed we even have people able to attempt this. Loved the write up, I think that the comments here really reflect the awe and gratitude for the asahi dev team.",t3_1i0h3do,0.0005384873365983,1.347657416772563e-06,3.395266685402021e-05,7.23857810953632e-05,0.0001428431569365,2.18485583900474e-05,1.7042844774550758e-05,2025-01-14 20:14:25+00:00
AsahiLinux,wowsomuchempty,1737197497.0,"Never heard of that, so I guess not.Probably better asking in a general linux forum, asahi is a very specific thing! :-)",t3_1i41wi4,0.000513381906785,1.390607735629601e-06,2.8977354304515757e-05,8.512834756402299e-05,0.0001071872247848,1.991619501495734e-05,1.3721704817726277e-05,2025-01-18 10:51:37+00:00
AsahiLinux,wowsomuchempty,1737482245.0,Noice!,t3_1i6ksvl,0.0007757084094919,1.1783346280935802e-06,2.8627533538383432e-05,9.80196418822743e-05,0.0001879260235,2.8648126317420974e-05,1.1579060810618104e-05,2025-01-21 17:57:25+00:00
AsahiLinux,wowsomuchempty,1737580729.0,*BUG!*,t1_m888zg5,0.0012099664891138,1.8426469523546984e-06,6.471569940913469e-05,9.064390178536996e-05,0.0001934393512783,4.347754656919278e-05,2.684787250473164e-05,2025-01-22 21:18:49+00:00
AsahiLinux,wowsomuchempty,1738006307.0,Can you post the output ofdf -h,t3_1ibg5v9,0.0005571374786086,1.4148969285088242e-06,3.579235271899961e-05,8.177018025889993e-05,0.0001260232529602,2.361762017244473e-05,1.3704155207960866e-05,2025-01-27 19:31:47+00:00
AsahiLinux,wowsomuchempty,1739139166.0,Didn't even realise it was an issue. Interesting.,t3_1ikxzqe,0.00044077221537,1.380713911203202e-06,2.692700036277529e-05,7.327838829951361e-05,9.990697435569018e-05,2.162914097425528e-05,1.3444403521134518e-05,2025-02-09 22:12:46+00:00
AsahiLinux,wowsomuchempty,1739140061.0,"Bluesky isn't bad, might be worth a look.",t1_mbic4j4,0.0019530449062585,2.117942358381697e-06,8.00961788627319e-05,0.0001818293821997,0.0004045941168442,5.541875361814163e-05,2.328799746464938e-05,2025-02-09 22:27:41+00:00
AsahiLinux,wowsomuchempty,1739140289.0,Likewise. Really enjoyed reading Hector's stuff. Mastodon died for more than him today.,t1_mbidqnu,0.0115107093006372,8.23403024696745e-06,0.0003128573298454,0.0004340541199781,0.0006705080159008,0.0020204104948788,0.0001359709713142,2025-02-09 22:31:29+00:00
AsahiLinux,wowsomuchempty,1739140610.0,"I'm not showing the finger to anyone who works on open source, including controversial characters such as Vaxry.I'm just sad that a lack of collaboration will stall progress.Linus being at the helm has advantages (single minded focus), but he is not a conciliator and this high handed approach is often to the detriment of the community.",t1_mbj727t,0.0005050009931437,1.3935668903286569e-06,3.62181817763485e-05,6.744480197085068e-05,0.0001238564436789,1.707513911242131e-05,1.534898365207482e-05,2025-02-09 22:36:50+00:00
AsahiLinux,wowsomuchempty,1739360770.0,"Really disappointing input from Linus. Instead of trying to foster collaboration, he just decided that the only issue was Hector and to stick his fingers in his ears.This attitude will delay progress with Asahi, as the best way to address the issues was upstream. Good luck to whoever picks up the gauntlet, seems a thankless task.",t3_1ik1tkx,0.0014387723058462,1.8632706542121016e-06,8.302640344481915e-05,9.371720079798251e-05,0.0003547923115547,4.099543730262667e-05,3.686138370539993e-05,2025-02-12 11:46:10+00:00
AsahiLinux,wowsomuchempty,1739533415.0,I would donate to a micro rust kernel development project. I wonder who could be a good fit for that..,t3_1iom1g8,0.0004074097669217,1.3686567399417982e-06,2.791095175780356e-05,7.148360600695014e-05,0.0001039950366248,2.1768093574792147e-05,1.3165572454454376e-05,2025-02-14 11:43:35+00:00
AsahiLinux,wowsomuchempty,1739705084.0,Do you have any issues connecting the headphones when you boot into macos?,t3_1iqhato,0.0011543069267645,1.906229272208293e-06,5.3067135013407096e-05,0.0001400589389959,0.0001909556740429,5.248584056971595e-05,2.5237210138584487e-05,2025-02-16 11:24:44+00:00
AsahiLinux,wowsomuchempty,1739705143.0,"Without any information, how could anyone help?",t3_1iqblj5,0.0005045116995461,1.4452875802817289e-06,2.6165525923715904e-05,8.201249875128269e-05,0.0001135154670919,2.5206518330378455e-05,1.5077885109349154e-05,2025-02-16 11:25:43+00:00
AsahiLinux,wowsomuchempty,1739708028.0,"Or, use a container (which you cannot do in macos).",t1_mbu9s49,0.0005251251277513,1.3296115639604975e-06,2.6070058083860204e-05,9.616217721486464e-05,0.0001208475587191,2.100652091030497e-05,1.3209993085183667e-05,2025-02-16 12:13:48+00:00
AsahiLinux,wowsomuchempty,1739708138.0,"I think that's the price of entry, to a public forum.",t1_mbgmn4c,0.0004736637347377,1.3509117025023445e-06,2.338683589186985e-05,9.898202551994471e-05,0.0001099800210795,2.4604247300885614e-05,1.312583208346041e-05,2025-02-16 12:15:38+00:00
AsahiLinux,wowsomuchempty,1739868158.0,Yep.,t3_1is3fjt,0.0005136565305292,8.967310236585035e-07,1.6885032891877927e-05,9.726285497890784e-05,0.0001344043703284,1.846302257035859e-05,8.427821740042418e-06,2025-02-18 08:42:38+00:00
AsahiLinux,wowsomuchempty,1739951307.0,Nice try..,t1_mdiqfvv,0.0004377150034997,1.2420213124642032e-06,2.707503517740406e-05,6.681030208710581e-05,0.0001058894049492,2.200838935095817e-05,1.2675831385422498e-05,2025-02-19 07:48:27+00:00
AsahiLinux,wowsomuchempty,1739951652.0,"A feature bounty would add undue stress on a small, overworked team. Just set up a monthly donation, they know how best to manage the project.As mentioned, a hostile upstream means support for M3+ will likely be *significantly* delayed. Shame for me, as I got a M4 mini with the hopes of Asahi, but that's the 'thin blue line' for ya.",t1_mdjlhb9,0.0017889487789943,1.8928311646959628e-06,0.0001154896017396,9.958843293134124e-05,0.0004299673018977,3.2024170650402084e-05,2.6799165425472893e-05,2025-02-19 07:54:12+00:00
AsahiLinux,wowsomuchempty,1740035212.0,"Eh, to clarify, I do donate monthly. The 'nice try' referred to stopping the entitlement.",t1_mdpdc53,0.0003997556050308,1.297704216085549e-06,2.4013224901864305e-05,7.824768545106053e-05,0.000102302779851,1.915717621159274e-05,1.2165288353571668e-05,2025-02-20 07:06:52+00:00
AsahiLinux,wowsomuchempty,1740147423.0,"Was just going to post this. Such a different read from his \*Maybe you are the problem\* initial response.Honestly, with such turmoil in the world (Looking at you, US), it really saddens me that these crazy, talented folk dedicating their efforts to open source can't collaborate better - and there is all this political mess in open source.Eh, well - good news for Asahi at least.",t3_1iurgz3,0.0368728265166282,3.746469928955776e-06,0.0005037922528572,0.0005378758651204,0.0204450972378253,4.6456276322714984e-05,6.454196409322321e-05,2025-02-21 14:17:03+00:00
AsahiLinux,wowsomuchempty,1740211904.0,One of us ;),t1_me0ijii,0.0003847961488645,1.1142500397909316e-06,2.2890058971825056e-05,6.506631325464696e-05,0.0001056428081938,1.71443862200249e-05,1.0690115232137032e-05,2025-02-22 08:11:44+00:00
AsahiLinux,wowsomuchempty,1740248693.0,"As an arch user, I'd recommend fedora for Asahi.",t3_1ivmdmk,0.0004853480204474,1.6784150602688896e-06,3.284544436610304e-05,9.17206853046082e-05,9.29696107050404e-05,2.1235131498542618e-05,1.6247062376351096e-05,2025-02-22 18:24:53+00:00
AsahiLinux,wowsomuchempty,1740517101.0,"I follow Marcan, I didn't see that. The guy spoke his mind, maybe should have been more careful - but I think he was really frustrated that Hellwig was blocking something he didn't even work on.",t1_mer1py2,0.0253843031823635,2.676445728866383e-05,0.0062391008250415,0.0005627546925097,0.0043775727972388,0.0004166038706898,0.0003699816297739,2025-02-25 20:58:21+00:00
AsahiLinux,wowsomuchempty,1740721424.0,"For an M1 macbook, I didn't see this.",t3_1izr4nt,0.0004700210702139,1.6556241462239996e-06,4.105646803509444e-05,6.16488978266716e-05,0.0001030296843964,2.256650259369053e-05,1.5425612218677998e-05,2025-02-28 05:43:44+00:00
AsahiLinux,wowsomuchempty,1740815079.0,Should be pinned.,t1_mfa2h7z,0.0005131253274157,1.45880289892375e-06,2.4412382117589004e-05,0.0001082093804143,0.000112020796223,3.4190179576398805e-05,1.2496749150159305e-05,2025-03-01 07:44:39+00:00
AsahiLinux,wowsomuchempty,1741119631.0,A step in the right direction!Keep fighting the good fight people :D,t1_mg03447,0.0013072516303509,2.316105337740737e-06,3.819358244072646e-05,0.0002023363485932,0.0001764078915584,0.0002126635808963,1.7659524019109085e-05,2025-03-04 20:20:31+00:00
AsahiLinux,wowsomuchempty,1741119888.0,"W3 is my favourite game, ever.But this is probably better posted in r/asahigaming",t3_1j09t9b,0.0005513647338375,1.8561497654445704e-06,5.05142925248947e-05,8.08290860732086e-05,0.000103280719486,2.7814470740850084e-05,1.9828865333693105e-05,2025-03-04 20:24:48+00:00
AsahiLinux,wowsomuchempty,1741121600.0,"I suspect Hector will come back quietly after several months and start contributing a little in the background.I'm a backer of the project and would much rather the work was focused upstream, without new features. Let's make this last forever.Also - I am glad you devs don't work obsessively. We don't want anymore burnouts, please. As long as I'm employed, I'll contribute.",t3_1izsbyn,0.000812011421658,1.7957014506464477e-06,6.009468052070588e-05,8.34242528071627e-05,0.0001541556994197,3.011153603438288e-05,2.097013384627644e-05,2025-03-04 20:53:20+00:00
AsahiLinux,wowsomuchempty,1741122019.0,"Makes me sad, also. But look at what he helped create! I didn't think it would be possible when I first heard the idea. And now I use it (almost) every day.This is going to be a tough time for the team, but I see they are pulling together.",t1_mf5ljzq,0.0005973062943667,1.4915655128788783e-06,4.112269016331993e-05,6.712161848554388e-05,0.0001400665350956,2.6864825485972688e-05,1.7286909496760927e-05,2025-03-04 21:00:19+00:00
AsahiLinux,wowsomuchempty,1741162171.0,"Sway & hyprland run perfectly on Asahi, but I'm on cosmic now, which is kinda half DE, half WM and pretty nifty.",t3_1j3ptvb,0.0004914379096589,1.5019486454548314e-06,4.0131872083293274e-05,7.070531864883378e-05,0.0001178951351903,1.9165638150298037e-05,1.7989350453717634e-05,2025-03-05 08:09:31+00:00
AsahiLinux,wowsomuchempty,1741171705.0,Think there might be bigger fish to fry for the devs right now.,t1_mg2z2ze,0.001136973965913,2.720870043049217e-06,6.093128831707873e-05,0.0001441043714294,0.000157646878506,0.0001426796661689,3.171369098708965e-05,2025-03-05 10:48:25+00:00
AsahiLinux,wowsomuchempty,1741201930.0,Wonderful! Go go go!,t3_1j4a7qf,0.0016152951866388,1.524194544799684e-06,5.8150635595666245e-05,9.573143324814735e-05,0.0003634043387137,5.8448287745704874e-05,1.9242979760747403e-05,2025-03-05 19:12:10+00:00
AsahiLinux,wowsomuchempty,1741339647.0,"Their focus now is moving code upstream (to the kernel).There are 91k lines of patch code that need recompiling for every new kernel release. This is a massive drain on resources, so don't expect new features for a while until they can lighten the load.I bought a M4 mini in anticipation of Asahi, so I get you.[https://asahilinux.org/contribute/](https://asahilinux.org/contribute/) is your best way to keep the project alive & thriving. Cheers.",t1_mgghdsg,0.0004855745355598,1.851383672146767e-06,4.4079552026232705e-05,7.212553464341909e-05,9.29444286157377e-05,2.3702639737166464e-05,1.8281525626662187e-05,2025-03-07 09:27:27+00:00
AsahiLinux,wowsomuchempty,1741433515.0,"Hi. While I don't have that exact setup, I think it would be fine.Only HDMI is currently supported (not DP-alt mode) at the moment.I would do a fair bit of reading up before you decide. You can always remove asahi if it is not for you.",t3_1j6eava,0.0006639244384132,1.7363786355417687e-06,4.076880577486008e-05,8.646814239909872e-05,0.0001097177373594,2.8617434509214945e-05,1.962826900125947e-05,2025-03-08 11:31:55+00:00
AsahiLinux,wowsomuchempty,1741446787.0,"But it may be 1+ years to be released. I have an M4 mini, lovely bit of kit. The day it's supported will be a happy day.",t1_mgoxvjy,0.0003556785813998,1.491042212364846e-06,2.9106775400578044e-05,6.494369881693274e-05,9.104837954510003e-05,1.8469698261469603e-05,1.4869916412862947e-05,2025-03-08 15:13:07+00:00
AsahiLinux,wowsomuchempty,1741674718.0,"Maintaining a separate fork of mesa must be *fun*.All strength to Alyssa and the rest of the team. Upstreaming is not a walk in the park. The quiet, persistent work now is the foundation for Asahi to last forever.",t3_1j8gt0u,0.0003930954553652,1.3886436818211223e-06,2.8676962756435387e-05,6.736445357091725e-05,0.0001020540294121,1.8121538232662715e-05,1.449612136639189e-05,2025-03-11 06:31:58+00:00
AsahiLinux,wowsomuchempty,1741772860.0,"Seems not. I would complain to the eh, vendor, about selling you stolen hardware.",t3_1j9eyml,0.0049639451317489,2.7764772312366404e-06,0.0001623806747375,0.0002542763832025,0.0008831089362502,0.0001001214623101,6.160511111374944e-05,2025-03-12 09:47:40+00:00
AsahiLinux,wowsomuchempty,1741849648.0,"I don't think hardware decoding is that big of a deal, I remember some benchmarks here. Marcan discussed it a while back.It would be slightly more efficient, but bigger fish to fry.",t1_mhfuvgg,0.0005835033953189,1.678370381341665e-06,4.190102845313959e-05,8.006395364645869e-05,0.0001255904353456,3.136689338134602e-05,2.204819793405477e-05,2025-03-13 07:07:28+00:00
AsahiLinux,wowsomuchempty,1741879241.0,"Well, without sudo you won't have broken anything..Let's start really simple. Can you write your password out in plaintext, then copy-paste when attempting sudo?",t3_1ja987y,0.0005966670578345,1.6762555787863676e-06,3.76656353182625e-05,7.785647903801873e-05,0.0001084379691747,2.509874502720777e-05,1.8122385881724767e-05,2025-03-13 15:20:41+00:00
AsahiLinux,wowsomuchempty,1741890466.0,"Great. Maybe delete the post, then?",t1_mhl4dss,0.002114730188623,3.5259035939816386e-06,8.694994903635234e-05,0.0001386271324008,0.0001565315615152,0.0001409434189554,4.403417915455066e-05,2025-03-13 18:27:46+00:00
AsahiLinux,wowsomuchempty,1741987643.0,"Using my M4 mini makes me realise how much I miss the linux ecosystem. Everything is a money grab and lacking basic things (picking whatever WM, DE I'm in the mood for, customising exactly how I like, deleting *everything* I want to, highlight to copy, middle button paste) frustrates me.I've cobbled together some workarounds, but MacOS will never be home.",t3_1jbe6sr,0.0010108212009072,3.0668963972857455e-06,8.600958972238004e-05,0.0001104037874029,0.0001120337255997,3.4881926694652066e-05,4.087340857950039e-05,2025-03-14 21:27:23+00:00
AsahiLinux,wowsomuchempty,1742059989.0,"Proud to be a backer of the project.https://opencollective.com/asahilinux/donateUpstreaming is the only way this will work. I think the difficulties are well known. You have my patience, my thanks and my support.",t3_1jbq9jj,0.0004603925917763,1.4160011687636145e-06,3.462899985606782e-05,6.406727334251627e-05,0.00011371319124,1.8624834410729815e-05,1.4793395166634582e-05,2025-03-15 17:33:09+00:00
AsahiLinux,wowsomuchempty,1742138053.0,All good this way. What is your ISP & router?,t1_mi23bsb,0.000511139514856,1.4090339846006827e-06,2.679990757314954e-05,9.311298344982788e-05,0.0001135183847509,2.6175310267717578e-05,1.5669871572754346e-05,2025-03-16 15:14:13+00:00
AsahiLinux,wowsomuchempty,1742298617.0,Spinal tap energy :D,t3_1je1cxi,0.000597575912252,2.1133359950908925e-06,4.6634042519144714e-05,6.981322803767398e-05,0.0001170443938462,3.409312557778321e-05,3.5979581298306584e-05,2025-03-18 11:50:17+00:00
AsahiLinux,wowsomuchempty,1742310287.0,"The door is always open, to whichever..",t1_mig0rlx,0.0008803922683,1.5718848089818491e-06,3.4538403269834816e-05,0.0001239033445017,0.0001819273747969,4.7443434596061707e-05,2.360465077799745e-05,2025-03-18 15:04:47+00:00
AsahiLinux,wowsomuchempty,1742546875.0,[https://web.telegram.org](https://web.telegram.org) \- I never have issues.,t3_1jg29dc,0.0004078325873706,1.3877435094400423e-06,3.074051346629858e-05,6.54869872960262e-05,9.784472786122932e-05,1.7360924175591208e-05,1.3142339412297588e-05,2025-03-21 08:47:55+00:00
AsahiLinux,wowsomuchempty,1742563145.0,"Nice read up on beam forming, James smashed it. Excellent update.",t1_miy1fw1,0.0003629589045885,1.3724668406212004e-06,2.540891000535339e-05,7.134788029361516e-05,9.496659185970202e-05,1.954362051037606e-05,1.2080568012606818e-05,2025-03-21 13:19:05+00:00
AsahiLinux,wowsomuchempty,1742744959.0,"I run sway or hypr on an M1 airbook, can test it.What is your model?",t3_1ji1a3l,0.001129763550125,1.987703626582515e-06,6.221414514584467e-05,0.0001009939587675,0.0002210402890341,4.9177750042872503e-05,2.952734394057188e-05,2025-03-23 15:49:19+00:00
AsahiLinux,wowsomuchempty,1742759039.0,Looks like a gentoo user on an M2 is alright.Could you answer the questions in my edit?,t1_mjbrkfo,0.0046220882795751,8.8601600509719e-06,0.0003051673411391,0.0003596959868445,0.0002189968363381,0.0001045005265041,0.0001665541203692,2025-03-23 19:43:59+00:00
AsahiLinux,wowsomuchempty,1742760955.0,"Maybe dmesg, journalctl -xe could give more info. But a backup and reinstall may be on the cards.",t1_mjce72f,0.0003594846348278,1.495378342042386e-06,2.65102535195183e-05,7.568013097625226e-05,9.31472604861483e-05,1.9759438146138564e-05,1.3540496183850337e-05,2025-03-23 20:15:55+00:00
AsahiLinux,wowsomuchempty,1742823480.0,"The best way to help would be to become a backer:https://opencollective.com/asahilinuxThey have testing down and you can read about upstreaming difficulties already. Rather than asking time from the devs to answer Q&As, it might be better to post them here and fellow users can answer (if they can).",t3_1jind21,0.0003636042820289,1.33548394387617e-06,2.7020967536373064e-05,6.733516784152016e-05,9.915755072142927e-05,1.667745345912408e-05,1.3020308870181909e-05,2025-03-24 13:38:00+00:00
AsahiLinux,wowsomuchempty,1742890565.0,You can install multiple DEs / WMs on Linux.Some I have on Asahi:PlasmaCosmicSwayHyprlandI recommend installing cosmic-desktop and selecting that on login. I also have an M1 macbook on Fedora 41 (never really use plasma tho).,t3_1jiwsnk,0.0004542085516732,1.918539965117816e-06,4.4393240386852995e-05,7.904903759481385e-05,9.231305739376694e-05,2.550465796957724e-05,1.9491653802106157e-05,2025-03-25 08:16:05+00:00
AsahiLinux,wowsomuchempty,1742912767.0,"Well, that should let you know if it's the DE or something else.If it's plasma, uninstall plasma, reboot, reinstall. And hope : )",t1_mjmtgav,0.0004028975090477,1.5587155530738528e-06,2.862111978174653e-05,7.6140153396409e-05,9.12718751351349e-05,2.3520789909525774e-05,1.5489087672904134e-05,2025-03-25 14:26:07+00:00
AsahiLinux,wowsomuchempty,1743013932.0,Try posting in r/asahigaming,t3_1jkiopf,0.0013074253220111,1.96513451555802e-06,6.626703543588519e-05,0.0001254721573786,0.0002002917171921,3.999063483206555e-05,3.00402916764142e-05,2025-03-26 18:32:12+00:00
AsahiLinux,wowsomuchempty,1743014036.0,https://opencollective.com/asahilinux,t1_mjs8b3b,0.0004246570169925,1.3171185173632691e-06,2.9632476071128625e-05,8.005151175893843e-05,0.0001065233955159,1.7838299754657783e-05,1.0817198926815765e-05,2025-03-26 18:33:56+00:00
AsahiLinux,wowsomuchempty,1743015603.0,:D ace!,t1_mjvno2c,0.0007751328521408,1.8923583411378784e-06,5.4800097132101655e-05,8.863285620464012e-05,0.0001532446913188,4.5865788706578314e-05,1.866557249741163e-05,2025-03-26 19:00:03+00:00
AsahiLinux,wowsomuchempty,1743236624.0,"I'm not a expert, but wouldn't shared memory allow whatever needed as VRAM to be taken? What would be the advantage of applying this equivalent setting, should it exist?",t3_1jmhoin,0.0005552819930016,1.698881760603399e-06,3.125757575617172e-05,0.0001033557928167,0.0001039579583448,1.8835014998330735e-05,1.7874399418360554e-05,2025-03-29 08:23:44+00:00
AsahiLinux,wowsomuchempty,1743362070.0,r/asahigaming,t3_1jn3a9i,0.0061695766635239,4.496652309171623e-06,0.0003823032020591,0.0003076497814618,0.0007853126735426,9.502928151050584e-05,0.0001037906476994,2025-03-30 19:14:30+00:00
AsahiLinux,wowsomuchempty,1743429102.0,"Bizarre. The CPU is the major source of heat. May be a hardware issue, all fine on MacOS?",t3_1jo3293,0.0005020832177251,1.4072641079110326e-06,2.7823809432447888e-05,8.818309288471937e-05,0.0001177708618342,2.5100564016611315e-05,1.3839984603691846e-05,2025-03-31 13:51:42+00:00
AsahiLinux,wowsomuchempty,1743430431.0,"Not great advice perhaps, but in your shoes I'd probably upgrade to the fedora 42 beta.If you do this, please report back.",t1_mkoppgc,0.000466219469672,1.2895396821477334e-06,2.7651791242533363e-05,7.264281157404184e-05,0.000117570576549,2.2708012693328783e-05,1.384502866130788e-05,2025-03-31 14:13:51+00:00
AsahiLinux,wowsomuchempty,1743501969.0,IME all good.,t1_mkrc7la,0.0004071852017659,1.2671280273934826e-06,2.484133256075438e-05,7.107896090019494e-05,0.0001064547468558,2.097717333526816e-05,1.1585357242438477e-05,2025-04-01 10:06:09+00:00
AsahiLinux,wowsomuchempty,1743533294.0,r/asahigaming,t3_1joelmz,0.0061695766635239,4.496652309171623e-06,0.0003823032020591,0.0003076497814618,0.0007853126735426,9.502928151050584e-05,0.0001037906476994,2025-04-01 18:48:14+00:00
AsahiLinux,wowsomuchempty,1743584340.0,"I know lower than Patreon. Probably lower than oc. If so, I'll move my monthly donation over to GH.",t1_mkzs1bb,0.0005624211626127,1.470855863772158e-06,3.815506715909578e-05,7.883134094299749e-05,0.0001324923650827,2.202888390456792e-05,1.602657175681088e-05,2025-04-02 08:59:00+00:00
AsahiLinux,wowsomuchempty,1743786232.0,"With a macbook air 2020 fedora 42, pixel 4a CalyxOS.Phone 74 Mbps sym.Asahi 107,116.Same position. Website, speedof.meAre you on the 2.4GHz channel with your mac?",t3_1jreprt,0.0005131296929903,1.3982701148052e-06,3.41383129125461e-05,8.071432239376009e-05,0.0001207358363899,2.1832374841324057e-05,1.4746883607585914e-05,2025-04-04 17:03:52+00:00
AsahiLinux,wowsomuchempty,1744202416.0,What is the box?,t3_1jumxz0,0.0005615076515823,1.3675412446900737e-06,3.112209014943801e-05,7.698318222537637e-05,0.0001286313636228,2.367867091379594e-05,1.5169471225817688e-05,2025-04-09 12:40:16+00:00
AsahiLinux,wowsomuchempty,1744365890.0,r/asahigaming has info.,t3_1jwb9fc,0.000677874777466,1.432722456229385e-06,4.039365376229398e-05,8.16755709820427e-05,0.0001436234160792,2.1938609279459342e-05,1.6683274225215428e-05,2025-04-11 10:04:50+00:00
AsahiLinux,wowsomuchempty,1744541832.0,Is this the fedora remix?,t3_1jy3a24,0.0005600559525191,1.338267111350433e-06,2.929491165559739e-05,0.0001017276590573,0.0001347504730802,2.4578002921771255e-05,1.2425115528458264e-05,2025-04-13 10:57:12+00:00
AsahiLinux,wowsomuchempty,1744552244.0,Nice one!,t1_mmvm36g,0.0003969742392655,1.1525214631546987e-06,2.4500261133653112e-05,6.368000322254375e-05,0.0001077197375707,1.7701542674330994e-05,1.1806331713160034e-05,2025-04-13 13:50:44+00:00
AsahiLinux,wowsomuchempty,1744614816.0,Nice edit.,t3_1jy70gt,0.0010703614680096,4.528532826952869e-06,8.10104247648269e-05,0.0001286957703996,7.711668877163902e-05,5.663781485054642e-05,5.284649523673579e-05,2025-04-14 07:13:36+00:00
AsahiLinux,wowsomuchempty,1745049972.0,No.,t3_1k247js,0.000709458021447,1.34937306484062e-06,2.7457313990453255e-05,8.955661178333685e-05,0.0001529700821265,2.7220299671171233e-05,1.3444788237393368e-05,2025-04-19 08:06:12+00:00
AsahiLinux,wowsomuchempty,1745486348.0,"I just hate not being able to make it look and work as I want.Also, years of 'highlight, middle button paste' muscle memory are hard to suppress.",t3_1k6gs0u,0.0072804018855094,5.202035936235916e-06,0.0002478063397575,0.0003496823483146,0.0010730589274317,0.0001666348252911,0.0001792860857676,2025-04-24 09:19:08+00:00
AsahiLinux,wowsomuchempty,1745664412.0,"As far as I understand it, charging is a firmware thing. So, the mac charges when switched off (without an active OS).So, I would first try different chargers and cables. If you have a little charge, just boot into macOS and if the power supply is recognised, update the firmware.",t3_1k82dl9,0.0004741446464322,1.5473940493393457e-06,3.0266050089267083e-05,8.40839566080831e-05,0.000106419531221,2.8897407901240513e-05,1.632400199014228e-05,2025-04-26 10:46:52+00:00
AsahiLinux,wowsomuchempty,1745727358.0,Not everything is supported. The focus now is upstreaming to make asahi viable long-term.,t3_1k8r3ck,0.0003740116371773,1.4604357829739456e-06,2.502377174096182e-05,7.73743522586301e-05,9.596203017281368e-05,2.0348468751762994e-05,1.3941775250714272e-05,2025-04-27 04:15:58+00:00
AsahiLinux,wowsomuchempty,1745792570.0,"Worth seeing if it's muted, maybe via pavucontrol?I've a macbook air M1 on fedora 32, works well.",t3_1k9faqr,0.0004063106025569,1.490071326770703e-06,3.280969031038694e-05,7.041450589895248e-05,0.0001027036341838,2.073209543596022e-05,1.5055644325912e-05,2025-04-27 22:22:50+00:00
AsahiLinux,wowsomuchempty,1746308265.0,The pi 5 with a dual nvme hat works quite well.,t1_mpu4tr0,0.0007891572313383,1.8068483313982144e-06,6.000053690513596e-05,9.711346501717344e-05,0.0001806275540729,3.0697014153702185e-05,2.379518082307186e-05,2025-05-03 21:37:45+00:00
AsahiLinux,wowsomuchempty,1746347770.0,"If you have fedora, why reinstall to get the mic stuff? You mean upgrade to v42?Glad you are liking it. I love it.",t3_1ka0p3q,0.0004713902599178,1.550435513308912e-06,4.023337896796875e-05,7.3920855356846e-05,0.0001060526119545,2.136195507773664e-05,1.8517526768846437e-05,2025-05-04 08:36:10+00:00
AsahiLinux,wowsomuchempty,1746455205.0,I think you can do it with another Mac or another Linux computer.But the Apple store is easier for you.,t3_1kegjwz,0.0005901479744352,1.6176760482267127e-06,4.1053648601518944e-05,7.039093907224014e-05,0.000131115419208,2.2880502001498822e-05,1.923505260492675e-05,2025-05-05 14:26:45+00:00
AsahiLinux,wowsomuchempty,1746642728.0,"As much as I love arch, my monthly donation will keep going to the main asahi open collective.Why? Because the focus is upstreaming to the kernel. This is challenging, with technical being only one aspect.It will, however, enable asahi to survive and thrive for years to come, benefitting also asahi alarm in a way that a donation to asahi alarm cannot.",t3_1kgtvo6,0.0003763909626286,1.2572935474963742e-06,2.6088038794114254e-05,6.709211447741836e-05,0.0001059174901456,1.5717569112894125e-05,1.2011480976070745e-05,2025-05-07 18:32:08+00:00
AsahiLinux,wowsomuchempty,1746795338.0,Appreciate that! Keep up the good work.,t1_mr4mx1a,0.0006238091154955,1.543133635095728e-06,4.362698382465169e-05,6.123541243141517e-05,0.0001322963071288,3.367917088326067e-05,1.6465310181956738e-05,2025-05-09 12:55:38+00:00
AsahiLinux,wowsomuchempty,1746825432.0,"Great work! Not the wow factor of new features, but essential for the project to survive.",t3_1khv0ml,0.0003803228319156,1.3942290024715476e-06,2.5313691367045976e-05,7.280710997292772e-05,9.561912156641485e-05,1.9453025743132457e-05,1.3059256161795927e-05,2025-05-09 21:17:12+00:00
AsahiLinux,wowsomuchempty,1747332278.0,"Oh, shut up. I have a M4 Mac mini. Do I badly want Asahi on it? Yes. Do I cry like a shit-ridden baby? No.I am thrilled and hugely relieved at the progress reported, and in awe of the work to upstream the uAPI (upstream mesa? I would never have believed it). So glad the kernel maintainers are working with the Asahi devs to upstream, as without that the long-term survival of the project would really be endangered.James, your work on triforce was ground breaking. Once something is working, then improvement is natural - but getting it working is IMO the most important first step. Also many thanks to Frederic for his elegant fixes.Your work and the update most appreciated! Happy to contribute to the OSC.",t1_mshifwo,0.8489540815353394,0.0008179526776075,0.6483284831047058,0.0013160958187654,0.2851467132568359,0.0003048172511626,0.0013404551427811,2025-05-15 18:04:38+00:00
AsahiLinux,wowsomuchempty,1747342577.0,"Not sure if Asahi relevant, but installing xev can get the key codes. That's how I set the multimedia keys for sway / hypr.Confirm key works in macos, try using sway would be my first steps.",t3_1knd0n6,0.0004893169389106,2.150129830624792e-06,4.246176831657067e-05,9.155997395282613e-05,8.634429832454771e-05,2.8744068913511e-05,2.374168616370298e-05,2025-05-15 20:56:17+00:00
AsahiLinux,wowsomuchempty,1747406122.0,"Hi,Is anything not actually working?",t3_1ko0stq,0.0006183759542182,1.6752408100728644e-06,3.654026659205556e-05,9.469494398217648e-05,0.0001100185181712,2.60881643043831e-05,1.914212953124661e-05,2025-05-16 14:35:22+00:00
AsahiLinux,wowsomuchempty,1747516428.0,"A lot to unpack there.The battery life is not as good, this is a longstanding Linux issue.The performance is pretty top notch.As you already ""bricked"" (this means a device cannot be revived, not the case for asahi) your Mac, I'd suggest maybe sticking with the Mac.",t1_msl2sif,0.0004724014142993,1.6008509646781022e-06,3.588880645111203e-05,7.471843127859756e-05,0.0001061006551026,2.6391195206088017e-05,1.690496355877258e-05,2025-05-17 21:13:48+00:00
AsahiLinux,wowsomuchempty,1747564004.0,"You fell off the horse.You can learn from it, make regular backups to avoid file loss, read and understand the documentation before making big changes (such as resizing partitions).Or, you can try to make everything as stable as possible, so you don't need to worry about it.IMO learning to walk on shifting sands is better than standing still on a rock. But maybe I have too much free time?",t1_msuu0cx,0.0009692827588878,1.7270823491344345e-06,5.0493919843574986e-05,9.25891799852252e-05,0.0001858406612882,4.09514395869337e-05,2.214010601164773e-05,2025-05-18 10:26:44+00:00
AsahiLinux,wowsomuchempty,1747593090.0,"Yeah, good shout.",t1_mszox6c,0.0005821957020089,1.357605583507393e-06,2.5612147510400973e-05,9.311298344982788e-05,0.0001279193529626,3.8910027797101066e-05,1.200722090288764e-05,2025-05-18 18:31:30+00:00
AsahiLinux,wowsomuchempty,1747724758.0,"What model?Fedora remix or other?If you fully update and reboot, does it persist?Does the WiFi work using mac os?",t3_1kpxsqs,0.0004374392447061,1.6463943666167324e-06,3.393900624359958e-05,7.483573426725343e-05,8.9464352640789e-05,2.0494589989539236e-05,1.6455514924018644e-05,2025-05-20 07:05:58+00:00
AsahiLinux,wowsomuchempty,1747856273.0,"Not while active, but hibernation, sleep.Ok, maybe a little while active.",t1_mtiyqg7,0.0005541716236621,1.7688887510303175e-06,3.2204523449763656e-05,9.561009937897325e-05,0.0001096682608476,3.2255175028694794e-05,2.3822018192731775e-05,2025-05-21 19:37:53+00:00
AsahiLinux,wowsomuchempty,1747856333.0,Firmware updates need macos.,t1_mtiwsyz,0.0008177192648872,2.1467553779075388e-06,5.8723999245557934e-05,0.0001000702031888,0.0001377627049805,4.018993058707565e-05,2.0529585526674055e-05,2025-05-21 19:38:53+00:00
AsahiLinux,wowsomuchempty,1747901037.0,If you have a crystal ball and can say that for sure..It may be the case that asahi functionality relies on it. What if apple updated dp-alt mode on M1 laptops to support 2 screens?Your argument that the firmware on release should be the best possible wouldn't get your second screen working.,t1_mtm5a91,0.0004997900687158,1.466108415115741e-06,3.441192893660627e-05,7.127396384021267e-05,0.000126779457787,2.24805626203306e-05,1.728575625747908e-05,2025-05-22 08:03:57+00:00
AsahiLinux,wowsomuchempty,1747901108.0,I would go for the fedora remix. Better upstream support.,t3_1kskqyt,0.0004184863937553,1.364876766274392e-06,2.390731606283225e-05,9.087593934964389e-05,0.000106520645204,2.2843612896394916e-05,1.2893703569716308e-05,2025-05-22 08:05:08+00:00
AsahiLinux,wowsomuchempty,1748343147.0,We await with baited breath.,t1_muhfjra,0.0029575286898761,2.8374333851388656e-06,0.0001098701686714,0.0001920303766382,0.0005103474250063,0.0001801102334866,4.738004645332694e-05,2025-05-27 10:52:27+00:00
AsahiLinux,wowsomuchempty,1748369826.0,If it helpsWhen they have time = when the upstreaming is complete.,t1_mu8k9vn,0.0003945415955968,1.4483507584373e-06,2.4465334718115628e-05,8.304810035042465e-05,9.532216063234956e-05,2.2273992726695724e-05,1.569852975080721e-05,2025-05-27 18:17:06+00:00
AsahiLinux,wowsomuchempty,1748891013.0,"I mean, why not upgrade to 42?",t3_1l1q0tp,0.0004493171581998,1.2614780189323938e-06,2.2635129425907508e-05,8.996602264232934e-05,0.0001087130513042,2.519945155654568e-05,1.1525166883075144e-05,2025-06-02 19:03:33+00:00
AsahiLinux,wowsomuchempty,1748894549.0,You got this.,t1_mvn0sje,0.0004335232079029,1.3337694326764904e-06,3.271443347330205e-05,5.9620280808303505e-05,0.0001022453361656,2.2146228729980063e-05,1.2986974979867227e-05,2025-06-02 20:02:29+00:00
AsahiLinux,wowsomuchempty,1748898238.0,"I think marcan answered this one in this subreddit, somewhere..",t1_mvn7a47,0.0004273679514881,1.0873843621084234e-06,2.1276444385875948e-05,9.764404967427254e-05,0.0001270950160687,1.5950410670484416e-05,1.0054438462248072e-05,2025-06-02 21:03:58+00:00
AsahiLinux,wowsomuchempty,1748938650.0,"If you have an afternoon spare to get it working, we'd be most obliged.",t3_1l25urf,0.0007953239837661,1.857120196291362e-06,5.705408693756908e-05,8.678932499606162e-05,0.0001469987037125,3.6740551877301186e-05,2.5361849111504853e-05,2025-06-03 08:17:30+00:00
AsahiLinux,wowsomuchempty,1749108750.0,"You could just take it in to an apple store, they would recover it for free.I've heard it's possible to do from another Linux machine, but never been in a position to try.",t3_1l3qdje,0.0004279882705304,1.3253653605715954e-06,2.7713644158211537e-05,7.153877231758088e-05,0.000112601359433,1.960290319402702e-05,1.6260206393781118e-05,2025-06-05 07:32:30+00:00
AsahiLinux,wowsomuchempty,1749413577.0,I think 80gb min for macos.,t3_1l62naq,0.0005061184638179,1.4818647287029307e-06,3.767591260839254e-05,9.399653936270624e-05,0.0001238716795342,2.1559348169830628e-05,1.478574995417148e-05,2025-06-08 20:12:57+00:00
AsahiLinux,wowsomuchempty,1749480656.0,"Uhh, if you've a pro the HDMI should be working. The USBC display (dp-alt mode) isn't yet supported.GPU support is very mature - I'll have a look to get blender running later if someone more useful doesn't pipe up.",t3_1l746bo,0.0005722187343053,1.3966030110168504e-06,3.544459832482971e-05,7.697143882978708e-05,0.0001355373387923,2.205562122981064e-05,1.831740519264713e-05,2025-06-09 14:50:56+00:00
AsahiLinux,wowsomuchempty,1749539855.0,Did you look into what is and isn't supported before installing?,t3_1l7rwm6,0.0004434519214555,1.3390713320404757e-06,2.4795772333163768e-05,8.008723671082407e-05,0.0001052058214554,2.0115090592298657e-05,1.4219948752725031e-05,2025-06-10 07:17:35+00:00
AsahiLinux,wowsomuchempty,1749985763.0,"If we do this, do you agree to always support compatibility for lifetime of asahi?I am tempted.",t3_1lbwi2p,0.0004274559905752,1.4744906593477936e-06,2.6695963242673315e-05,7.926840044092387e-05,9.957313886843622e-05,2.2301070202956907e-05,1.569233245390933e-05,2025-06-15 11:09:23+00:00
AsahiLinux,wowsomuchempty,1750370114.0,"Install a DE / WM and launch it?This is general Linux, not asahi.",t3_1lfmzg7,0.0004330556257627,1.4871567373120342e-06,2.8526290407171473e-05,8.073110075201839e-05,9.841853898251428e-05,2.2196172722033225e-05,1.402678117301548e-05,2025-06-19 21:55:14+00:00
AsahiLinux,wowsomuchempty,1750403372.0,I think advising an uninstall is more perilous in this case.OP - just install a DE and greeter.Use a search engine for further info.,t1_mypuygh,0.0004919379716739,1.5514219739998223e-06,3.213424133718945e-05,8.039146632654592e-05,0.0001104756156564,2.5894802092807367e-05,1.6619374946458265e-05,2025-06-20 07:09:32+00:00
AsahiLinux,wowsomuchempty,1750412971.0,"As much as I like arch, fedora remix is the sane choice for asahi.I hope someone gives you a more agreeable comment. Big arch fan, btw.",t3_1lfys4o,0.0004730049986392,1.4935997114662314e-06,3.3057553082471713e-05,7.483481022063643e-05,0.0001076593543984,2.1853433281648904e-05,1.6022630006773397e-05,2025-06-20 09:49:31+00:00
AsahiLinux,wowsomuchempty,1750413844.0,"I would prefer asahi arch.. But the reasons against are too much.Fedora is fine. Tbh, I'm pretty happy as long as it's Linux.",t1_mysa0gm,0.0003491601964924,1.39701069201692e-06,2.5660188839538023e-05,7.400126196444035e-05,9.30504102143459e-05,1.8060000002151355e-05,1.2380357475194614e-05,2025-06-20 10:04:04+00:00
AsahiLinux,wowsomuchempty,1750836476.0,"It's weird to me how people don't want to use a browser for stuff. I try to use one for everything I can. Convenient, less bloat.",t3_1ljydw8,0.0048592826351523,3.490506514935987e-06,0.000373581337044,0.000141276846989,0.0009965796489268,4.522420931607485e-05,8.896784856915474e-05,2025-06-25 07:27:56+00:00
AsahiLinux,wowsomuchempty,1750970967.0,"Just out of curiosity, how much have you donated to the project?",t1_mzxoacv,0.0004576861974783,1.233444550052809e-06,2.5583831302355975e-05,7.740653381915763e-05,0.0001155335557996,1.799906385713257e-05,1.2989451533940157e-05,2025-06-26 20:49:27+00:00
AsahiLinux,wowsomuchempty,1751010592.0,"Just hold the power button for 10s when you turn it on.Then click on macos.Or, usesudo asahi-bless",t1_n00xpv6,0.0009222342050634,2.4180526452255435e-06,8.328269177582115e-05,8.626224735053256e-05,0.0001576810027472,4.008509495179169e-05,3.099112291238271e-05,2025-06-27 07:49:52+00:00
AsahiLinux,wowsomuchempty,1751011983.0,To make sense?,t1_n012g6e,0.0004502784868236,1.2641118019018904e-06,2.317348298674915e-05,8.566204633098096e-05,0.0001120588349294,2.4178074454539455e-05,1.219160549226217e-05,2025-06-27 08:13:03+00:00
AsahiLinux,wowsomuchempty,1751018788.0,"DFU restore can be performed for free at an apple store.Deleting system partitions is a risky business. Be sure you know exactly what you're doing first (not to you OP, a general comment).",t1_mzzdtsq,0.0004676165699493,1.3838209724781336e-06,2.9307766453712247e-05,7.304654718609527e-05,0.0001123154652304,1.9335802790010348e-05,1.4821353943261784e-05,2025-06-27 10:06:28+00:00
AsahiLinux,wowsomuchempty,1751115507.0,Try different DE / compositors?Depends what you use a computer for.,t3_1lmk5yz,0.0007318652351386,1.828150402616302e-06,4.6209635911509395e-05,8.974169759312645e-05,0.0001240007404703,2.742951801337767e-05,2.590777148725465e-05,2025-06-28 12:58:27+00:00
AsahiLinux,wowsomuchempty,1751315114.0,"What processes, logs - anything..",t3_1logmky,0.0004489778657443,1.3666754057339858e-06,2.488776226527989e-05,8.25364186312072e-05,0.0001030313578667,2.0734032659674995e-05,1.3561819287133405e-05,2025-06-30 20:25:14+00:00
AsahiLinux,wowsomuchempty,1751644066.0,An apple store will be able to recover your Mac for free.So many posts by people deleting partitions these days.,t3_1lrdolv,0.0006610249402001,1.5647310647182169e-06,3.399245179025456e-05,9.5145711384248e-05,0.000127056002384,2.56566891039256e-05,1.865404010459315e-05,2025-07-04 15:47:46+00:00
AsahiLinux,wowsomuchempty,1751750220.0,Indeed.,t1_n1ilybb,0.0004289822827558,8.064989174272341e-07,1.5641280697309412e-05,8.862280810717493e-05,0.0001244104059878,1.5265615729731508e-05,6.330450560199097e-06,2025-07-05 21:17:00+00:00
AsahiLinux,wowsomuchempty,1751891912.0,Can we automod these?,t3_1ltehkk,0.0005521596176549,1.588546069797303e-06,2.861598841263913e-05,0.0001054123786161,0.0001129248048528,3.9074271626304835e-05,1.3474182196659967e-05,2025-07-07 12:38:32+00:00
AsahiLinux,wowsomuchempty,1752218884.0,"I have an M1 airbook. I got my wife one (no asahi). In ten years, when she tires of it, I'll have it for asahi as a spare.I have a mini M4 I bought with the hope of future support.It's difficult to predict the future, both the path that Apple takes with their bootloaders and the talent / capacity of the Asahi team. Disaster can always be speculated, but I donate monthly and remain optimistic.I think we've had sufficient of these kinds of posts now. I'd hate to be a dev with this sea of voices demanding a 'when' for hardware support. It is research, no one can say when or if even possible.",t1_n2gvejh,0.0006564400973729,1.7585377918294398e-06,5.525295273400843e-05,9.454452811041848e-05,0.0001974721380975,1.8819178876583464e-05,3.524885687511414e-05,2025-07-11 07:28:04+00:00
AsahiLinux,wowsomuchempty,1752219197.0,Did you donate anything in terms of your skills or funds to assist?,t1_n2i4y56,0.0011889215093106,1.281251684304152e-06,4.110747613594867e-05,9.000094723887742e-05,0.0003173275035806,2.4548908186261546e-05,2.2103398805484176e-05,2025-07-11 07:33:17+00:00
AsahiLinux,wowsomuchempty,1752219293.0,"No, they won't care. The hardware has a long standing precedent of not being locked. They just don't help further.Also - the Asahi team don't release until ready.",t1_n2icfbg,0.0004610225441865,1.242017674485396e-06,2.5157623895211145e-05,7.67157762311399e-05,0.0001163391425507,2.045495421043597e-05,1.2616616004379466e-05,2025-07-11 07:34:53+00:00
AsahiLinux,wowsomuchempty,1752219985.0,M4 is a lot more 'tamper proof' than the M2:https://www.phoronix.com/news/Apple-M4-Linux-Rather-PainfulUnless you know something Sven does not?,t1_n2gyywb,0.0004639047256205,1.3254588111522023e-06,3.279204975115135e-05,6.555121944984421e-05,0.000121824661619,1.7526845113025047e-05,1.3819172636431176e-05,2025-07-11 07:46:25+00:00
AsahiLinux,wowsomuchempty,1752331227.0,"Fair enough. To be honest, I think I overreacted.",t1_n2k8u2j,0.0004212161875329,1.304466536566906e-06,2.7470487111713737e-05,7.470553828170523e-05,0.0001058581110555,1.9062194041907787e-05,1.197520123241702e-05,2025-07-12 14:40:27+00:00
AsahiLinux,wowsomuchempty,1753198849.0,"The Venn diagram of the people who keep asking this stuff, and the people who donate monthly, are two circles.",t1_n4j3c5s,0.0005265307845547,1.1563615771592597e-06,2.7352227334631607e-05,7.908252155175433e-05,0.0001461619103793,1.6078438420663588e-05,1.1579238162084948e-05,2025-07-22 15:40:49+00:00
AsahiLinux,wowsomuchempty,1753476627.0,"Just for the purposes of my personal curiosity, do you donate monthly to the project?",t3_1m954vq,0.00043187267147,1.3603804518425022e-06,2.79969499388244e-05,7.580782403238118e-05,0.000104503807961,1.7850925360107794e-05,1.399359189235838e-05,2025-07-25 20:50:27+00:00
AsahiLinux,wowsomuchempty,1753512356.0,What fs format is the ssd?Does this happen on macos (as a hardware test).,t3_1m9ig3f,0.0003821911523118,1.4313635574580983e-06,2.425536877126433e-05,9.017816773848608e-05,9.581408812664448e-05,1.8735017874860205e-05,1.3656092050950974e-05,2025-07-26 06:45:56+00:00
AsahiLinux,wowsomuchempty,1753800015.0,"An apple store can restore it, or you can do it yourself with a Mac or another Linux box (though I haven't personally).",t3_1mcaqv2,0.0004890921991318,1.6080992963907192e-06,3.8168131140992045e-05,6.656667392235249e-05,0.0001112847749027,2.2397427528630945e-05,1.8198416000814177e-05,2025-07-29 14:40:15+00:00
AsahiLinux,wowsomuchempty,1753800248.0,"AFAIK you cannot brick macbooks, so efi partition should be recoverable.",t1_n5su5ql,0.0005524167791008,1.6596347904851427e-06,3.712717807502486e-05,9.33017727220431e-05,0.0001199500038637,2.2578407879336737e-05,1.577512921357993e-05,2025-07-29 14:44:08+00:00
AsahiLinux,wowsomuchempty,1754398171.0,I am still running switch rebuild for 6 hours now.Nixos can shove it. Gonna go back to arch.,t1_n6vuz9a,0.0074386289343237,6.077442321839044e-06,0.0002620426239445,0.0009303975966759,0.0005507664754986,0.0003102852497249,0.0001113730031647,2025-08-05 12:49:31+00:00
AsahiLinux,wowsomuchempty,1754570951.0,I love these!,t3_1mjy8zd,0.000375322648324,1.3579863207269227e-06,2.612182288430631e-05,6.495528214145452e-05,9.827635949477552e-05,1.8343400370213203e-05,1.268882169824792e-05,2025-08-07 12:49:11+00:00
AsahiLinux,wowsomuchempty,1754637544.0,"This part of your post really irked me:*but the upstreaming is going much better and the project no longer has a trace of controversy and drama behind it (e.g. no tantrums in LKML).*I read up on that drama at the time, as best I could. It was an old skool kernel dev Christoph Hellwig blocking Hector's upstream commits. Not because it had any impact on his area of work. He just didn't like rust.Hector had to deal with this non-technical nonsense for a long time. He made an exasperated post somewhere about it (I wouldn't say brigading - I was following him wherever I could, I didn't see it). Anyway, this was enough to turn Linus against him when he called for his help against the blocking from CH (.. see article link below).I was very sad that the Asahi project ended like that for Hector. That it came from Linus, who Hector admired greatly, is perhaps the most bitter part. The innovative genius of marcan is why this project exists at all. I still donate to Asahi and am 100% behind upstreaming before new features. But pinning all the LK ""controversy and drama"" on him, when longstanding issues of toxicity in the Linux kernel community are well known, is totally unfair. Anyway, I hope he is doing well, wherever he is up to nowadays.Some info if you're new:https://www.theregister.com/2025/02/07/linus_torvalds_rust_driver/",t3_1mkb2n6,0.0041758562438189,3.3483022434666054e-06,0.0002275418082717,0.0001575573114678,0.0010138525394722,2.8894541173940524e-05,5.224359847488813e-05,2025-08-08 07:19:04+00:00
AsahiLinux,wowsomuchempty,1754816996.0,"See also`system-analyze blame`As much as I like arch, the fedora remix is the clear winner for asahi.",t1_n7wktce,0.0003903170872945,1.290008299292822e-06,2.49805689236382e-05,7.50017716200091e-05,0.0001048566773533,1.93453197425697e-05,1.146319027611753e-05,2025-08-10 09:09:56+00:00
AsahiLinux,wowsomuchempty,1754851202.0,"With the upstreaming, all distros will one day get class A support. I may hop back to arch..",t1_n7xxfya,0.0007432738202624,1.711153231553908e-06,4.412459384184331e-05,0.0001067962803062,0.0001511417794972,3.452309101703577e-05,2.2152440578793176e-05,2025-08-10 18:40:02+00:00
AsahiLinux,wowsomuchempty,1754905125.0,It'll be ready when it's ready.Please donate monthly (as I do) and be patient.,t3_1mn812b,0.0005396182532422,1.4380448192241602e-06,2.8642305551329628e-05,8.175715629477054e-05,0.0001212084462167,3.079776433878578e-05,1.692806472419761e-05,2025-08-11 09:38:45+00:00
AsahiLinux,wowsomuchempty,1754912010.0,Sway is stable & nice as well.,t3_1mna9r7,0.0003502996405586,1.2156519915151875e-06,2.4001594283618033e-05,6.459010910475627e-05,0.000103776299511,1.6371241144952364e-05,1.1708691090461798e-05,2025-08-11 11:33:30+00:00
AsahiLinux,wowsomuchempty,1754980709.0,Minimal + sway is my bag.,t3_1mnus87,0.0017038462683558,2.1506261873582844e-06,8.183890167856589e-05,0.000133517125505,0.0003633735177572,7.063650991767645e-05,3.24166685459204e-05,2025-08-12 06:38:29+00:00
AsahiLinux,wowsomuchempty,1755006813.0,"Initially maybe, but then used nm man. Iw is nice also, use that on alpine.",t1_n8a3vlw,0.0009813042124733,6.308321189862909e-06,9.44671264733188e-05,0.0002459655806887,0.000303021952277,3.846531399176456e-05,4.41994343418628e-05,2025-08-12 13:53:33+00:00
AsahiLinux,wowsomuchempty,1755029215.0,"Any logs? dmesg, journalctl?",t3_1mogoqi,0.0012687969719991,2.368869445490418e-06,0.000148380495375,0.0001046626784955,0.0002849797310773,2.7549558581085876e-05,3.042425487365108e-05,2025-08-12 20:06:55+00:00
AsahiLinux,wowsomuchempty,1755035493.0,BW as a firefox extension.,t3_1mokdme,0.0009761787368915,1.7604372715140926e-06,4.546042691799812e-05,0.0001235756790265,0.0001870370469987,5.421450623543933e-05,1.665564559516497e-05,2025-08-12 21:51:33+00:00
AsahiLinux,wowsomuchempty,1755068859.0,Try + tofi + dark paper theme + fanwood fonts,t1_n8d62v6,0.0007956965710036,2.4422618025710108e-06,4.237718167132698e-05,0.0001728419592836,0.0001276640687137,5.503403372131288e-05,2.246221811219584e-05,2025-08-13 07:07:39+00:00
AsahiLinux,wowsomuchempty,1755074719.0,"Fstab:`UUID=XXXXXXXXXXXXXXX /myhdd ntfs auto,nofail,noatime,rw,user 0 0`nofail means boot if drive not found.",t1_n8flzcp,0.0251544453203678,3.894964174833149e-05,0.0136403050273656,0.0002677040174603,0.0013397543225437,0.0005130414501763,0.0008391232113353,2025-08-13 08:45:19+00:00
AsahiLinux,wowsomuchempty,1755081563.0,That is the 'auto' part of the line.,t1_n8fzlgh,0.0003946523938793,1.3833393950335449e-06,2.665248757693917e-05,8.498266834067181e-05,9.674715693108736e-05,2.324056367797311e-05,1.2963811059307773e-05,2025-08-13 10:39:23+00:00
AsahiLinux,wowsomuchempty,1755082222.0,"OK, guess I missed your point.",t1_n8g1582,0.0005219722515903,1.3268221437101602e-06,2.9424600143102e-05,7.186293805716559e-05,0.0001265205355593,2.360678990953602e-05,1.3889090951124672e-05,2025-08-13 10:50:22+00:00
AsahiLinux,wowsomuchempty,1756224169.0,"The latest Linux kernel isn't automatically in distros. It takes time to be packaged, tested.Fedora is pretty recent, as is arch. Centos, Debian not as recent the kernel.",t1_n8nnpiu,0.0003620821225922,1.3592988352684188e-06,2.502687493688427e-05,7.251429633470252e-05,9.470722579862922e-05,1.6583357137278654e-05,1.2794561371265443e-05,2025-08-26 16:02:49+00:00
AsahiLinux,wowsomuchempty,1756573648.0,You would.But no more firmware updates. Not recommended.At least 50% of these subreddit posts are people deleting the wrong partition(s).,t1_nbfw2vp,0.0006392176146619,1.7001524383886135e-06,3.4845586924348027e-05,0.0001018164693959,0.0001028329861583,2.404211954853963e-05,1.7644104445935227e-05,2025-08-30 17:07:28+00:00
AsahiLinux,wowsomuchempty,1756573756.0,"I don't think they can be bricked. If you still have it, you can fix it (with another Mac or Linux box) or take it to an apple shop, they'll do it for free.",t1_nbfx68h,0.0023391218855977,3.7628192330885217e-06,0.0001981639798032,0.0001193650168715,0.0003100663889199,9.133151615969835e-05,7.448325050063431e-05,2025-08-30 17:09:16+00:00
AsahiLinux,wowsomuchempty,1757247763.0,There are dozens of us!:D,t1_ncrtnm0,0.0005315443268045,1.6112832099679508e-06,4.212146086501889e-05,8.054362842813134e-05,0.0001120259184972,2.361523365834728e-05,1.4024533811607398e-05,2025-09-07 12:22:43+00:00
AsahiLinux,wowsomuchempty,1757441745.0,FUBAR. What a drama queen.It's not an asahi issue. This is general linux power management. It's never going to be able to beat a Mac on its own power management.Just shutdown and boot up when needed. Boots fast.,t1_nd9oud8,0.0011016411008313,1.5089937051016022e-06,4.8881458496907726e-05,0.000111269611807,0.0002747644030023,3.7063571653561667e-05,2.316153040737845e-05,2025-09-09 18:15:45+00:00
AsahiLinux,wowsomuchempty,1757445740.0,My absolute best to Sven for sticking at this.,t3_1na3sbx,0.0009673789609223,2.28933140533627e-06,8.425740816164762e-05,6.907986244186759e-05,0.0001622785202926,8.602435264037922e-05,2.8688315069302917e-05,2025-09-09 19:22:20+00:00
AsahiLinux,wowsomuchempty,1757446159.0,"https://social.treehouse.systems/@sven/114278224116678776I don't think the phrase 'especially difficult' would be misapplied.As someone who bought an M4 mini on release for Asahi, it'll be a fine day, if it comes.",t1_nck89nx,0.0004264972230885,1.4160078762870398e-06,3.372625360498205e-05,6.762635166523978e-05,0.0001074664323823,1.840862569224555e-05,1.3898419638280757e-05,2025-09-09 19:29:19+00:00
AsahiLinux,wowsomuchempty,1758625063.0,"Minimal with sway, here. M1 airbook. Asahi is great.",t1_nfa7i7i,0.0004145215207245,1.392141598444141e-06,2.7705031243385747e-05,7.363549229921773e-05,0.0001048185804393,2.1055961042293347e-05,1.2668725503317546e-05,2025-09-23 10:57:43+00:00
AsahiLinux,wowsomuchempty,1758702525.0,"I suspect they may have figured out that's one to put on the to do list.I bought an M4 mini, as soon as they came out. Both Sven and Marcan (before he quit) looked into it. Not easy to boot at all.I donate monthly to Asahi. When / if the M4 gets support, it'll be a wonderful day. Right now, the focus is upstreaming the existing patches.",t1_nfwnuob,0.0003935844288207,1.377359012622037e-06,3.259721415815875e-05,6.101996768848039e-05,0.0001035873574437,1.866372076619882e-05,1.3581103303295096e-05,2025-09-24 08:28:45+00:00
AsahiLinux,wowsomuchempty,1758781697.0,https://social.treehouse.systems/@sven/114278224116678776,t1_ng16jwu,0.0004081382649019,1.3053327165835071e-06,3.022624514414929e-05,7.25037170923315e-05,0.0001068526034941,1.6498192053404637e-05,1.1335888302710371e-05,2025-09-25 06:28:17+00:00
AsahiLinux,wowsomuchempty,1758909806.0,Likewise.,t3_1nr8a7r,0.0005792016745544,9.153465612143918e-07,2.2697426175000143e-05,8.03751390776597e-05,0.0001540595840197,2.3343696739175357e-05,6.048018803994637e-06,2025-09-26 18:03:26+00:00
AsahiLinux,wowsomuchempty,1758990068.0,https://asahilinux.org/contribute,t3_1nrxdlo,0.0003741976106539,1.4336860658659134e-06,2.862335713871289e-05,7.35119465389289e-05,9.295772906625643e-05,1.7401516743120737e-05,1.26510030895588e-05,2025-09-27 16:21:08+00:00
AsahiLinux,wowsomuchempty,1759076139.0,Yes. You need macos to maintain firmware updates.,t3_1nss3bh,0.000592517608311,1.5414877907460325e-06,3.171057687723078e-05,9.575626609148458e-05,0.0001262738223886,2.751707870629616e-05,1.6768322893767618e-05,2025-09-28 16:15:39+00:00
AsahiLinux,wowsomuchempty,1759163952.0,"Not asahi, but running in f43 now (upgraded).If you're brave, you could upgrade (my upgrade was fine, but *not asahi*).",t3_1nt2xhv,0.0004064376698806,1.3581236544268904e-06,2.7913878511753865e-05,6.823065632488579e-05,0.0001009115512715,1.8801187252392992e-05,1.3611469512397887e-05,2025-09-29 16:39:12+00:00
AsahiLinux,wowsomuchempty,1759469677.0,"It's not like building a shed.Reverse engineering is not predicable. It relies on research and breakthroughs.Look at nuclear fusion. We know it works, but progress on Earth has been.. slow.Things like ETAs are just wish lists in this area.",t1_nhgtcjn,0.00046269907034,1.3375347407418303e-06,2.6124862415599637e-05,8.58645435073413e-05,0.0001145901987911,2.0196050172671676e-05,1.3189800483814906e-05,2025-10-03 05:34:37+00:00
AsahiLinux,wowsomuchempty,1760267114.0,"Asahi will be a good match for the M1 mini.Development is mostly halted for the time being, as they upstream the work into the kernel. Without doing so, the project would be unsustainable.",t3_1o4htlg,0.00038297456922,1.408252273904509e-06,2.700532968447078e-05,7.283286686288193e-05,9.622942161513492e-05,1.8829536202247255e-05,1.2910978512081783e-05,2025-10-12 11:05:14+00:00
AsahiLinux,wowsomuchempty,1760270099.0,"Well.. there is only one Alyssa. Her work is getting upstreamed into mesa / the kernel. Things are in a pretty good shape on that front. The GPU drivers should be applicable to future M series chips, once they are supported.",t1_nj36he7,0.0003804780135396,1.438828121536062e-06,2.967455657199025e-05,7.118775829439983e-05,9.607575339032336e-05,1.841176890593488e-05,1.3760913134319708e-05,2025-10-12 11:54:59+00:00
AsahiLinux,wowsomuchempty,1760283676.0,"M1 & M2 supported, to date.Consider supporting asahi, if you'd like more supported: https://asahilinux.org/support",t1_nj3o4qk,0.0003709675220306,1.519077841294347e-06,3.1320414564106613e-05,6.146674422780052e-05,9.27240907913074e-05,1.7656308045843616e-05,1.3961041076981928e-05,2025-10-12 15:41:16+00:00
AsahiLinux,wowsomuchempty,1760341634.0,"Yeah. I know, she left for Intel. Was a real downer. But glad to see you!",t1_nj65o5h,0.0160425100475549,4.6049203774600755e-06,0.0006853865343146,0.000321982166497,0.0053698443807661,0.0001681772555457,0.0001605219295015,2025-10-13 07:47:14+00:00
AsahiLinux,wowsomuchempty,1760348720.0,I would just like to tell you how appreciated you were. I hope that all that nastiness is behind you and you are enjoying life with the people who bring you joy.,t1_nj7yhwe,0.0120974220335483,5.850447905686451e-06,0.0003275712078902,0.0003135530860163,0.0019183187978342,0.0006637334008701,0.0001202444473165,2025-10-13 09:45:20+00:00
AsahiLinux,wowsomuchempty,1760391939.0,Yes.,t3_1o5wqco,0.0004895130987279,1.1128174719488015e-06,1.815144241845701e-05,0.0001082970193237,0.0001192418058053,1.873326618806459e-05,9.906643754220568e-06,2025-10-13 21:45:39+00:00
AsahiLinux,wowsomuchempty,1760421962.0,"Asahi is such an exciting project. Progress seems slower now, but the production of magic at break neck speed would, well, break necks - if the work was not upstreamed.Upstreaming is laborious work, but great steps have been made and more and more of the code is now upstreamed to Mesa & the kernel. This means rebuilding everything asahi everytime upstream changes won't be happening. So, more free dev time for new stuff in the future.I too, am a monthly backer and realise that this stage requires patience. I miss Marcan, Alyssa & Lina. Especially Marcan, whose masterdon updates were fascinating (the parts I understand). He also helped so many noobs 121 (inc. myself). I hope he's doing well. The current devs are also brilliant, it's just the talent was insane before.",t3_1o63fty,0.0030969325453042,1.886565314634936e-06,0.0001307821512455,0.0001010752748697,0.0010243981378152,2.9224594982224517e-05,3.662829112727195e-05,2025-10-14 06:06:02+00:00
AsahiLinux,wowsomuchempty,1760434821.0,"Macbooks cannot be bricked.Worst case - you take it to an Apple shop, they restore it for free.You could even do this yourself, with another Mac or even another Linux machine.",t3_1o6ateq,0.0012278242502361,1.9412882465985604e-06,6.947008660063148e-05,8.820722723612562e-05,0.0002305078232893,3.507355722831562e-05,3.001835648319684e-05,2025-10-14 09:40:21+00:00
AsahiLinux,wowsomuchempty,1760435901.0,The main issues seem to be people trying to delete asahi and deleting the Apple recovery partition.So.. don't do that?,t1_njf6zrf,0.0008117069955915,3.2172349619941087e-06,5.3064148232806474e-05,0.0001356098509859,8.042221452342346e-05,3.6313358577899635e-05,3.8471513107651845e-05,2025-10-14 09:58:21+00:00
AsahiLinux,wowsomuchempty,1760630034.0,"You do not *want* to get rid of the old kernel.Should there be an issue, you may need to boot it to recover your system.",t3_1o84nja,0.0010377429425716,1.9078552213613875e-06,4.909087874693796e-05,8.793227607384324e-05,0.0001692326768534,5.310033884597942e-05,2.762027179414872e-05,2025-10-16 15:53:54+00:00
AsahiLinux,wowsomuchempty,1760630078.0,"You do not *want* to get rid of the old kernel.Should there be an issue, you may need to boot it to recover your system.",t3_1o84nja,0.0010377429425716,1.9078552213613875e-06,4.909087874693796e-05,8.793227607384324e-05,0.0001692326768534,5.310033884597942e-05,2.762027179414872e-05,2025-10-16 15:54:38+00:00
AsahiLinux,wowsomuchempty,1760641055.0,"If u know, u know.",t1_nju3e08,0.0009885700419545,1.6350768419215456e-06,4.704709135694429e-05,0.0001217159733641,0.0001774606353137,3.9909562474349514e-05,1.701351720839739e-05,2025-10-16 18:57:35+00:00
AsahiLinux,wowsomuchempty,1760705781.0,"""I would love to help""Great!https://asahilinux.org/contribute",t3_1o906rl,0.0004373856645543,1.7510571979073577e-06,3.987018862972036e-05,6.261166709009558e-05,9.283539111493155e-05,2.3395066818920895e-05,1.7990139895118773e-05,2025-10-17 12:56:21+00:00
AsahiLinux,wowsomuchempty,1760897555.0,"I've upgraded 39,40,41,42. All good. Updates fine.",t3_1oawb8i,0.0003298418887425,1.5366573506980783e-06,2.707949897740036e-05,7.592119072796777e-05,8.668345981277525e-05,1.9382770915399306e-05,1.2883108865935355e-05,2025-10-19 18:12:35+00:00
AsahiLinux,wowsomuchempty,1761116950.0,Shush now.,t1_nkqg6qa,0.1607188582420349,5.402236638474278e-05,0.0052721458487212,0.0007780789746902,0.0085280267521739,0.0388294234871864,0.0005670457030646,2025-10-22 07:09:10+00:00
AsahiLinux,wowsomuchempty,1761143351.0,We appreciate you!,t1_nkqri44,0.0016662039561197,1.4451525203185156e-06,3.300233947811648e-05,0.0003166128299199,0.000318570935633,4.203658681944944e-05,2.804873838613275e-05,2025-10-22 14:29:11+00:00
AsahiLinux,wowsomuchempty,1761160762.0,Lovely stuff.,t3_1odgj53,0.0004584843700286,1.2649740028791712e-06,3.0989824153948575e-05,6.610261334571987e-05,0.0001195511431433,1.712827361188829e-05,1.4760278645553626e-05,2025-10-22 19:19:22+00:00
AsahiLinux,wowsomuchempty,1761304765.0,Great stuff! Keep fighting the good fight.,t3_1oes29v,0.0011428550351411,2.505168822608539e-06,5.222412073635496e-05,0.000147295606439,0.0001520995865575,0.0001947286364156,1.929064092109911e-05,2025-10-24 11:19:25+00:00
AsahiLinux,wowsomuchempty,1761311282.0,"Can just upgrade, I'd recommend that.",t1_nl4e5zt,0.0004388398956507,1.3442264616969624e-06,2.5600058506825007e-05,7.563128747278824e-05,0.0001071737424354,2.4700942958588712e-05,1.3181803296902215e-05,2025-10-24 13:08:02+00:00
AsahiLinux,wowsomuchempty,1761430206.0,Fedora remix is the way to go.,t3_1og10se,0.0005619659787043,1.1654955187623273e-06,2.8416352506610565e-05,7.805041968822479e-05,0.0001516295451438,2.149347164959181e-05,1.159652128990274e-05,2025-10-25 22:10:06+00:00
AsahiLinux,wowsomuchempty,1761468039.0,"Fedora is in partnership with asahi - so while others are possible (arch, gentoo), atm they are second class citizens.Upstreaming to the kernel will level this, but rn fedora is the best choice for latest updates.",t1_nlepz3z,0.0003864358877763,1.1711510978784645e-06,2.3277185391634703e-05,7.504491077270359e-05,0.0001124587506637,1.5104841622815002e-05,1.1217315659450833e-05,2025-10-26 08:40:39+00:00
AsahiLinux,wowsomuchempty,1761492144.0,Sven legend!,t3_1ogm9ff,0.0011946185259148,1.9159726889483863e-06,4.7101679228944704e-05,0.0001403558562742,0.0002422275138087,4.250471101840958e-05,1.5151918887568172e-05,2025-10-26 15:22:24+00:00
AsahiLinux,wowsomuchempty,1761492629.0,"I use both.Pasting a script into a terminal on macos has a two second pause, on Linux it's instantaneous.",t3_1ogkcqq,0.000448367500212,1.631648274269537e-06,3.019829819095321e-05,7.659318362129852e-05,9.238226630259304e-05,2.568163108662702e-05,1.6533629604964517e-05,2025-10-26 15:30:29+00:00
AsahiLinux,wowsomuchempty,1761515870.0,Thanks!,t1_nljskbl,0.0015041627921164,1.3179828783904668e-06,3.0319000870804302e-05,0.0002958758559543,0.0003096374857705,3.8694484828738496e-05,2.1788631784147583e-05,2025-10-26 21:57:50+00:00
AsahiLinux,wowsomuchempty,1761772995.0,Does he have WiFi when he boots into macos?Gemini *yueaachh*,t3_1ojdq01,0.0188846383243799,1.8033048036159016e-05,0.001918091555126,0.0012437221594154,0.0024238186888396,0.0002694246941246,0.001542052370496,2025-10-29 21:23:15+00:00
AsahiLinux,wowsomuchempty,1761864179.0,Asahi is a community effort. What's the problem with your entitlement?Do you even donate monthly?,t3_1okcg82,0.0005789144197478,1.2120055998821044e-06,2.858930929505732e-05,8.024456474231556e-05,0.0001418432366335,2.0052346371812743e-05,1.2998720194445925e-05,2025-10-30 22:42:59+00:00
AsahiLinux,wowsomuchempty,1761885599.0,Fair point. I will try to do better.,t1_nmavogp,0.0004208039899822,1.531028487988806e-06,3.527047738316469e-05,6.439330900320783e-05,9.881717414828016e-05,2.3382153813145123e-05,1.4214145267033018e-05,2025-10-31 04:39:59+00:00
AsahiLinux,wowsomuchempty,1762282858.0,"There are other options available, gentoo, arch, Ubuntu.. ",t3_1oofw8n,0.0004726940242107,1.1646677648968762e-06,2.320263047295157e-05,9.41991456784308e-05,0.0001310714142164,1.9142438759445213e-05,1.1555387573025657e-05,2025-11-04 19:00:58+00:00
AsahiLinux,wowsomuchempty,1762842859.0,Slow charging a battery does not degrade them.Keeping between 30-80% helps.. But not hugely.,t3_1otzjl1,0.0003941955510526,1.389275553265179e-06,2.3763022909406573e-05,8.141491707647219e-05,0.000101367062598,2.055230834230315e-05,1.3305601896718144e-05,2025-11-11 06:34:19+00:00
AsahiLinux,wowsomuchempty,1763213100.0,Formatting a drive removes space.You need to format (use a filesystem) to use the drive.Not a Linux specific thing.,t3_1oxi7hz,0.0004089873400516,1.4777283467992677e-06,2.6485440685064532e-05,8.608072675997391e-05,9.662444790592416e-05,2.3386257453239523e-05,1.4445639862969983e-05,2025-11-15 13:25:00+00:00
AsahiLinux,wowsomuchempty,1763233593.0,"You lose maybe 5%, so 70 a bit high.",t1_np0aikb,0.0005866960273124,1.5781031379447086e-06,4.59660186606925e-05,6.953231786610559e-05,0.0001296079717576,2.3938984668347985e-05,1.920012255141046e-05,2025-11-15 19:06:33+00:00
AsahiLinux,wowsomuchempty,1763453103.0,Thanks Lina! ,t1_npgj1pc,0.0005311156273819,1.1078279840148753e-06,3.102439222857356e-05,8.059964602580294e-05,0.0001426963863195,1.5134053683141246e-05,1.0543771168158855e-05,2025-11-18 08:05:03+00:00
AsahiLinux,wowsomuchempty,1763648991.0,https://github.com/chadmed/triforceWhat is your hardware? (M1 macbook air?)What is the OS (fedora?)What is the version of the OS (f42?),t3_1p24dqi,0.0003705553826875,1.4591117860618397e-06,3.2006981200538576e-05,6.387651228578761e-05,9.419716661795974e-05,1.6943487935350277e-05,1.3166175449441653e-05,2025-11-20 14:29:51+00:00
AsahiLinux,wowsomuchempty,1763979661.0,"No clear answer, we just hope. I also have a mini M4.",t1_nqhzj6z,0.0005677660810761,2.1993475911585847e-06,5.733765283366665e-05,7.212767377495766e-05,9.842163854045792e-05,3.3931431971723214e-05,2.4678525733179413e-05,2025-11-24 10:21:01+00:00
AsahiLinux,wowsomuchempty,1764153988.0,OK for M1.,t3_1p6rvc7,0.0008195630507543,1.971684241652838e-06,6.786861922591925e-05,8.50205251481384e-05,0.0001846267550718,3.434101745369844e-05,1.984214577532839e-05,2025-11-26 10:46:28+00:00
AsahiLinux,wowsomuchempty,1764433529.0,"You are most appreciated, thank you.",t1_nrdjk96,0.0003619782219175,1.3236272025096696e-06,2.620380837470293e-05,5.9099893405800685e-05,9.844022133620456e-05,1.7033778931363486e-05,1.3056417628831696e-05,2025-11-29 16:25:29+00:00
AsahiLinux,wowsomuchempty,1764433766.0,"I still support Marcan with a monthly donation.I remember him remarking that the more Asahi progressed, the more was expected and the fewer the donations.Of course, he left the project some time ago. It's only a few dollars a month, but it is symbolic that he is not forgotten and is still appreciated.",t1_nrd3xto,0.0003873598179779,1.159222506430524e-06,2.38001266552601e-05,6.763506098650396e-05,0.0001098896609619,1.5839936168049462e-05,1.1467542208265511e-05,2025-11-29 16:29:26+00:00
AsahiLinux,wowsomuchempty,1764439197.0,"The idea of working for corporate mass surveillance doesn't float your boat? No interest in making a key impact in Project Nimbus?I hate Google. Tbh, the big fish are all just as bad. Surprised to see Microsoft refuse a Nimbus style project recently.I hope your work & life are both bringing you joy.",t1_nq9l3r7,0.002298004925251,2.12250188269536e-06,0.0001073021776392,0.0001398816821165,0.0004725235048681,5.604637044598349e-05,3.213479430996813e-05,2025-11-29 17:59:57+00:00
AsahiLinux,wowsomuchempty,1764580467.0,Greatly missed.,t1_nrk1fxp,0.0008678693557158,1.5262540955518489e-06,3.536326403263956e-05,9.18146688491106e-05,0.0001821208861656,4.8095855163410306e-05,1.5873400116106495e-05,2025-12-01 09:14:27+00:00
AsahiLinux,wowsomuchempty,1765021314.0,Linux reserves free ram to run better.Reserved ram isn't bad.,t1_nsgb4o6,0.0009608058608137,1.8674066950552517e-06,4.121617166674696e-05,0.0001216472883243,0.0001701020664768,7.141329115256667e-05,2.534057421144098e-05,2025-12-06 11:41:54+00:00
AsahiLinux,wowsomuchempty,1765093416.0,"The project is progressing at a normal pace.It was progressing at an insanely fast pace, due to the likes of Hector, Alyssa & Lina.Upstreaming is painstaking work, with little difference to the end user. Essential, though, for the longevity of project.Things are still progressing, we were just spoilt before. ",t3_1pgc01z,0.000370678724721,1.4221736819308717e-06,2.922506791946944e-05,6.56954653095454e-05,9.115826833294705e-05,1.6742405932745896e-05,1.3658463103638496e-05,2025-12-07 07:43:36+00:00
AsahiLinux,wowsomuchempty,1765560984.0,"I always go minimal, then add.Sway is nice. Niri, also.",t3_1pkp2vc,0.0004733613459393,1.4145541626930935e-06,3.28765636368189e-05,8.140947466017678e-05,0.0001147365910583,2.004297675739508e-05,1.3149561709724368e-05,2025-12-12 17:36:24+00:00
